year,max_game_date,rn,x_numer,x_denom,xwoba,player_name,player_id,league_avg_xwoba,rn_fwd
2026,2026-09-11 17:00:00 PDT,1,29.771640,100,0.2977164,Anthony Seigler,678011,0.30107619047619044,1
2026,2026-09-11 17:00:00 PDT,2,29.756640,100,0.2975664,Anthony Seigler,678011,0.30107619047619044,2
2026,2026-08-27 17:00:00 PDT,3,29.867640,100,0.2986764,Anthony Seigler,678011,0.30107619047619044,3
2026,2026-08-27 17:00:00 PDT,4,29.867640,100,0.2986764,Anthony Seigler,678011,0.30107619047619044,4
2026,2026-08-25 17:00:00 PDT,5,29.974640,100,0.2997464,Anthony Seigler,678011,0.30107619047619044,5
2026,2026-08-25 17:00:00 PDT,6,29.974640,100,0.2997464,Anthony Seigler,678011,0.30107619047619044,6
2026,2026-08-25 17:00:00 PDT,7,30.489004,100,0.30489004,Anthony Seigler,678011,0.30107619047619044,7
2026,2026-08-24 17:00:00 PDT,8,30.733004,100,0.30733004,Anthony Seigler,678011,0.30107619047619044,8
2026,2026-08-24 17:00:00 PDT,9,30.910640,100,0.3091064,Anthony Seigler,678011,0.30107619047619044,9
2026,2026-08-24 17:00:00 PDT,10,30.785640,100,0.3078564,Anthony Seigler,678011,0.30107619047619044,10
2026,2026-08-24 17:00:00 PDT,11,30.788640,100,0.3078864,Anthony Seigler,678011,0.30107619047619044,11
2026,2026-08-23 17:00:00 PDT,12,30.925276,100,0.30925276,Anthony Seigler,678011,0.30107619047619044,12
2026,2026-08-23 17:00:00 PDT,13,30.882276,100,0.30882276,Anthony Seigler,678011,0.30107619047619044,13
2026,2026-08-23 17:00:00 PDT,14,30.551912,100,0.30551912,Anthony Seigler,678011,0.30107619047619044,14
2026,2026-08-23 17:00:00 PDT,15,31.155912,100,0.31155912,Anthony Seigler,678011,0.30107619047619044,15
2026,2026-08-15 17:00:00 PDT,16,31.079912,100,0.31079912,Anthony Seigler,678011,0.30107619047619044,16
2026,2026-08-15 17:00:00 PDT,17,31.174912,100,0.31174912,Anthony Seigler,678011,0.30107619047619044,17
2026,2026-08-15 17:00:00 PDT,18,30.476548,100,0.30476548,Anthony Seigler,678011,0.30107619047619044,18
2026,2026-08-14 17:00:00 PDT,19,30.472548,100,0.30472548,Anthony Seigler,678011,0.30107619047619044,19
2026,2026-08-09 17:00:00 PDT,20,30.839859,100,0.30839859,Anthony Seigler,678011,0.30107619047619044,20
2026,2026-08-09 17:00:00 PDT,21,30.879859,100,0.30879859,Anthony Seigler,678011,0.30107619047619044,21
2026,2026-08-09 17:00:00 PDT,22,31.061859,100,0.31061859,Anthony Seigler,678011,0.30107619047619044,22
2026,2026-08-08 17:00:00 PDT,23,31.755223,100,0.31755223,Anthony Seigler,678011,0.30107619047619044,23
2026,2026-08-08 17:00:00 PDT,24,31.697223,100,0.31697223,Anthony Seigler,678011,0.30107619047619044,24
2026,2026-08-08 17:00:00 PDT,25,31.713223,100,0.31713223,Anthony Seigler,678011,0.30107619047619044,25
2026,2026-08-08 17:00:00 PDT,26,31.014859,100,0.31014859,Anthony Seigler,678011,0.30107619047619044,26
2026,2026-08-06 17:00:00 PDT,27,30.827223,100,0.30827223,Anthony Seigler,678011,0.30107619047619044,27
2026,2026-08-06 17:00:00 PDT,28,30.869223,100,0.30869223,Anthony Seigler,678011,0.30107619047619044,28
2026,2026-08-06 17:00:00 PDT,29,30.806223,100,0.30806223,Anthony Seigler,678011,0.30107619047619044,29
2026,2026-08-06 17:00:00 PDT,30,29.878223,100,0.29878223,Anthony Seigler,678011,0.30107619047619044,30
2026,2026-08-06 17:00:00 PDT,31,29.878223,100,0.29878223,Anthony Seigler,678011,0.30107619047619044,31
2026,2026-08-05 17:00:00 PDT,32,29.479223,100,0.29479223,Anthony Seigler,678011,0.30107619047619044,32
2026,2026-08-05 17:00:00 PDT,33,29.878223,100,0.29878223,Anthony Seigler,678011,0.30107619047619044,33
2026,2026-08-05 17:00:00 PDT,34,30.265223,100,0.30265223,Anthony Seigler,678011,0.30107619047619044,34
2026,2026-08-05 17:00:00 PDT,35,30.265223,100,0.30265223,Anthony Seigler,678011,0.30107619047619044,35
2026,2026-08-05 17:00:00 PDT,36,30.357223,100,0.30357223,Anthony Seigler,678011,0.30107619047619044,36
2026,2026-08-05 17:00:00 PDT,37,29.647223,100,0.29647223,Anthony Seigler,678011,0.30107619047619044,37
2026,2026-08-04 17:00:00 PDT,38,29.647223,100,0.29647223,Anthony Seigler,678011,0.30107619047619044,38
2026,2026-08-04 17:00:00 PDT,39,29.734223,100,0.29734223,Anthony Seigler,678011,0.30107619047619044,39
2026,2026-08-03 17:00:00 PDT,40,30.432587,100,0.30432587,Anthony Seigler,678011,0.30107619047619044,40
2026,2026-08-01 17:00:00 PDT,41,30.754587,100,0.30754587,Anthony Seigler,678011,0.30107619047619044,41
2026,2026-07-31 17:00:00 PDT,42,31.111587,100,0.31111587,Anthony Seigler,678011,0.30107619047619044,42
2026,2026-07-31 17:00:00 PDT,43,30.651587,100,0.30651587,Anthony Seigler,678011,0.30107619047619044,43
2026,2026-07-31 17:00:00 PDT,44,31.101587,100,0.31101587,Anthony Seigler,678011,0.30107619047619044,44
2026,2026-07-31 17:00:00 PDT,45,31.552587,100,0.31552587,Anthony Seigler,678011,0.30107619047619044,45
2026,2026-07-30 17:00:00 PDT,46,32.204587,100,0.32204587,Anthony Seigler,678011,0.30107619047619044,46
2026,2026-07-30 17:00:00 PDT,47,32.353587,100,0.32353587,Anthony Seigler,678011,0.30107619047619044,47
2026,2026-07-30 17:00:00 PDT,48,32.343587,100,0.32343587,Anthony Seigler,678011,0.30107619047619044,48
2026,2026-07-29 17:00:00 PDT,49,32.364587,100,0.32364587,Anthony Seigler,678011,0.30107619047619044,49
2026,2026-07-29 17:00:00 PDT,50,32.346587,100,0.32346587,Anthony Seigler,678011,0.30107619047619044,50
2026,2026-07-29 17:00:00 PDT,51,32.408587,100,0.32408587,Anthony Seigler,678011,0.30107619047619044,51
2026,2026-07-29 17:00:00 PDT,52,32.640587,100,0.32640587,Anthony Seigler,678011,0.30107619047619044,52
2026,2026-07-29 17:00:00 PDT,53,32.988587,100,0.32988587,Anthony Seigler,678011,0.30107619047619044,53
2026,2026-07-27 17:00:00 PDT,54,33.502587,100,0.33502587,Anthony Seigler,678011,0.30107619047619044,54
2026,2026-07-27 17:00:00 PDT,55,33.340951,100,0.33340951,Anthony Seigler,678011,0.30107619047619044,55
2026,2026-07-26 17:00:00 PDT,56,32.862587,100,0.32862587,Anthony Seigler,678011,0.30107619047619044,56
2026,2026-07-26 17:00:00 PDT,57,33.084587,100,0.33084587,Anthony Seigler,678011,0.30107619047619044,57
2026,2026-07-24 17:00:00 PDT,58,33.090587,100,0.33090587,Anthony Seigler,678011,0.30107619047619044,58
2026,2026-07-24 17:00:00 PDT,59,32.392223,100,0.32392223,Anthony Seigler,678011,0.30107619047619044,59
2026,2026-07-24 17:00:00 PDT,60,32.934223,100,0.32934223,Anthony Seigler,678011,0.30107619047619044,60
2026,2026-07-24 17:00:00 PDT,61,32.987223,100,0.32987223,Anthony Seigler,678011,0.30107619047619044,61
2026,2026-07-23 17:00:00 PDT,62,32.978223,100,0.32978223,Anthony Seigler,678011,0.30107619047619044,62
2026,2026-07-23 17:00:00 PDT,63,32.562223,100,0.32562223,Anthony Seigler,678011,0.30107619047619044,63
2026,2026-07-23 17:00:00 PDT,64,32.235223,100,0.32235223,Anthony Seigler,678011,0.30107619047619044,64
2026,2026-07-23 17:00:00 PDT,65,32.107223,100,0.32107223,Anthony Seigler,678011,0.30107619047619044,65
2026,2026-07-23 17:00:00 PDT,66,32.124223,100,0.32124223,Anthony Seigler,678011,0.30107619047619044,66
2026,2026-07-21 17:00:00 PDT,67,31.891223,100,0.31891223,Anthony Seigler,678011,0.30107619047619044,67
2026,2026-07-21 17:00:00 PDT,68,31.013223,100,0.31013223,Anthony Seigler,678011,0.30107619047619044,68
2026,2026-07-21 17:00:00 PDT,69,31.642223,100,0.31642223,Anthony Seigler,678011,0.30107619047619044,69
2026,2026-07-21 17:00:00 PDT,70,32.340587,100,0.32340587,Anthony Seigler,678011,0.30107619047619044,70
2026,2026-07-19 17:00:00 PDT,71,31.919587,100,0.31919587,Anthony Seigler,678011,0.30107619047619044,71
2026,2026-07-19 17:00:00 PDT,72,32.438587,100,0.32438587,Anthony Seigler,678011,0.30107619047619044,72
2026,2026-07-19 17:00:00 PDT,73,32.453587,100,0.32453587,Anthony Seigler,678011,0.30107619047619044,73
2026,2026-07-19 17:00:00 PDT,74,32.557587,100,0.32557587,Anthony Seigler,678011,0.30107619047619044,74
2026,2026-07-17 17:00:00 PDT,75,32.299587,100,0.32299587,Anthony Seigler,678011,0.30107619047619044,75
2026,2026-07-17 17:00:00 PDT,76,32.299587,100,0.32299587,Anthony Seigler,678011,0.30107619047619044,76
2026,2026-07-17 17:00:00 PDT,77,32.229587,100,0.32229587,Anthony Seigler,678011,0.30107619047619044,77
2026,2026-07-17 17:00:00 PDT,78,32.229587,100,0.32229587,Anthony Seigler,678011,0.30107619047619044,78
2026,2026-07-16 17:00:00 PDT,79,32.368587,100,0.32368587,Anthony Seigler,678011,0.30107619047619044,79
2026,2026-07-16 17:00:00 PDT,80,32.736587,100,0.32736587,Anthony Seigler,678011,0.30107619047619044,80
2026,2026-07-16 17:00:00 PDT,81,32.479587,100,0.32479587,Anthony Seigler,678011,0.30107619047619044,81
2026,2026-07-16 17:00:00 PDT,82,31.674587,100,0.31674587,Anthony Seigler,678011,0.30107619047619044,82
2026,2026-07-16 17:00:00 PDT,83,31.245587,100,0.31245587,Anthony Seigler,678011,0.30107619047619044,83
2026,2026-07-16 17:00:00 PDT,84,31.056587,100,0.31056587,Anthony Seigler,678011,0.30107619047619044,84
2026,2026-07-16 17:00:00 PDT,85,31.269223,100,0.31269223,Anthony Seigler,678011,0.30107619047619044,85
2026,2026-07-16 17:00:00 PDT,86,30.206720,100,0.3020672,Anthony Seigler,678011,0.30107619047619044,86
2026,2026-07-16 17:00:00 PDT,87,30.152720,100,0.3015272,Anthony Seigler,678011,0.30107619047619044,87
2026,2026-07-11 17:00:00 PDT,88,30.569720,100,0.3056972,Anthony Seigler,678011,0.30107619047619044,88
2026,2026-07-11 17:00:00 PDT,89,30.706217,100,0.30706217,Anthony Seigler,678011,0.30107619047619044,89
2026,2026-07-11 17:00:00 PDT,90,30.701217,100,0.30701217,Anthony Seigler,678011,0.30107619047619044,90
2026,2026-07-11 17:00:00 PDT,91,30.606217,100,0.30606217,Anthony Seigler,678011,0.30107619047619044,91
2026,2026-07-11 17:00:00 PDT,92,31.294714,100,0.31294714,Anthony Seigler,678011,0.30107619047619044,92
2026,2026-07-10 17:00:00 PDT,93,31.242714,100,0.31242714,Anthony Seigler,678011,0.30107619047619044,93
2026,2026-07-10 17:00:00 PDT,94,31.148714,100,0.31148714,Anthony Seigler,678011,0.30107619047619044,94
2026,2026-07-10 17:00:00 PDT,95,31.513211,100,0.31513211,Anthony Seigler,678011,0.30107619047619044,95
2026,2026-07-10 17:00:00 PDT,96,31.775708,100,0.31775708,Anthony Seigler,678011,0.30107619047619044,96
2026,2026-07-10 17:00:00 PDT,97,31.738708,100,0.31738708,Anthony Seigler,678011,0.30107619047619044,97
2026,2026-07-09 17:00:00 PDT,98,31.738708,100,0.31738708,Anthony Seigler,678011,0.30107619047619044,98
2026,2026-07-09 17:00:00 PDT,99,32.123708,100,0.32123708,Anthony Seigler,678011,0.30107619047619044,99
2026,2026-07-09 17:00:00 PDT,100,31.500708,100,0.31500708,Anthony Seigler,678011,0.30107619047619044,100
2026,2026-09-24 17:00:00 PDT,1,42.919432,100,0.42919432,Mickey Gasper,681508,0.30107619047619044,1
2026,2026-09-24 17:00:00 PDT,2,43.617796,100,0.43617796,Mickey Gasper,681508,0.30107619047619044,2
2026,2026-09-24 17:00:00 PDT,3,44.156796,100,0.44156796,Mickey Gasper,681508,0.30107619047619044,3
2026,2026-09-23 17:00:00 PDT,4,45.744796,100,0.45744796,Mickey Gasper,681508,0.30107619047619044,4
2026,2026-09-23 17:00:00 PDT,5,45.145432,100,0.45145432,Mickey Gasper,681508,0.30107619047619044,5
2026,2026-09-23 17:00:00 PDT,6,45.145432,100,0.45145432,Mickey Gasper,681508,0.30107619047619044,6
2026,2026-09-22 17:00:00 PDT,7,45.419432,100,0.45419432,Mickey Gasper,681508,0.30107619047619044,7
2026,2026-09-21 17:00:00 PDT,8,45.464432,100,0.45464432,Mickey Gasper,681508,0.30107619047619044,8
2026,2026-09-19 17:00:00 PDT,9,43.965432,100,0.43965432,Mickey Gasper,681508,0.30107619047619044,9
2026,2026-09-19 17:00:00 PDT,10,44.021432,100,0.44021432,Mickey Gasper,681508,0.30107619047619044,10
2026,2026-09-19 17:00:00 PDT,11,44.096432,100,0.44096432,Mickey Gasper,681508,0.30107619047619044,11
2026,2026-09-18 17:00:00 PDT,12,44.096432,100,0.44096432,Mickey Gasper,681508,0.30107619047619044,12
2026,2026-09-18 17:00:00 PDT,13,44.411432,100,0.44411432,Mickey Gasper,681508,0.30107619047619044,13
2026,2026-09-18 17:00:00 PDT,14,44.453432,100,0.44453432,Mickey Gasper,681508,0.30107619047619044,14
2026,2026-09-18 17:00:00 PDT,15,44.966796,100,0.44966796,Mickey Gasper,681508,0.30107619047619044,15
2026,2026-09-17 17:00:00 PDT,16,45.859796,100,0.45859796,Mickey Gasper,681508,0.30107619047619044,16
2026,2026-09-17 17:00:00 PDT,17,45.983796,100,0.45983796,Mickey Gasper,681508,0.30107619047619044,17
2026,2026-09-16 17:00:00 PDT,18,46.565160,100,0.4656516,Mickey Gasper,681508,0.30107619047619044,18
2026,2026-09-16 17:00:00 PDT,19,46.564160,100,0.4656416,Mickey Gasper,681508,0.30107619047619044,19
2026,2026-09-15 17:00:00 PDT,20,46.628160,100,0.4662816,Mickey Gasper,681508,0.30107619047619044,20
2026,2026-09-14 17:00:00 PDT,21,46.527160,100,0.4652716,Mickey Gasper,681508,0.30107619047619044,21
2026,2026-09-14 17:00:00 PDT,22,46.171796,100,0.46171796,Mickey Gasper,681508,0.30107619047619044,22
2026,2026-09-14 17:00:00 PDT,23,45.445796,100,0.45445796,Mickey Gasper,681508,0.30107619047619044,23
2026,2026-09-11 17:00:00 PDT,24,45.787796,100,0.45787796,Mickey Gasper,681508,0.30107619047619044,24
2026,2026-09-11 17:00:00 PDT,25,45.470796,100,0.45470796,Mickey Gasper,681508,0.30107619047619044,25
2026,2026-09-11 17:00:00 PDT,26,45.858796,100,0.45858796,Mickey Gasper,681508,0.30107619047619044,26
2026,2026-09-11 17:00:00 PDT,27,45.806796,100,0.45806796,Mickey Gasper,681508,0.30107619047619044,27
2026,2026-09-10 17:00:00 PDT,28,45.955796,100,0.45955796,Mickey Gasper,681508,0.30107619047619044,28
2026,2026-09-10 17:00:00 PDT,29,44.510796,100,0.44510796,Mickey Gasper,681508,0.30107619047619044,29
2026,2026-09-10 17:00:00 PDT,30,45.680796,100,0.45680796,Mickey Gasper,681508,0.30107619047619044,30
2026,2026-09-08 17:00:00 PDT,31,45.814796,100,0.45814796,Mickey Gasper,681508,0.30107619047619044,31
2026,2026-09-08 17:00:00 PDT,32,46.500160,100,0.4650016,Mickey Gasper,681508,0.30107619047619044,32
2026,2026-09-08 17:00:00 PDT,33,46.500160,100,0.4650016,Mickey Gasper,681508,0.30107619047619044,33
2026,2026-09-08 17:00:00 PDT,34,46.023160,100,0.4602316,Mickey Gasper,681508,0.30107619047619044,34
2026,2026-09-06 17:00:00 PDT,35,46.350160,100,0.4635016,Mickey Gasper,681508,0.30107619047619044,35
2026,2026-09-06 17:00:00 PDT,36,46.479160,100,0.4647916,Mickey Gasper,681508,0.30107619047619044,36
2026,2026-09-06 17:00:00 PDT,37,46.386160,100,0.4638616,Mickey Gasper,681508,0.30107619047619044,37
2026,2026-09-06 17:00:00 PDT,38,46.484160,100,0.4648416,Mickey Gasper,681508,0.30107619047619044,38
2026,2026-09-05 17:00:00 PDT,39,45.941796,100,0.45941796,Mickey Gasper,681508,0.30107619047619044,39
2026,2026-09-05 17:00:00 PDT,40,45.336432,100,0.45336432,Mickey Gasper,681508,0.30107619047619044,40
2026,2026-09-05 17:00:00 PDT,41,45.305485,100,0.45305485,Mickey Gasper,681508,0.30107619047619044,41
2026,2026-09-05 17:00:00 PDT,42,45.095485,100,0.45095485,Mickey Gasper,681508,0.30107619047619044,42
2026,2026-09-04 17:00:00 PDT,43,45.095485,100,0.45095485,Mickey Gasper,681508,0.30107619047619044,43
2026,2026-09-04 17:00:00 PDT,44,45.151485,100,0.45151485,Mickey Gasper,681508,0.30107619047619044,44
2026,2026-09-04 17:00:00 PDT,45,44.701121,100,0.44701121,Mickey Gasper,681508,0.30107619047619044,45
2026,2026-09-04 17:00:00 PDT,46,44.649121,100,0.44649121,Mickey Gasper,681508,0.30107619047619044,46
2026,2026-09-04 17:00:00 PDT,47,44.550121,100,0.44550121,Mickey Gasper,681508,0.30107619047619044,47
2026,2026-09-03 17:00:00 PDT,48,43.890757,100,0.43890757,Mickey Gasper,681508,0.30107619047619044,48
2026,2026-09-03 17:00:00 PDT,49,43.911757,100,0.43911757,Mickey Gasper,681508,0.30107619047619044,49
2026,2026-09-03 17:00:00 PDT,50,43.483446,100,0.43483446,Mickey Gasper,681508,0.30107619047619044,50
2026,2026-09-03 17:00:00 PDT,51,43.295446,100,0.43295446,Mickey Gasper,681508,0.30107619047619044,51
2026,2026-09-03 17:00:00 PDT,52,42.960446,100,0.42960446,Mickey Gasper,681508,0.30107619047619044,52
2026,2026-09-02 17:00:00 PDT,53,41.428446,100,0.41428446,Mickey Gasper,681508,0.30107619047619044,53
2026,2026-09-02 17:00:00 PDT,54,41.985446,100,0.41985446,Mickey Gasper,681508,0.30107619047619044,54
2026,2026-09-02 17:00:00 PDT,55,42.451446,100,0.42451446,Mickey Gasper,681508,0.30107619047619044,55
2026,2026-09-01 17:00:00 PDT,56,42.451446,100,0.42451446,Mickey Gasper,681508,0.30107619047619044,56
2026,2026-09-01 17:00:00 PDT,57,42.461446,100,0.42461446,Mickey Gasper,681508,0.30107619047619044,57
2026,2026-09-01 17:00:00 PDT,58,42.122446,100,0.42122446,Mickey Gasper,681508,0.30107619047619044,58
2026,2026-09-01 17:00:00 PDT,59,41.292446,100,0.41292446,Mickey Gasper,681508,0.30107619047619044,59
2026,2026-09-01 17:00:00 PDT,60,41.756446,100,0.41756446,Mickey Gasper,681508,0.30107619047619044,60
2026,2026-08-31 17:00:00 PDT,61,40.893446,100,0.40893446,Mickey Gasper,681508,0.30107619047619044,61
2026,2026-08-31 17:00:00 PDT,62,40.730446,100,0.40730446,Mickey Gasper,681508,0.30107619047619044,62
2026,2026-08-31 17:00:00 PDT,63,40.730446,100,0.40730446,Mickey Gasper,681508,0.30107619047619044,63
2026,2026-08-31 17:00:00 PDT,64,40.095082,100,0.40095082,Mickey Gasper,681508,0.30107619047619044,64
2026,2026-08-30 17:00:00 PDT,65,39.099446,100,0.39099446,Mickey Gasper,681508,0.30107619047619044,65
2026,2026-08-30 17:00:00 PDT,66,39.306446,100,0.39306446,Mickey Gasper,681508,0.30107619047619044,66
2026,2026-08-30 17:00:00 PDT,67,38.631082,100,0.38631082,Mickey Gasper,681508,0.30107619047619044,67
2026,2026-08-30 17:00:00 PDT,68,39.301446,100,0.39301446,Mickey Gasper,681508,0.30107619047619044,68
2026,2026-08-30 17:00:00 PDT,69,39.694446,100,0.39694446,Mickey Gasper,681508,0.30107619047619044,69
2026,2026-08-28 17:00:00 PDT,70,38.697446,100,0.38697446,Mickey Gasper,681508,0.30107619047619044,70
2026,2026-08-28 17:00:00 PDT,71,38.657446,100,0.38657446,Mickey Gasper,681508,0.30107619047619044,71
2026,2026-08-27 17:00:00 PDT,72,37.884446,100,0.37884446,Mickey Gasper,681508,0.30107619047619044,72
2026,2026-08-27 17:00:00 PDT,73,37.654082,100,0.37654082,Mickey Gasper,681508,0.30107619047619044,73
2026,2026-08-25 17:00:00 PDT,74,36.955718,100,0.36955718,Mickey Gasper,681508,0.30107619047619044,74
2026,2026-08-25 17:00:00 PDT,75,36.907718,100,0.36907718,Mickey Gasper,681508,0.30107619047619044,75
2026,2026-08-25 17:00:00 PDT,76,36.616718,100,0.36616718,Mickey Gasper,681508,0.30107619047619044,76
2026,2026-08-25 17:00:00 PDT,77,36.393354,100,0.36393354,Mickey Gasper,681508,0.30107619047619044,77
2026,2026-08-24 17:00:00 PDT,78,36.838354,100,0.36838354,Mickey Gasper,681508,0.30107619047619044,78
2026,2026-08-24 17:00:00 PDT,79,36.814990,100,0.3681499,Mickey Gasper,681508,0.30107619047619044,79
2026,2026-08-24 17:00:00 PDT,80,35.915990,100,0.3591599,Mickey Gasper,681508,0.30107619047619044,80
2026,2026-08-24 17:00:00 PDT,81,35.894626,100,0.35894626,Mickey Gasper,681508,0.30107619047619044,81
2026,2026-08-23 17:00:00 PDT,82,35.169990,100,0.3516999,Mickey Gasper,681508,0.30107619047619044,82
2026,2026-08-23 17:00:00 PDT,83,34.641626,100,0.34641626,Mickey Gasper,681508,0.30107619047619044,83
2026,2026-08-23 17:00:00 PDT,84,34.804262,100,0.34804262,Mickey Gasper,681508,0.30107619047619044,84
2026,2026-08-23 17:00:00 PDT,85,33.514262,100,0.33514262,Mickey Gasper,681508,0.30107619047619044,85
2026,2026-08-22 17:00:00 PDT,86,32.614262,100,0.32614262,Mickey Gasper,681508,0.30107619047619044,86
2026,2026-08-22 17:00:00 PDT,87,33.300626,100,0.33300626,Mickey Gasper,681508,0.30107619047619044,87
2026,2026-08-21 17:00:00 PDT,88,32.828626,100,0.32828626,Mickey Gasper,681508,0.30107619047619044,88
2026,2026-08-21 17:00:00 PDT,89,32.249626,100,0.32249626,Mickey Gasper,681508,0.30107619047619044,89
2026,2026-08-21 17:00:00 PDT,90,32.492626,100,0.32492626,Mickey Gasper,681508,0.30107619047619044,90
2026,2026-08-20 17:00:00 PDT,91,31.763315,100,0.31763315,Mickey Gasper,681508,0.30107619047619044,91
2026,2026-08-20 17:00:00 PDT,92,31.731315,100,0.31731315,Mickey Gasper,681508,0.30107619047619044,92
2026,2026-08-20 17:00:00 PDT,93,31.651315,100,0.31651315,Mickey Gasper,681508,0.30107619047619044,93
2026,2026-08-20 17:00:00 PDT,94,31.396004,100,0.31396004,Mickey Gasper,681508,0.30107619047619044,94
2026,2026-08-18 17:00:00 PDT,95,31.491004,100,0.31491004,Mickey Gasper,681508,0.30107619047619044,95
2026,2026-08-18 17:00:00 PDT,96,30.439004,100,0.30439004,Mickey Gasper,681508,0.30107619047619044,96
2026,2026-08-18 17:00:00 PDT,97,31.115004,100,0.31115004,Mickey Gasper,681508,0.30107619047619044,97
2026,2026-08-17 17:00:00 PDT,98,31.076004,100,0.31076004,Mickey Gasper,681508,0.30107619047619044,98
2026,2026-08-17 17:00:00 PDT,99,30.213004,100,0.30213004,Mickey Gasper,681508,0.30107619047619044,99
2026,2026-08-17 17:00:00 PDT,100,28.486004,100,0.28486004,Mickey Gasper,681508,0.30107619047619044,100
2026,2026-09-26 17:00:00 PDT,1,27.024039,100,0.27024039,Ceddanne Rafaela,678882,0.30107619047619044,1
2026,2026-09-26 17:00:00 PDT,2,26.843039,100,0.26843039,Ceddanne Rafaela,678882,0.30107619047619044,2
2026,2026-09-23 17:00:00 PDT,3,26.884039,100,0.26884039,Ceddanne Rafaela,678882,0.30107619047619044,3
2026,2026-09-23 17:00:00 PDT,4,26.965039,100,0.26965039,Ceddanne Rafaela,678882,0.30107619047619044,4
2026,2026-09-23 17:00:00 PDT,5,27.053039,100,0.27053039,Ceddanne Rafaela,678882,0.30107619047619044,5
2026,2026-09-23 17:00:00 PDT,6,26.814039,100,0.26814039,Ceddanne Rafaela,678882,0.30107619047619044,6
2026,2026-09-22 17:00:00 PDT,7,26.211675,100,0.26211675,Ceddanne Rafaela,678882,0.30107619047619044,7
2026,2026-09-01 17:00:00 PDT,8,25.381675,100,0.25381675,Ceddanne Rafaela,678882,0.30107619047619044,8
2026,2026-09-01 17:00:00 PDT,9,26.014675,100,0.26014675,Ceddanne Rafaela,678882,0.30107619047619044,9
2026,2026-09-01 17:00:00 PDT,10,25.271675,100,0.25271675,Ceddanne Rafaela,678882,0.30107619047619044,10
2026,2026-08-31 17:00:00 PDT,11,24.620675,100,0.24620675,Ceddanne Rafaela,678882,0.30107619047619044,11
2026,2026-08-31 17:00:00 PDT,12,24.306675,100,0.24306675,Ceddanne Rafaela,678882,0.30107619047619044,12
2026,2026-08-31 17:00:00 PDT,13,25.212675,100,0.25212675,Ceddanne Rafaela,678882,0.30107619047619044,13
2026,2026-08-30 17:00:00 PDT,14,25.983675,100,0.25983675,Ceddanne Rafaela,678882,0.30107619047619044,14
2026,2026-08-30 17:00:00 PDT,15,26.000675,100,0.26000675,Ceddanne Rafaela,678882,0.30107619047619044,15
2026,2026-08-30 17:00:00 PDT,16,26.087675,100,0.26087675,Ceddanne Rafaela,678882,0.30107619047619044,16
2026,2026-08-30 17:00:00 PDT,17,25.621675,100,0.25621675,Ceddanne Rafaela,678882,0.30107619047619044,17
2026,2026-08-30 17:00:00 PDT,18,25.603675,100,0.25603675,Ceddanne Rafaela,678882,0.30107619047619044,18
2026,2026-08-29 17:00:00 PDT,19,25.793675,100,0.25793675,Ceddanne Rafaela,678882,0.30107619047619044,19
2026,2026-08-29 17:00:00 PDT,20,25.518675,100,0.25518675,Ceddanne Rafaela,678882,0.30107619047619044,20
2026,2026-08-29 17:00:00 PDT,21,26.190675,100,0.26190675,Ceddanne Rafaela,678882,0.30107619047619044,21
2026,2026-08-29 17:00:00 PDT,22,26.190675,100,0.26190675,Ceddanne Rafaela,678882,0.30107619047619044,22
2026,2026-08-28 17:00:00 PDT,23,25.964675,100,0.25964675,Ceddanne Rafaela,678882,0.30107619047619044,23
2026,2026-08-28 17:00:00 PDT,24,25.796675,100,0.25796675,Ceddanne Rafaela,678882,0.30107619047619044,24
2026,2026-08-28 17:00:00 PDT,25,25.761675,100,0.25761675,Ceddanne Rafaela,678882,0.30107619047619044,25
2026,2026-08-28 17:00:00 PDT,26,25.773675,100,0.25773675,Ceddanne Rafaela,678882,0.30107619047619044,26
2026,2026-08-28 17:00:00 PDT,27,25.376675,100,0.25376675,Ceddanne Rafaela,678882,0.30107619047619044,27
2026,2026-08-28 17:00:00 PDT,28,25.815039,100,0.25815039,Ceddanne Rafaela,678882,0.30107619047619044,28
2026,2026-08-28 17:00:00 PDT,29,25.727039,100,0.25727039,Ceddanne Rafaela,678882,0.30107619047619044,29
2026,2026-08-28 17:00:00 PDT,30,25.749039,100,0.25749039,Ceddanne Rafaela,678882,0.30107619047619044,30
2026,2026-08-28 17:00:00 PDT,31,26.568039,100,0.26568039,Ceddanne Rafaela,678882,0.30107619047619044,31
2026,2026-08-27 17:00:00 PDT,32,26.566039,100,0.26566039,Ceddanne Rafaela,678882,0.30107619047619044,32
2026,2026-08-27 17:00:00 PDT,33,25.962039,100,0.25962039,Ceddanne Rafaela,678882,0.30107619047619044,33
2026,2026-08-27 17:00:00 PDT,34,26.269350,100,0.2626935,Ceddanne Rafaela,678882,0.30107619047619044,34
2026,2026-08-27 17:00:00 PDT,35,27.178350,100,0.2717835,Ceddanne Rafaela,678882,0.30107619047619044,35
2026,2026-08-25 17:00:00 PDT,36,27.178350,100,0.2717835,Ceddanne Rafaela,678882,0.30107619047619044,36
2026,2026-08-25 17:00:00 PDT,37,26.954350,100,0.2695435,Ceddanne Rafaela,678882,0.30107619047619044,37
2026,2026-08-25 17:00:00 PDT,38,28.033350,100,0.2803335,Ceddanne Rafaela,678882,0.30107619047619044,38
2026,2026-08-25 17:00:00 PDT,39,28.326350,100,0.2832635,Ceddanne Rafaela,678882,0.30107619047619044,39
2026,2026-08-24 17:00:00 PDT,40,28.462350,100,0.2846235,Ceddanne Rafaela,678882,0.30107619047619044,40
2026,2026-08-24 17:00:00 PDT,41,28.767350,100,0.2876735,Ceddanne Rafaela,678882,0.30107619047619044,41
2026,2026-08-24 17:00:00 PDT,42,29.588350,100,0.2958835,Ceddanne Rafaela,678882,0.30107619047619044,42
2026,2026-08-24 17:00:00 PDT,43,29.844350,100,0.2984435,Ceddanne Rafaela,678882,0.30107619047619044,43
2026,2026-08-23 17:00:00 PDT,44,29.844350,100,0.2984435,Ceddanne Rafaela,678882,0.30107619047619044,44
2026,2026-08-23 17:00:00 PDT,45,31.562350,100,0.3156235,Ceddanne Rafaela,678882,0.30107619047619044,45
2026,2026-08-23 17:00:00 PDT,46,31.695350,100,0.3169535,Ceddanne Rafaela,678882,0.30107619047619044,46
2026,2026-08-23 17:00:00 PDT,47,31.692350,100,0.3169235,Ceddanne Rafaela,678882,0.30107619047619044,47
2026,2026-08-23 17:00:00 PDT,48,32.570350,100,0.3257035,Ceddanne Rafaela,678882,0.30107619047619044,48
2026,2026-08-22 17:00:00 PDT,49,32.546350,100,0.3254635,Ceddanne Rafaela,678882,0.30107619047619044,49
2026,2026-08-22 17:00:00 PDT,50,32.341350,100,0.3234135,Ceddanne Rafaela,678882,0.30107619047619044,50
2026,2026-08-22 17:00:00 PDT,51,32.006350,100,0.3200635,Ceddanne Rafaela,678882,0.30107619047619044,51
2026,2026-08-22 17:00:00 PDT,52,31.573350,100,0.3157335,Ceddanne Rafaela,678882,0.30107619047619044,52
2026,2026-08-21 17:00:00 PDT,53,31.277350,100,0.3127735,Ceddanne Rafaela,678882,0.30107619047619044,53
2026,2026-08-21 17:00:00 PDT,54,30.613350,100,0.3061335,Ceddanne Rafaela,678882,0.30107619047619044,54
2026,2026-08-21 17:00:00 PDT,55,30.493350,100,0.3049335,Ceddanne Rafaela,678882,0.30107619047619044,55
2026,2026-08-21 17:00:00 PDT,56,30.581986,100,0.30581986,Ceddanne Rafaela,678882,0.30107619047619044,56
2026,2026-08-20 17:00:00 PDT,57,30.581986,100,0.30581986,Ceddanne Rafaela,678882,0.30107619047619044,57
2026,2026-08-20 17:00:00 PDT,58,30.277986,100,0.30277986,Ceddanne Rafaela,678882,0.30107619047619044,58
2026,2026-08-20 17:00:00 PDT,59,30.562986,100,0.30562986,Ceddanne Rafaela,678882,0.30107619047619044,59
2026,2026-08-20 17:00:00 PDT,60,30.590986,100,0.30590986,Ceddanne Rafaela,678882,0.30107619047619044,60
2026,2026-08-20 17:00:00 PDT,61,30.590986,100,0.30590986,Ceddanne Rafaela,678882,0.30107619047619044,61
2026,2026-08-18 17:00:00 PDT,62,30.493986,100,0.30493986,Ceddanne Rafaela,678882,0.30107619047619044,62
2026,2026-08-18 17:00:00 PDT,63,30.446986,100,0.30446986,Ceddanne Rafaela,678882,0.30107619047619044,63
2026,2026-08-18 17:00:00 PDT,64,30.338986,100,0.30338986,Ceddanne Rafaela,678882,0.30107619047619044,64
2026,2026-08-18 17:00:00 PDT,65,30.170986,100,0.30170986,Ceddanne Rafaela,678882,0.30107619047619044,65
2026,2026-08-18 17:00:00 PDT,66,30.170986,100,0.30170986,Ceddanne Rafaela,678882,0.30107619047619044,66
2026,2026-08-17 17:00:00 PDT,67,30.326986,100,0.30326986,Ceddanne Rafaela,678882,0.30107619047619044,67
2026,2026-08-17 17:00:00 PDT,68,30.617986,100,0.30617986,Ceddanne Rafaela,678882,0.30107619047619044,68
2026,2026-08-17 17:00:00 PDT,69,31.268986,100,0.31268986,Ceddanne Rafaela,678882,0.30107619047619044,69
2026,2026-08-17 17:00:00 PDT,70,31.131986,100,0.31131986,Ceddanne Rafaela,678882,0.30107619047619044,70
2026,2026-08-17 17:00:00 PDT,71,31.170986,100,0.31170986,Ceddanne Rafaela,678882,0.30107619047619044,71
2026,2026-08-16 17:00:00 PDT,72,31.181986,100,0.31181986,Ceddanne Rafaela,678882,0.30107619047619044,72
2026,2026-08-16 17:00:00 PDT,73,30.246986,100,0.30246986,Ceddanne Rafaela,678882,0.30107619047619044,73
2026,2026-08-16 17:00:00 PDT,74,29.694986,100,0.29694986,Ceddanne Rafaela,678882,0.30107619047619044,74
2026,2026-08-16 17:00:00 PDT,75,29.372986,100,0.29372986,Ceddanne Rafaela,678882,0.30107619047619044,75
2026,2026-08-16 17:00:00 PDT,76,29.365986,100,0.29365986,Ceddanne Rafaela,678882,0.30107619047619044,76
2026,2026-08-15 17:00:00 PDT,77,30.136986,100,0.30136986,Ceddanne Rafaela,678882,0.30107619047619044,77
2026,2026-08-15 17:00:00 PDT,78,29.728986,100,0.29728986,Ceddanne Rafaela,678882,0.30107619047619044,78
2026,2026-08-15 17:00:00 PDT,79,29.193986,100,0.29193986,Ceddanne Rafaela,678882,0.30107619047619044,79
2026,2026-08-15 17:00:00 PDT,80,29.458986,100,0.29458986,Ceddanne Rafaela,678882,0.30107619047619044,80
2026,2026-08-14 17:00:00 PDT,81,29.665986,100,0.29665986,Ceddanne Rafaela,678882,0.30107619047619044,81
2026,2026-08-14 17:00:00 PDT,82,29.717986,100,0.29717986,Ceddanne Rafaela,678882,0.30107619047619044,82
2026,2026-08-14 17:00:00 PDT,83,29.444986,100,0.29444986,Ceddanne Rafaela,678882,0.30107619047619044,83
2026,2026-08-14 17:00:00 PDT,84,29.370986,100,0.29370986,Ceddanne Rafaela,678882,0.30107619047619044,84
2026,2026-08-14 17:00:00 PDT,85,29.532986,100,0.29532986,Ceddanne Rafaela,678882,0.30107619047619044,85
2026,2026-08-12 17:00:00 PDT,86,29.919986,100,0.29919986,Ceddanne Rafaela,678882,0.30107619047619044,86
2026,2026-08-12 17:00:00 PDT,87,29.613675,100,0.29613675,Ceddanne Rafaela,678882,0.30107619047619044,87
2026,2026-08-12 17:00:00 PDT,88,29.509675,100,0.29509675,Ceddanne Rafaela,678882,0.30107619047619044,88
2026,2026-08-12 17:00:00 PDT,89,29.736675,100,0.29736675,Ceddanne Rafaela,678882,0.30107619047619044,89
2026,2026-08-12 17:00:00 PDT,90,29.724675,100,0.29724675,Ceddanne Rafaela,678882,0.30107619047619044,90
2026,2026-08-11 17:00:00 PDT,91,30.495675,100,0.30495675,Ceddanne Rafaela,678882,0.30107619047619044,91
2026,2026-08-11 17:00:00 PDT,92,30.879675,100,0.30879675,Ceddanne Rafaela,678882,0.30107619047619044,92
2026,2026-08-11 17:00:00 PDT,93,30.638675,100,0.30638675,Ceddanne Rafaela,678882,0.30107619047619044,93
2026,2026-08-11 17:00:00 PDT,94,29.772675,100,0.29772675,Ceddanne Rafaela,678882,0.30107619047619044,94
2026,2026-08-10 17:00:00 PDT,95,29.811675,100,0.29811675,Ceddanne Rafaela,678882,0.30107619047619044,95
2026,2026-08-10 17:00:00 PDT,96,29.595675,100,0.29595675,Ceddanne Rafaela,678882,0.30107619047619044,96
2026,2026-08-10 17:00:00 PDT,97,29.590675,100,0.29590675,Ceddanne Rafaela,678882,0.30107619047619044,97
2026,2026-08-10 17:00:00 PDT,98,28.620675,100,0.28620675,Ceddanne Rafaela,678882,0.30107619047619044,98
2026,2026-08-10 17:00:00 PDT,99,28.603675,100,0.28603675,Ceddanne Rafaela,678882,0.30107619047619044,99
2026,2026-08-09 17:00:00 PDT,100,29.250675,100,0.29250675,Ceddanne Rafaela,678882,0.30107619047619044,100
2026,2026-09-26 17:00:00 PDT,1,33.337923,100,0.33337923,Willson Contreras,575929,0.30107619047619044,1
2026,2026-09-26 17:00:00 PDT,2,33.172923,100,0.33172923,Willson Contreras,575929,0.30107619047619044,2
2026,2026-09-16 17:00:00 PDT,3,33.172923,100,0.33172923,Willson Contreras,575929,0.30107619047619044,3
2026,2026-09-16 17:00:00 PDT,4,32.443612,100,0.32443612,Willson Contreras,575929,0.30107619047619044,4
2026,2026-09-16 17:00:00 PDT,5,32.443612,100,0.32443612,Willson Contreras,575929,0.30107619047619044,5
2026,2026-09-16 17:00:00 PDT,6,32.365976,100,0.32365976,Willson Contreras,575929,0.30107619047619044,6
2026,2026-09-15 17:00:00 PDT,7,32.862976,100,0.32862976,Willson Contreras,575929,0.30107619047619044,7
2026,2026-09-15 17:00:00 PDT,8,33.482976,100,0.33482976,Willson Contreras,575929,0.30107619047619044,8
2026,2026-09-15 17:00:00 PDT,9,32.753665,100,0.32753665,Willson Contreras,575929,0.30107619047619044,9
2026,2026-09-15 17:00:00 PDT,10,32.717665,100,0.32717665,Willson Contreras,575929,0.30107619047619044,10
2026,2026-09-14 17:00:00 PDT,11,31.625665,100,0.31625665,Willson Contreras,575929,0.30107619047619044,11
2026,2026-09-14 17:00:00 PDT,12,30.927301,100,0.30927301,Willson Contreras,575929,0.30107619047619044,12
2026,2026-09-14 17:00:00 PDT,13,30.927301,100,0.30927301,Willson Contreras,575929,0.30107619047619044,13
2026,2026-09-14 17:00:00 PDT,14,30.930301,100,0.30930301,Willson Contreras,575929,0.30107619047619044,14
2026,2026-09-12 17:00:00 PDT,15,30.927301,100,0.30927301,Willson Contreras,575929,0.30107619047619044,15
2026,2026-09-12 17:00:00 PDT,16,30.729301,100,0.30729301,Willson Contreras,575929,0.30107619047619044,16
2026,2026-09-12 17:00:00 PDT,17,30.664612,100,0.30664612,Willson Contreras,575929,0.30107619047619044,17
2026,2026-09-12 17:00:00 PDT,18,30.566612,100,0.30566612,Willson Contreras,575929,0.30107619047619044,18
2026,2026-08-29 17:00:00 PDT,19,31.508248,100,0.31508248,Willson Contreras,575929,0.30107619047619044,19
2026,2026-08-29 17:00:00 PDT,20,32.227248,100,0.32227248,Willson Contreras,575929,0.30107619047619044,20
2026,2026-08-29 17:00:00 PDT,21,32.368612,100,0.32368612,Willson Contreras,575929,0.30107619047619044,21
2026,2026-08-28 17:00:00 PDT,22,32.385612,100,0.32385612,Willson Contreras,575929,0.30107619047619044,22
2026,2026-08-28 17:00:00 PDT,23,32.482612,100,0.32482612,Willson Contreras,575929,0.30107619047619044,23
2026,2026-08-28 17:00:00 PDT,24,32.696976,100,0.32696976,Willson Contreras,575929,0.30107619047619044,24
2026,2026-08-28 17:00:00 PDT,25,32.696976,100,0.32696976,Willson Contreras,575929,0.30107619047619044,25
2026,2026-08-28 17:00:00 PDT,26,32.696976,100,0.32696976,Willson Contreras,575929,0.30107619047619044,26
2026,2026-08-28 17:00:00 PDT,27,33.395340,100,0.3339534,Willson Contreras,575929,0.30107619047619044,27
2026,2026-08-28 17:00:00 PDT,28,33.938704,100,0.33938704,Willson Contreras,575929,0.30107619047619044,28
2026,2026-08-28 17:00:00 PDT,29,33.240340,100,0.3324034,Willson Contreras,575929,0.30107619047619044,29
2026,2026-08-28 17:00:00 PDT,30,32.807976,100,0.32807976,Willson Contreras,575929,0.30107619047619044,30
2026,2026-08-27 17:00:00 PDT,31,33.506340,100,0.3350634,Willson Contreras,575929,0.30107619047619044,31
2026,2026-08-27 17:00:00 PDT,32,34.212651,100,0.34212651,Willson Contreras,575929,0.30107619047619044,32
2026,2026-08-27 17:00:00 PDT,33,34.880015,100,0.34880015,Willson Contreras,575929,0.30107619047619044,33
2026,2026-08-27 17:00:00 PDT,34,34.880015,100,0.34880015,Willson Contreras,575929,0.30107619047619044,34
2026,2026-08-24 17:00:00 PDT,35,34.894015,100,0.34894015,Willson Contreras,575929,0.30107619047619044,35
2026,2026-08-24 17:00:00 PDT,36,34.951015,100,0.34951015,Willson Contreras,575929,0.30107619047619044,36
2026,2026-08-24 17:00:00 PDT,37,34.938015,100,0.34938015,Willson Contreras,575929,0.30107619047619044,37
2026,2026-08-24 17:00:00 PDT,38,35.353379,100,0.35353379,Willson Contreras,575929,0.30107619047619044,38
2026,2026-08-24 17:00:00 PDT,39,34.483379,100,0.34483379,Willson Contreras,575929,0.30107619047619044,39
2026,2026-08-23 17:00:00 PDT,40,35.035743,100,0.35035743,Willson Contreras,575929,0.30107619047619044,40
2026,2026-08-23 17:00:00 PDT,41,34.865743,100,0.34865743,Willson Contreras,575929,0.30107619047619044,41
2026,2026-08-23 17:00:00 PDT,42,34.136432,100,0.34136432,Willson Contreras,575929,0.30107619047619044,42
2026,2026-08-23 17:00:00 PDT,43,34.074432,100,0.34074432,Willson Contreras,575929,0.30107619047619044,43
2026,2026-08-23 17:00:00 PDT,44,34.069432,100,0.34069432,Willson Contreras,575929,0.30107619047619044,44
2026,2026-08-22 17:00:00 PDT,45,33.799432,100,0.33799432,Willson Contreras,575929,0.30107619047619044,45
2026,2026-08-22 17:00:00 PDT,46,34.037432,100,0.34037432,Willson Contreras,575929,0.30107619047619044,46
2026,2026-08-22 17:00:00 PDT,47,34.015432,100,0.34015432,Willson Contreras,575929,0.30107619047619044,47
2026,2026-08-22 17:00:00 PDT,48,34.010432,100,0.34010432,Willson Contreras,575929,0.30107619047619044,48
2026,2026-08-21 17:00:00 PDT,49,33.989432,100,0.33989432,Willson Contreras,575929,0.30107619047619044,49
2026,2026-08-21 17:00:00 PDT,50,34.531432,100,0.34531432,Willson Contreras,575929,0.30107619047619044,50
2026,2026-08-21 17:00:00 PDT,51,34.879743,100,0.34879743,Willson Contreras,575929,0.30107619047619044,51
2026,2026-08-21 17:00:00 PDT,52,35.321054,100,0.35321054,Willson Contreras,575929,0.30107619047619044,52
2026,2026-08-20 17:00:00 PDT,53,35.983054,100,0.35983054,Willson Contreras,575929,0.30107619047619044,53
2026,2026-08-20 17:00:00 PDT,54,35.297690,100,0.3529769,Willson Contreras,575929,0.30107619047619044,54
2026,2026-08-20 17:00:00 PDT,55,34.599326,100,0.34599326,Willson Contreras,575929,0.30107619047619044,55
2026,2026-08-20 17:00:00 PDT,56,32.879326,100,0.32879326,Willson Contreras,575929,0.30107619047619044,56
2026,2026-08-18 17:00:00 PDT,57,32.994326,100,0.32994326,Willson Contreras,575929,0.30107619047619044,57
2026,2026-08-18 17:00:00 PDT,58,33.771326,100,0.33771326,Willson Contreras,575929,0.30107619047619044,58
2026,2026-08-18 17:00:00 PDT,59,34.294326,100,0.34294326,Willson Contreras,575929,0.30107619047619044,59
2026,2026-08-18 17:00:00 PDT,60,35.442326,100,0.35442326,Willson Contreras,575929,0.30107619047619044,60
2026,2026-08-18 17:00:00 PDT,61,35.874690,100,0.3587469,Willson Contreras,575929,0.30107619047619044,61
2026,2026-08-17 17:00:00 PDT,62,35.887690,100,0.3588769,Willson Contreras,575929,0.30107619047619044,62
2026,2026-08-17 17:00:00 PDT,63,35.887690,100,0.3588769,Willson Contreras,575929,0.30107619047619044,63
2026,2026-08-17 17:00:00 PDT,64,36.491001,100,0.36491001,Willson Contreras,575929,0.30107619047619044,64
2026,2026-08-17 17:00:00 PDT,65,35.647001,100,0.35647001,Willson Contreras,575929,0.30107619047619044,65
2026,2026-08-17 17:00:00 PDT,66,35.664001,100,0.35664001,Willson Contreras,575929,0.30107619047619044,66
2026,2026-08-16 17:00:00 PDT,67,35.664001,100,0.35664001,Willson Contreras,575929,0.30107619047619044,67
2026,2026-08-16 17:00:00 PDT,68,35.600001,100,0.35600001,Willson Contreras,575929,0.30107619047619044,68
2026,2026-08-16 17:00:00 PDT,69,35.578001,100,0.35578001,Willson Contreras,575929,0.30107619047619044,69
2026,2026-08-16 17:00:00 PDT,70,36.589001,100,0.36589001,Willson Contreras,575929,0.30107619047619044,70
2026,2026-08-16 17:00:00 PDT,71,37.924001,100,0.37924001,Willson Contreras,575929,0.30107619047619044,71
2026,2026-08-14 17:00:00 PDT,72,37.963637,100,0.37963637,Willson Contreras,575929,0.30107619047619044,72
2026,2026-08-14 17:00:00 PDT,73,38.372637,100,0.38372637,Willson Contreras,575929,0.30107619047619044,73
2026,2026-08-14 17:00:00 PDT,74,38.372637,100,0.38372637,Willson Contreras,575929,0.30107619047619044,74
2026,2026-08-14 17:00:00 PDT,75,37.773273,100,0.37773273,Willson Contreras,575929,0.30107619047619044,75
2026,2026-08-13 17:00:00 PDT,76,38.012273,100,0.38012273,Willson Contreras,575929,0.30107619047619044,76
2026,2026-08-13 17:00:00 PDT,77,38.710637,100,0.38710637,Willson Contreras,575929,0.30107619047619044,77
2026,2026-08-13 17:00:00 PDT,78,38.057273,100,0.38057273,Willson Contreras,575929,0.30107619047619044,78
2026,2026-08-13 17:00:00 PDT,79,38.509637,100,0.38509637,Willson Contreras,575929,0.30107619047619044,79
2026,2026-08-12 17:00:00 PDT,80,38.583637,100,0.38583637,Willson Contreras,575929,0.30107619047619044,80
2026,2026-08-12 17:00:00 PDT,81,40.178637,100,0.40178637,Willson Contreras,575929,0.30107619047619044,81
2026,2026-08-12 17:00:00 PDT,82,40.165637,100,0.40165637,Willson Contreras,575929,0.30107619047619044,82
2026,2026-08-12 17:00:00 PDT,83,40.569637,100,0.40569637,Willson Contreras,575929,0.30107619047619044,83
2026,2026-08-11 17:00:00 PDT,84,40.380637,100,0.40380637,Willson Contreras,575929,0.30107619047619044,84
2026,2026-08-11 17:00:00 PDT,85,39.697273,100,0.39697273,Willson Contreras,575929,0.30107619047619044,85
2026,2026-08-11 17:00:00 PDT,86,39.998273,100,0.39998273,Willson Contreras,575929,0.30107619047619044,86
2026,2026-08-11 17:00:00 PDT,87,40.154273,100,0.40154273,Willson Contreras,575929,0.30107619047619044,87
2026,2026-08-10 17:00:00 PDT,88,39.999273,100,0.39999273,Willson Contreras,575929,0.30107619047619044,88
2026,2026-08-10 17:00:00 PDT,89,40.415273,100,0.40415273,Willson Contreras,575929,0.30107619047619044,89
2026,2026-08-10 17:00:00 PDT,90,40.431273,100,0.40431273,Willson Contreras,575929,0.30107619047619044,90
2026,2026-08-10 17:00:00 PDT,91,40.871273,100,0.40871273,Willson Contreras,575929,0.30107619047619044,91
2026,2026-08-09 17:00:00 PDT,92,41.548637,100,0.41548637,Willson Contreras,575929,0.30107619047619044,92
2026,2026-08-09 17:00:00 PDT,93,41.487637,100,0.41487637,Willson Contreras,575929,0.30107619047619044,93
2026,2026-08-09 17:00:00 PDT,94,41.380273,100,0.41380273,Willson Contreras,575929,0.30107619047619044,94
2026,2026-08-09 17:00:00 PDT,95,42.108273,100,0.42108273,Willson Contreras,575929,0.30107619047619044,95
2026,2026-08-08 17:00:00 PDT,96,42.379273,100,0.42379273,Willson Contreras,575929,0.30107619047619044,96
2026,2026-08-08 17:00:00 PDT,97,42.462637,100,0.42462637,Willson Contreras,575929,0.30107619047619044,97
2026,2026-08-08 17:00:00 PDT,98,41.733326,100,0.41733326,Willson Contreras,575929,0.30107619047619044,98
2026,2026-08-08 17:00:00 PDT,99,41.990326,100,0.41990326,Willson Contreras,575929,0.30107619047619044,99
2026,2026-08-07 17:00:00 PDT,100,41.261015,100,0.41261015,Willson Contreras,575929,0.30107619047619044,100
2026,2026-09-07 17:00:00 PDT,1,25.171820,100,0.2517182,Eli White,642201,0.30107619047619044,1
2026,2026-09-07 17:00:00 PDT,2,25.176820,100,0.2517682,Eli White,642201,0.30107619047619044,2
2026,2026-09-07 17:00:00 PDT,3,25.159820,100,0.2515982,Eli White,642201,0.30107619047619044,3
2026,2026-09-07 17:00:00 PDT,4,25.159820,100,0.2515982,Eli White,642201,0.30107619047619044,4
2026,2026-09-06 17:00:00 PDT,5,25.054820,100,0.2505482,Eli White,642201,0.30107619047619044,5
2026,2026-09-06 17:00:00 PDT,6,24.446820,100,0.2444682,Eli White,642201,0.30107619047619044,6
2026,2026-09-06 17:00:00 PDT,7,24.446820,100,0.2444682,Eli White,642201,0.30107619047619044,7
2026,2026-09-06 17:00:00 PDT,8,24.370820,100,0.2437082,Eli White,642201,0.30107619047619044,8
2026,2026-09-05 17:00:00 PDT,9,24.285820,100,0.2428582,Eli White,642201,0.30107619047619044,9
2026,2026-09-05 17:00:00 PDT,10,24.174820,100,0.2417482,Eli White,642201,0.30107619047619044,10
2026,2026-09-05 17:00:00 PDT,11,24.193820,100,0.2419382,Eli White,642201,0.30107619047619044,11
2026,2026-09-05 17:00:00 PDT,12,24.060820,100,0.2406082,Eli White,642201,0.30107619047619044,12
2026,2026-09-04 17:00:00 PDT,13,23.690820,100,0.2369082,Eli White,642201,0.30107619047619044,13
2026,2026-09-04 17:00:00 PDT,14,23.578820,100,0.2357882,Eli White,642201,0.30107619047619044,14
2026,2026-09-04 17:00:00 PDT,15,22.911820,100,0.2291182,Eli White,642201,0.30107619047619044,15
2026,2026-09-04 17:00:00 PDT,16,23.610184,100,0.23610184,Eli White,642201,0.30107619047619044,16
2026,2026-09-03 17:00:00 PDT,17,23.181184,100,0.23181184,Eli White,642201,0.30107619047619044,17
2026,2026-09-03 17:00:00 PDT,18,23.398184,100,0.23398184,Eli White,642201,0.30107619047619044,18
2026,2026-09-03 17:00:00 PDT,19,23.490184,100,0.23490184,Eli White,642201,0.30107619047619044,19
2026,2026-09-03 17:00:00 PDT,20,23.585184,100,0.23585184,Eli White,642201,0.30107619047619044,20
2026,2026-09-02 17:00:00 PDT,21,23.453184,100,0.23453184,Eli White,642201,0.30107619047619044,21
2026,2026-09-02 17:00:00 PDT,22,24.819184,100,0.24819184,Eli White,642201,0.30107619047619044,22
2026,2026-09-02 17:00:00 PDT,23,24.549184,100,0.24549184,Eli White,642201,0.30107619047619044,23
2026,2026-09-02 17:00:00 PDT,24,24.598184,100,0.24598184,Eli White,642201,0.30107619047619044,24
2026,2026-09-01 17:00:00 PDT,25,25.092548,100,0.25092548,Eli White,642201,0.30107619047619044,25
2026,2026-08-31 17:00:00 PDT,26,24.294548,100,0.24294548,Eli White,642201,0.30107619047619044,26
2026,2026-08-31 17:00:00 PDT,27,24.156548,100,0.24156548,Eli White,642201,0.30107619047619044,27
2026,2026-08-28 17:00:00 PDT,28,23.815548,100,0.23815548,Eli White,642201,0.30107619047619044,28
2026,2026-08-28 17:00:00 PDT,29,24.098548,100,0.24098548,Eli White,642201,0.30107619047619044,29
2026,2026-08-28 17:00:00 PDT,30,23.652912,100,0.23652912,Eli White,642201,0.30107619047619044,30
2026,2026-08-28 17:00:00 PDT,31,22.985548,100,0.22985548,Eli White,642201,0.30107619047619044,31
2026,2026-08-28 17:00:00 PDT,32,23.234912,100,0.23234912,Eli White,642201,0.30107619047619044,32
2026,2026-08-27 17:00:00 PDT,33,23.312912,100,0.23312912,Eli White,642201,0.30107619047619044,33
2026,2026-08-27 17:00:00 PDT,34,23.826912,100,0.23826912,Eli White,642201,0.30107619047619044,34
2026,2026-08-25 17:00:00 PDT,35,23.998912,100,0.23998912,Eli White,642201,0.30107619047619044,35
2026,2026-08-22 17:00:00 PDT,36,24.110912,100,0.24110912,Eli White,642201,0.30107619047619044,36
2026,2026-08-22 17:00:00 PDT,37,24.378912,100,0.24378912,Eli White,642201,0.30107619047619044,37
2026,2026-08-22 17:00:00 PDT,38,24.378912,100,0.24378912,Eli White,642201,0.30107619047619044,38
2026,2026-08-21 17:00:00 PDT,39,24.628912,100,0.24628912,Eli White,642201,0.30107619047619044,39
2026,2026-08-16 17:00:00 PDT,40,24.265912,100,0.24265912,Eli White,642201,0.30107619047619044,40
2026,2026-08-16 17:00:00 PDT,41,24.572223,100,0.24572223,Eli White,642201,0.30107619047619044,41
2026,2026-08-16 17:00:00 PDT,42,25.261223,100,0.25261223,Eli White,642201,0.30107619047619044,42
2026,2026-08-16 17:00:00 PDT,43,25.215223,100,0.25215223,Eli White,642201,0.30107619047619044,43
2026,2026-08-15 17:00:00 PDT,44,24.533223,100,0.24533223,Eli White,642201,0.30107619047619044,44
2026,2026-08-13 17:00:00 PDT,45,25.181223,100,0.25181223,Eli White,642201,0.30107619047619044,45
2026,2026-08-13 17:00:00 PDT,46,24.997223,100,0.24997223,Eli White,642201,0.30107619047619044,46
2026,2026-08-13 17:00:00 PDT,47,25.212223,100,0.25212223,Eli White,642201,0.30107619047619044,47
2026,2026-08-13 17:00:00 PDT,48,25.212223,100,0.25212223,Eli White,642201,0.30107619047619044,48
2026,2026-08-08 17:00:00 PDT,49,25.766223,100,0.25766223,Eli White,642201,0.30107619047619044,49
2026,2026-08-08 17:00:00 PDT,50,26.152223,100,0.26152223,Eli White,642201,0.30107619047619044,50
2026,2026-08-08 17:00:00 PDT,51,26.459223,100,0.26459223,Eli White,642201,0.30107619047619044,51
2026,2026-08-08 17:00:00 PDT,52,27.043223,100,0.27043223,Eli White,642201,0.30107619047619044,52
2026,2026-08-07 17:00:00 PDT,53,26.772223,100,0.26772223,Eli White,642201,0.30107619047619044,53
2026,2026-08-07 17:00:00 PDT,54,26.879587,100,0.26879587,Eli White,642201,0.30107619047619044,54
2026,2026-08-07 17:00:00 PDT,55,26.487223,100,0.26487223,Eli White,642201,0.30107619047619044,55
2026,2026-08-07 17:00:00 PDT,56,26.380223,100,0.26380223,Eli White,642201,0.30107619047619044,56
2026,2026-08-07 17:00:00 PDT,57,26.442223,100,0.26442223,Eli White,642201,0.30107619047619044,57
2026,2026-08-06 17:00:00 PDT,58,26.500223,100,0.26500223,Eli White,642201,0.30107619047619044,58
2026,2026-08-06 17:00:00 PDT,59,26.766223,100,0.26766223,Eli White,642201,0.30107619047619044,59
2026,2026-08-03 17:00:00 PDT,60,27.078223,100,0.27078223,Eli White,642201,0.30107619047619044,60
2026,2026-07-29 17:00:00 PDT,61,26.852223,100,0.26852223,Eli White,642201,0.30107619047619044,61
2026,2026-07-28 17:00:00 PDT,62,26.838223,100,0.26838223,Eli White,642201,0.30107619047619044,62
2026,2026-07-28 17:00:00 PDT,63,26.515223,100,0.26515223,Eli White,642201,0.30107619047619044,63
2026,2026-07-28 17:00:00 PDT,64,27.230223,100,0.27230223,Eli White,642201,0.30107619047619044,64
2026,2026-07-28 17:00:00 PDT,65,27.170223,100,0.27170223,Eli White,642201,0.30107619047619044,65
2026,2026-07-25 17:00:00 PDT,66,27.276223,100,0.27276223,Eli White,642201,0.30107619047619044,66
2026,2026-07-24 17:00:00 PDT,67,27.227223,100,0.27227223,Eli White,642201,0.30107619047619044,67
2026,2026-07-23 17:00:00 PDT,68,27.077223,100,0.27077223,Eli White,642201,0.30107619047619044,68
2026,2026-07-23 17:00:00 PDT,69,27.052223,100,0.27052223,Eli White,642201,0.30107619047619044,69
2026,2026-07-23 17:00:00 PDT,70,28.009223,100,0.28009223,Eli White,642201,0.30107619047619044,70
2026,2026-07-21 17:00:00 PDT,71,28.380223,100,0.28380223,Eli White,642201,0.30107619047619044,71
2026,2026-07-19 17:00:00 PDT,72,28.573223,100,0.28573223,Eli White,642201,0.30107619047619044,72
2026,2026-07-19 17:00:00 PDT,73,28.048859,100,0.28048859,Eli White,642201,0.30107619047619044,73
2026,2026-07-19 17:00:00 PDT,74,28.200859,100,0.28200859,Eli White,642201,0.30107619047619044,74
2026,2026-07-18 17:00:00 PDT,75,28.510859,100,0.28510859,Eli White,642201,0.30107619047619044,75
2026,2026-07-17 17:00:00 PDT,76,29.323859,100,0.29323859,Eli White,642201,0.30107619047619044,76
2026,2026-07-17 17:00:00 PDT,77,29.139859,100,0.29139859,Eli White,642201,0.30107619047619044,77
2026,2026-07-17 17:00:00 PDT,78,29.139859,100,0.29139859,Eli White,642201,0.30107619047619044,78
2026,2026-07-17 17:00:00 PDT,79,29.919859,100,0.29919859,Eli White,642201,0.30107619047619044,79
2026,2026-07-11 17:00:00 PDT,80,29.630859,100,0.29630859,Eli White,642201,0.30107619047619044,80
2026,2026-07-11 17:00:00 PDT,81,29.212495,100,0.29212495,Eli White,642201,0.30107619047619044,81
2026,2026-07-11 17:00:00 PDT,82,28.551495,100,0.28551495,Eli White,642201,0.30107619047619044,82
2026,2026-07-10 17:00:00 PDT,83,28.703495,100,0.28703495,Eli White,642201,0.30107619047619044,83
2026,2026-07-10 17:00:00 PDT,84,28.519495,100,0.28519495,Eli White,642201,0.30107619047619044,84
2026,2026-07-10 17:00:00 PDT,85,28.337495,100,0.28337495,Eli White,642201,0.30107619047619044,85
2026,2026-07-04 17:00:00 PDT,86,28.467495,100,0.28467495,Eli White,642201,0.30107619047619044,86
2026,2026-07-04 17:00:00 PDT,87,27.850131,100,0.27850131,Eli White,642201,0.30107619047619044,87
2026,2026-07-03 17:00:00 PDT,88,28.074131,100,0.28074131,Eli White,642201,0.30107619047619044,88
2026,2026-07-03 17:00:00 PDT,89,28.895131,100,0.28895131,Eli White,642201,0.30107619047619044,89
2026,2026-06-29 17:00:00 PDT,90,29.006131,100,0.29006131,Eli White,642201,0.30107619047619044,90
2026,2026-06-29 17:00:00 PDT,91,29.323131,100,0.29323131,Eli White,642201,0.30107619047619044,91
2026,2026-06-27 17:00:00 PDT,92,29.433131,100,0.29433131,Eli White,642201,0.30107619047619044,92
2026,2026-06-27 17:00:00 PDT,93,29.303131,100,0.29303131,Eli White,642201,0.30107619047619044,93
2026,2026-06-27 17:00:00 PDT,94,29.535131,100,0.29535131,Eli White,642201,0.30107619047619044,94
2026,2026-06-23 17:00:00 PDT,95,29.310131,100,0.29310131,Eli White,642201,0.30107619047619044,95
2026,2026-06-23 17:00:00 PDT,96,29.251131,100,0.29251131,Eli White,642201,0.30107619047619044,96
2026,2026-06-23 17:00:00 PDT,97,29.322131,100,0.29322131,Eli White,642201,0.30107619047619044,97
2026,2026-06-22 17:00:00 PDT,98,29.384131,100,0.29384131,Eli White,642201,0.30107619047619044,98
2026,2026-06-22 17:00:00 PDT,99,29.113131,100,0.29113131,Eli White,642201,0.30107619047619044,99
2026,2026-06-22 17:00:00 PDT,100,29.811495,100,0.29811495,Eli White,642201,0.30107619047619044,100
2026,2026-09-26 17:00:00 PDT,1,25.919403,100,0.25919403,Trevor Story,596115,0.30107619047619044,1
2026,2026-09-26 17:00:00 PDT,2,25.531403,100,0.25531403,Trevor Story,596115,0.30107619047619044,2
2026,2026-09-26 17:00:00 PDT,3,25.900403,100,0.25900403,Trevor Story,596115,0.30107619047619044,3
2026,2026-09-24 17:00:00 PDT,4,25.171092,100,0.25171092,Trevor Story,596115,0.30107619047619044,4
2026,2026-09-24 17:00:00 PDT,5,24.472728,100,0.24472728,Trevor Story,596115,0.30107619047619044,5
2026,2026-09-24 17:00:00 PDT,6,24.472728,100,0.24472728,Trevor Story,596115,0.30107619047619044,6
2026,2026-09-24 17:00:00 PDT,7,24.472728,100,0.24472728,Trevor Story,596115,0.30107619047619044,7
2026,2026-09-23 17:00:00 PDT,8,24.472728,100,0.24472728,Trevor Story,596115,0.30107619047619044,8
2026,2026-09-23 17:00:00 PDT,9,24.490728,100,0.24490728,Trevor Story,596115,0.30107619047619044,9
2026,2026-09-23 17:00:00 PDT,10,24.490728,100,0.24490728,Trevor Story,596115,0.30107619047619044,10
2026,2026-09-22 17:00:00 PDT,11,24.399728,100,0.24399728,Trevor Story,596115,0.30107619047619044,11
2026,2026-09-22 17:00:00 PDT,12,24.288728,100,0.24288728,Trevor Story,596115,0.30107619047619044,12
2026,2026-09-22 17:00:00 PDT,13,24.716728,100,0.24716728,Trevor Story,596115,0.30107619047619044,13
2026,2026-09-22 17:00:00 PDT,14,25.219728,100,0.25219728,Trevor Story,596115,0.30107619047619044,14
2026,2026-09-19 17:00:00 PDT,15,25.219728,100,0.25219728,Trevor Story,596115,0.30107619047619044,15
2026,2026-09-19 17:00:00 PDT,16,24.398728,100,0.24398728,Trevor Story,596115,0.30107619047619044,16
2026,2026-09-19 17:00:00 PDT,17,24.343728,100,0.24343728,Trevor Story,596115,0.30107619047619044,17
2026,2026-09-19 17:00:00 PDT,18,24.014728,100,0.24014728,Trevor Story,596115,0.30107619047619044,18
2026,2026-09-18 17:00:00 PDT,19,24.092728,100,0.24092728,Trevor Story,596115,0.30107619047619044,19
2026,2026-09-18 17:00:00 PDT,20,24.754039,100,0.24754039,Trevor Story,596115,0.30107619047619044,20
2026,2026-09-18 17:00:00 PDT,21,24.839039,100,0.24839039,Trevor Story,596115,0.30107619047619044,21
2026,2026-09-18 17:00:00 PDT,22,25.133039,100,0.25133039,Trevor Story,596115,0.30107619047619044,22
2026,2026-09-17 17:00:00 PDT,23,24.859039,100,0.24859039,Trevor Story,596115,0.30107619047619044,23
2026,2026-09-17 17:00:00 PDT,24,25.131039,100,0.25131039,Trevor Story,596115,0.30107619047619044,24
2026,2026-09-17 17:00:00 PDT,25,24.966039,100,0.24966039,Trevor Story,596115,0.30107619047619044,25
2026,2026-09-17 17:00:00 PDT,26,24.267675,100,0.24267675,Trevor Story,596115,0.30107619047619044,26
2026,2026-09-16 17:00:00 PDT,27,24.637675,100,0.24637675,Trevor Story,596115,0.30107619047619044,27
2026,2026-09-16 17:00:00 PDT,28,23.952675,100,0.23952675,Trevor Story,596115,0.30107619047619044,28
2026,2026-09-16 17:00:00 PDT,29,23.955675,100,0.23955675,Trevor Story,596115,0.30107619047619044,29
2026,2026-09-16 17:00:00 PDT,30,23.166675,100,0.23166675,Trevor Story,596115,0.30107619047619044,30
2026,2026-09-15 17:00:00 PDT,31,23.480675,100,0.23480675,Trevor Story,596115,0.30107619047619044,31
2026,2026-09-15 17:00:00 PDT,32,24.164675,100,0.24164675,Trevor Story,596115,0.30107619047619044,32
2026,2026-09-15 17:00:00 PDT,33,23.770675,100,0.23770675,Trevor Story,596115,0.30107619047619044,33
2026,2026-09-14 17:00:00 PDT,34,24.471675,100,0.24471675,Trevor Story,596115,0.30107619047619044,34
2026,2026-09-14 17:00:00 PDT,35,24.651675,100,0.24651675,Trevor Story,596115,0.30107619047619044,35
2026,2026-09-14 17:00:00 PDT,36,25.350039,100,0.25350039,Trevor Story,596115,0.30107619047619044,36
2026,2026-09-12 17:00:00 PDT,37,25.718039,100,0.25718039,Trevor Story,596115,0.30107619047619044,37
2026,2026-09-12 17:00:00 PDT,38,26.170039,100,0.26170039,Trevor Story,596115,0.30107619047619044,38
2026,2026-09-12 17:00:00 PDT,39,25.645039,100,0.25645039,Trevor Story,596115,0.30107619047619044,39
2026,2026-09-12 17:00:00 PDT,40,24.759039,100,0.24759039,Trevor Story,596115,0.30107619047619044,40
2026,2026-09-11 17:00:00 PDT,41,24.815039,100,0.24815039,Trevor Story,596115,0.30107619047619044,41
2026,2026-09-11 17:00:00 PDT,42,23.913039,100,0.23913039,Trevor Story,596115,0.30107619047619044,42
2026,2026-09-11 17:00:00 PDT,43,24.200039,100,0.24200039,Trevor Story,596115,0.30107619047619044,43
2026,2026-09-11 17:00:00 PDT,44,24.153039,100,0.24153039,Trevor Story,596115,0.30107619047619044,44
2026,2026-09-10 17:00:00 PDT,45,24.156039,100,0.24156039,Trevor Story,596115,0.30107619047619044,45
2026,2026-09-10 17:00:00 PDT,46,22.690039,100,0.22690039,Trevor Story,596115,0.30107619047619044,46
2026,2026-09-10 17:00:00 PDT,47,22.690039,100,0.22690039,Trevor Story,596115,0.30107619047619044,47
2026,2026-09-10 17:00:00 PDT,48,22.739039,100,0.22739039,Trevor Story,596115,0.30107619047619044,48
2026,2026-09-08 17:00:00 PDT,49,23.592039,100,0.23592039,Trevor Story,596115,0.30107619047619044,49
2026,2026-09-08 17:00:00 PDT,50,23.176039,100,0.23176039,Trevor Story,596115,0.30107619047619044,50
2026,2026-09-08 17:00:00 PDT,51,23.374039,100,0.23374039,Trevor Story,596115,0.30107619047619044,51
2026,2026-09-08 17:00:00 PDT,52,23.374039,100,0.23374039,Trevor Story,596115,0.30107619047619044,52
2026,2026-09-07 17:00:00 PDT,53,23.301039,100,0.23301039,Trevor Story,596115,0.30107619047619044,53
2026,2026-09-07 17:00:00 PDT,54,23.592039,100,0.23592039,Trevor Story,596115,0.30107619047619044,54
2026,2026-09-07 17:00:00 PDT,55,23.641039,100,0.23641039,Trevor Story,596115,0.30107619047619044,55
2026,2026-09-07 17:00:00 PDT,56,24.191039,100,0.24191039,Trevor Story,596115,0.30107619047619044,56
2026,2026-09-06 17:00:00 PDT,57,24.889403,100,0.24889403,Trevor Story,596115,0.30107619047619044,57
2026,2026-09-06 17:00:00 PDT,58,24.891403,100,0.24891403,Trevor Story,596115,0.30107619047619044,58
2026,2026-09-06 17:00:00 PDT,59,24.784403,100,0.24784403,Trevor Story,596115,0.30107619047619044,59
2026,2026-09-06 17:00:00 PDT,60,25.131403,100,0.25131403,Trevor Story,596115,0.30107619047619044,60
2026,2026-09-05 17:00:00 PDT,61,25.598403,100,0.25598403,Trevor Story,596115,0.30107619047619044,61
2026,2026-09-05 17:00:00 PDT,62,24.981403,100,0.24981403,Trevor Story,596115,0.30107619047619044,62
2026,2026-09-05 17:00:00 PDT,63,25.006403,100,0.25006403,Trevor Story,596115,0.30107619047619044,63
2026,2026-09-05 17:00:00 PDT,64,24.940403,100,0.24940403,Trevor Story,596115,0.30107619047619044,64
2026,2026-09-04 17:00:00 PDT,65,24.745403,100,0.24745403,Trevor Story,596115,0.30107619047619044,65
2026,2026-09-04 17:00:00 PDT,66,24.877767,100,0.24877767,Trevor Story,596115,0.30107619047619044,66
2026,2026-09-04 17:00:00 PDT,67,24.873767,100,0.24873767,Trevor Story,596115,0.30107619047619044,67
2026,2026-09-04 17:00:00 PDT,68,24.334767,100,0.24334767,Trevor Story,596115,0.30107619047619044,68
2026,2026-09-04 17:00:00 PDT,69,25.250767,100,0.25250767,Trevor Story,596115,0.30107619047619044,69
2026,2026-09-03 17:00:00 PDT,70,25.949131,100,0.25949131,Trevor Story,596115,0.30107619047619044,70
2026,2026-09-03 17:00:00 PDT,71,25.949131,100,0.25949131,Trevor Story,596115,0.30107619047619044,71
2026,2026-09-03 17:00:00 PDT,72,25.012131,100,0.25012131,Trevor Story,596115,0.30107619047619044,72
2026,2026-09-03 17:00:00 PDT,73,25.160131,100,0.25160131,Trevor Story,596115,0.30107619047619044,73
2026,2026-09-01 17:00:00 PDT,74,25.160131,100,0.25160131,Trevor Story,596115,0.30107619047619044,74
2026,2026-09-01 17:00:00 PDT,75,25.501495,100,0.25501495,Trevor Story,596115,0.30107619047619044,75
2026,2026-09-01 17:00:00 PDT,76,25.501495,100,0.25501495,Trevor Story,596115,0.30107619047619044,76
2026,2026-09-01 17:00:00 PDT,77,25.114495,100,0.25114495,Trevor Story,596115,0.30107619047619044,77
2026,2026-08-31 17:00:00 PDT,78,25.144495,100,0.25144495,Trevor Story,596115,0.30107619047619044,78
2026,2026-08-31 17:00:00 PDT,79,24.878495,100,0.24878495,Trevor Story,596115,0.30107619047619044,79
2026,2026-08-31 17:00:00 PDT,80,24.878495,100,0.24878495,Trevor Story,596115,0.30107619047619044,80
2026,2026-08-31 17:00:00 PDT,81,23.699495,100,0.23699495,Trevor Story,596115,0.30107619047619044,81
2026,2026-08-30 17:00:00 PDT,82,23.848495,100,0.23848495,Trevor Story,596115,0.30107619047619044,82
2026,2026-08-30 17:00:00 PDT,83,23.131495,100,0.23131495,Trevor Story,596115,0.30107619047619044,83
2026,2026-08-30 17:00:00 PDT,84,23.395495,100,0.23395495,Trevor Story,596115,0.30107619047619044,84
2026,2026-08-30 17:00:00 PDT,85,23.390495,100,0.23390495,Trevor Story,596115,0.30107619047619044,85
2026,2026-08-30 17:00:00 PDT,86,24.064495,100,0.24064495,Trevor Story,596115,0.30107619047619044,86
2026,2026-08-29 17:00:00 PDT,87,24.370495,100,0.24370495,Trevor Story,596115,0.30107619047619044,87
2026,2026-08-29 17:00:00 PDT,88,24.574859,100,0.24574859,Trevor Story,596115,0.30107619047619044,88
2026,2026-08-29 17:00:00 PDT,89,25.370859,100,0.25370859,Trevor Story,596115,0.30107619047619044,89
2026,2026-05-13 17:00:00 PDT,90,25.573859,100,0.25573859,Trevor Story,596115,0.30107619047619044,90
2026,2026-05-13 17:00:00 PDT,91,25.811859,100,0.25811859,Trevor Story,596115,0.30107619047619044,91
2026,2026-05-13 17:00:00 PDT,92,25.811859,100,0.25811859,Trevor Story,596115,0.30107619047619044,92
2026,2026-05-13 17:00:00 PDT,93,25.887859,100,0.25887859,Trevor Story,596115,0.30107619047619044,93
2026,2026-05-12 17:00:00 PDT,94,25.805859,100,0.25805859,Trevor Story,596115,0.30107619047619044,94
2026,2026-05-12 17:00:00 PDT,95,25.985859,100,0.25985859,Trevor Story,596115,0.30107619047619044,95
2026,2026-05-12 17:00:00 PDT,96,26.122859,100,0.26122859,Trevor Story,596115,0.30107619047619044,96
2026,2026-05-11 17:00:00 PDT,97,24.204859,100,0.24204859,Trevor Story,596115,0.30107619047619044,97
2026,2026-05-11 17:00:00 PDT,98,23.863495,100,0.23863495,Trevor Story,596115,0.30107619047619044,98
2026,2026-05-11 17:00:00 PDT,99,23.703495,100,0.23703495,Trevor Story,596115,0.30107619047619044,99
2026,2026-05-11 17:00:00 PDT,100,24.442495,100,0.24442495,Trevor Story,596115,0.30107619047619044,100
2026,2026-09-26 17:00:00 PDT,1,32.739520,100,0.3273952,Jahmai Jones,663330,0.30107619047619044,1
2026,2026-09-26 17:00:00 PDT,2,32.817520,100,0.3281752,Jahmai Jones,663330,0.30107619047619044,2
2026,2026-09-24 17:00:00 PDT,3,33.348884,100,0.33348884,Jahmai Jones,663330,0.30107619047619044,3
2026,2026-09-24 17:00:00 PDT,4,32.715520,100,0.3271552,Jahmai Jones,663330,0.30107619047619044,4
2026,2026-09-24 17:00:00 PDT,5,33.413884,100,0.33413884,Jahmai Jones,663330,0.30107619047619044,5
2026,2026-09-24 17:00:00 PDT,6,33.842884,100,0.33842884,Jahmai Jones,663330,0.30107619047619044,6
2026,2026-09-22 17:00:00 PDT,7,32.418884,100,0.32418884,Jahmai Jones,663330,0.30107619047619044,7
2026,2026-09-22 17:00:00 PDT,8,32.853884,100,0.32853884,Jahmai Jones,663330,0.30107619047619044,8
2026,2026-09-22 17:00:00 PDT,9,32.328884,100,0.32328884,Jahmai Jones,663330,0.30107619047619044,9
2026,2026-09-22 17:00:00 PDT,10,32.346884,100,0.32346884,Jahmai Jones,663330,0.30107619047619044,10
2026,2026-09-21 17:00:00 PDT,11,31.842884,100,0.31842884,Jahmai Jones,663330,0.30107619047619044,11
2026,2026-09-21 17:00:00 PDT,12,31.695884,100,0.31695884,Jahmai Jones,663330,0.30107619047619044,12
2026,2026-09-21 17:00:00 PDT,13,31.695884,100,0.31695884,Jahmai Jones,663330,0.30107619047619044,13
2026,2026-09-19 17:00:00 PDT,14,32.606884,100,0.32606884,Jahmai Jones,663330,0.30107619047619044,14
2026,2026-09-17 17:00:00 PDT,15,32.912884,100,0.32912884,Jahmai Jones,663330,0.30107619047619044,15
2026,2026-09-17 17:00:00 PDT,16,33.051884,100,0.33051884,Jahmai Jones,663330,0.30107619047619044,16
2026,2026-09-17 17:00:00 PDT,17,31.059884,100,0.31059884,Jahmai Jones,663330,0.30107619047619044,17
2026,2026-09-16 17:00:00 PDT,18,31.059884,100,0.31059884,Jahmai Jones,663330,0.30107619047619044,18
2026,2026-09-16 17:00:00 PDT,19,31.059884,100,0.31059884,Jahmai Jones,663330,0.30107619047619044,19
2026,2026-09-16 17:00:00 PDT,20,31.463884,100,0.31463884,Jahmai Jones,663330,0.30107619047619044,20
2026,2026-09-15 17:00:00 PDT,21,31.463884,100,0.31463884,Jahmai Jones,663330,0.30107619047619044,21
2026,2026-09-15 17:00:00 PDT,22,31.444884,100,0.31444884,Jahmai Jones,663330,0.30107619047619044,22
2026,2026-09-14 17:00:00 PDT,23,32.080248,100,0.32080248,Jahmai Jones,663330,0.30107619047619044,23
2026,2026-09-14 17:00:00 PDT,24,32.463248,100,0.32463248,Jahmai Jones,663330,0.30107619047619044,24
2026,2026-09-12 17:00:00 PDT,25,33.101612,100,0.33101612,Jahmai Jones,663330,0.30107619047619044,25
2026,2026-09-12 17:00:00 PDT,26,33.101612,100,0.33101612,Jahmai Jones,663330,0.30107619047619044,26
2026,2026-09-12 17:00:00 PDT,27,33.152612,100,0.33152612,Jahmai Jones,663330,0.30107619047619044,27
2026,2026-09-12 17:00:00 PDT,28,34.053612,100,0.34053612,Jahmai Jones,663330,0.30107619047619044,28
2026,2026-09-10 17:00:00 PDT,29,34.053612,100,0.34053612,Jahmai Jones,663330,0.30107619047619044,29
2026,2026-09-07 17:00:00 PDT,30,33.336612,100,0.33336612,Jahmai Jones,663330,0.30107619047619044,30
2026,2026-09-07 17:00:00 PDT,31,33.322612,100,0.33322612,Jahmai Jones,663330,0.30107619047619044,31
2026,2026-09-07 17:00:00 PDT,32,33.909612,100,0.33909612,Jahmai Jones,663330,0.30107619047619044,32
2026,2026-09-07 17:00:00 PDT,33,33.180301,100,0.33180301,Jahmai Jones,663330,0.30107619047619044,33
2026,2026-09-05 17:00:00 PDT,34,33.878665,100,0.33878665,Jahmai Jones,663330,0.30107619047619044,34
2026,2026-09-02 17:00:00 PDT,35,33.960665,100,0.33960665,Jahmai Jones,663330,0.30107619047619044,35
2026,2026-08-31 17:00:00 PDT,36,33.256665,100,0.33256665,Jahmai Jones,663330,0.30107619047619044,36
2026,2026-08-28 17:00:00 PDT,37,31.482665,100,0.31482665,Jahmai Jones,663330,0.30107619047619044,37
2026,2026-08-28 17:00:00 PDT,38,30.784301,100,0.30784301,Jahmai Jones,663330,0.30107619047619044,38
2026,2026-08-28 17:00:00 PDT,39,31.320301,100,0.31320301,Jahmai Jones,663330,0.30107619047619044,39
2026,2026-08-28 17:00:00 PDT,40,31.289354,100,0.31289354,Jahmai Jones,663330,0.30107619047619044,40
2026,2026-08-28 17:00:00 PDT,41,31.309354,100,0.31309354,Jahmai Jones,663330,0.30107619047619044,41
2026,2026-08-28 17:00:00 PDT,42,31.309354,100,0.31309354,Jahmai Jones,663330,0.30107619047619044,42
2026,2026-08-28 17:00:00 PDT,43,31.375354,100,0.31375354,Jahmai Jones,663330,0.30107619047619044,43
2026,2026-08-27 17:00:00 PDT,44,31.224354,100,0.31224354,Jahmai Jones,663330,0.30107619047619044,44
2026,2026-08-27 17:00:00 PDT,45,31.210354,100,0.31210354,Jahmai Jones,663330,0.30107619047619044,45
2026,2026-08-25 17:00:00 PDT,46,30.886990,100,0.3088699,Jahmai Jones,663330,0.30107619047619044,46
2026,2026-08-24 17:00:00 PDT,47,30.819990,100,0.3081999,Jahmai Jones,663330,0.30107619047619044,47
2026,2026-08-22 17:00:00 PDT,48,30.121626,100,0.30121626,Jahmai Jones,663330,0.30107619047619044,48
2026,2026-08-22 17:00:00 PDT,49,28.582626,100,0.28582626,Jahmai Jones,663330,0.30107619047619044,49
2026,2026-08-21 17:00:00 PDT,50,27.738626,100,0.27738626,Jahmai Jones,663330,0.30107619047619044,50
2026,2026-08-18 17:00:00 PDT,51,27.009315,100,0.27009315,Jahmai Jones,663330,0.30107619047619044,51
2026,2026-08-14 17:00:00 PDT,52,26.978368,100,0.26978368,Jahmai Jones,663330,0.30107619047619044,52
2026,2026-08-14 17:00:00 PDT,53,26.039368,100,0.26039368,Jahmai Jones,663330,0.30107619047619044,53
2026,2026-08-08 17:00:00 PDT,54,26.870368,100,0.26870368,Jahmai Jones,663330,0.30107619047619044,54
2026,2026-08-07 17:00:00 PDT,55,27.558368,100,0.27558368,Jahmai Jones,663330,0.30107619047619044,55
2026,2026-08-07 17:00:00 PDT,56,26.898368,100,0.26898368,Jahmai Jones,663330,0.30107619047619044,56
2026,2026-08-07 17:00:00 PDT,57,28.892368,100,0.28892368,Jahmai Jones,663330,0.30107619047619044,57
2026,2026-08-07 17:00:00 PDT,58,28.066368,100,0.28066368,Jahmai Jones,663330,0.30107619047619044,58
2026,2026-08-07 17:00:00 PDT,59,28.839368,100,0.28839368,Jahmai Jones,663330,0.30107619047619044,59
2026,2026-08-05 17:00:00 PDT,60,28.046368,100,0.28046368,Jahmai Jones,663330,0.30107619047619044,60
2026,2026-08-04 17:00:00 PDT,61,28.308368,100,0.28308368,Jahmai Jones,663330,0.30107619047619044,61
2026,2026-07-28 17:00:00 PDT,62,30.254368,100,0.30254368,Jahmai Jones,663330,0.30107619047619044,62
2026,2026-07-28 17:00:00 PDT,63,30.271368,100,0.30271368,Jahmai Jones,663330,0.30107619047619044,63
2026,2026-07-28 17:00:00 PDT,64,30.983368,100,0.30983368,Jahmai Jones,663330,0.30107619047619044,64
2026,2026-07-27 17:00:00 PDT,65,31.232004,100,0.31232004,Jahmai Jones,663330,0.30107619047619044,65
2026,2026-07-27 17:00:00 PDT,66,31.232004,100,0.31232004,Jahmai Jones,663330,0.30107619047619044,66
2026,2026-07-27 17:00:00 PDT,67,31.421004,100,0.31421004,Jahmai Jones,663330,0.30107619047619044,67
2026,2026-07-25 17:00:00 PDT,68,31.514004,100,0.31514004,Jahmai Jones,663330,0.30107619047619044,68
2026,2026-07-23 17:00:00 PDT,69,31.446004,100,0.31446004,Jahmai Jones,663330,0.30107619047619044,69
2026,2026-07-21 17:00:00 PDT,70,31.446004,100,0.31446004,Jahmai Jones,663330,0.30107619047619044,70
2026,2026-07-18 17:00:00 PDT,71,31.874004,100,0.31874004,Jahmai Jones,663330,0.30107619047619044,71
2026,2026-07-18 17:00:00 PDT,72,31.917004,100,0.31917004,Jahmai Jones,663330,0.30107619047619044,72
2026,2026-07-18 17:00:00 PDT,73,31.218640,100,0.3121864,Jahmai Jones,663330,0.30107619047619044,73
2026,2026-07-17 17:00:00 PDT,74,30.464640,100,0.3046464,Jahmai Jones,663330,0.30107619047619044,74
2026,2026-07-16 17:00:00 PDT,75,29.260640,100,0.2926064,Jahmai Jones,663330,0.30107619047619044,75
2026,2026-07-07 17:00:00 PDT,76,29.306640,100,0.2930664,Jahmai Jones,663330,0.30107619047619044,76
2026,2026-07-07 17:00:00 PDT,77,29.291640,100,0.2929164,Jahmai Jones,663330,0.30107619047619044,77
2026,2026-06-28 17:00:00 PDT,78,29.291640,100,0.2929164,Jahmai Jones,663330,0.30107619047619044,78
2026,2026-06-27 17:00:00 PDT,79,29.654640,100,0.2965464,Jahmai Jones,663330,0.30107619047619044,79
2026,2026-06-26 17:00:00 PDT,80,29.542276,100,0.29542276,Jahmai Jones,663330,0.30107619047619044,80
2026,2026-06-22 17:00:00 PDT,81,29.691276,100,0.29691276,Jahmai Jones,663330,0.30107619047619044,81
2026,2026-06-22 17:00:00 PDT,82,30.416276,100,0.30416276,Jahmai Jones,663330,0.30107619047619044,82
2026,2026-06-20 17:00:00 PDT,83,31.107773,100,0.31107773,Jahmai Jones,663330,0.30107619047619044,83
2026,2026-06-20 17:00:00 PDT,84,31.598270,100,0.3159827,Jahmai Jones,663330,0.30107619047619044,84
2026,2026-06-19 17:00:00 PDT,85,31.598270,100,0.3159827,Jahmai Jones,663330,0.30107619047619044,85
2026,2026-06-18 17:00:00 PDT,86,31.603270,100,0.3160327,Jahmai Jones,663330,0.30107619047619044,86
2026,2026-06-15 17:00:00 PDT,87,31.619270,100,0.3161927,Jahmai Jones,663330,0.30107619047619044,87
2026,2026-06-14 17:00:00 PDT,88,32.098520,100,0.3209852,Jahmai Jones,663330,0.30107619047619044,88
2026,2026-06-14 17:00:00 PDT,89,32.999520,100,0.3299952,Jahmai Jones,663330,0.30107619047619044,89
2026,2026-06-14 17:00:00 PDT,90,33.289520,100,0.3328952,Jahmai Jones,663330,0.30107619047619044,90
2026,2026-06-12 17:00:00 PDT,91,33.289520,100,0.3328952,Jahmai Jones,663330,0.30107619047619044,91
2026,2026-06-12 17:00:00 PDT,92,33.981017,100,0.33981017,Jahmai Jones,663330,0.30107619047619044,92
2026,2026-06-09 17:00:00 PDT,93,34.018017,100,0.34018017,Jahmai Jones,663330,0.30107619047619044,93
2026,2026-06-06 17:00:00 PDT,94,34.179017,100,0.34179017,Jahmai Jones,663330,0.30107619047619044,94
2026,2026-06-05 17:00:00 PDT,95,36.034017,100,0.36034017,Jahmai Jones,663330,0.30107619047619044,95
2026,2026-06-05 17:00:00 PDT,96,35.335653,100,0.35335653,Jahmai Jones,663330,0.30107619047619044,96
2026,2026-06-01 17:00:00 PDT,97,36.021150,100,0.3602115,Jahmai Jones,663330,0.30107619047619044,97
2026,2026-06-01 17:00:00 PDT,98,35.439150,100,0.3543915,Jahmai Jones,663330,0.30107619047619044,98
2026,2026-06-01 17:00:00 PDT,99,36.022150,100,0.3602215,Jahmai Jones,663330,0.30107619047619044,99
2026,2026-06-01 17:00:00 PDT,100,36.655150,100,0.3665515,Jahmai Jones,663330,0.30107619047619044,100
2026,2026-09-26 17:00:00 PDT,1,32.597495,100,0.32597495,Jarren Duran,680776,0.30107619047619044,1
2026,2026-09-26 17:00:00 PDT,2,33.308806,100,0.33308806,Jarren Duran,680776,0.30107619047619044,2
2026,2026-09-24 17:00:00 PDT,3,33.872806,100,0.33872806,Jarren Duran,680776,0.30107619047619044,3
2026,2026-09-24 17:00:00 PDT,4,33.758806,100,0.33758806,Jarren Duran,680776,0.30107619047619044,4
2026,2026-09-24 17:00:00 PDT,5,33.748806,100,0.33748806,Jarren Duran,680776,0.30107619047619044,5
2026,2026-09-24 17:00:00 PDT,6,34.652806,100,0.34652806,Jarren Duran,680776,0.30107619047619044,6
2026,2026-09-24 17:00:00 PDT,7,34.344442,100,0.34344442,Jarren Duran,680776,0.30107619047619044,7
2026,2026-09-24 17:00:00 PDT,8,34.034442,100,0.34034442,Jarren Duran,680776,0.30107619047619044,8
2026,2026-09-24 17:00:00 PDT,9,33.913078,100,0.33913078,Jarren Duran,680776,0.30107619047619044,9
2026,2026-09-23 17:00:00 PDT,10,33.583078,100,0.33583078,Jarren Duran,680776,0.30107619047619044,10
2026,2026-09-23 17:00:00 PDT,11,32.982078,100,0.32982078,Jarren Duran,680776,0.30107619047619044,11
2026,2026-09-23 17:00:00 PDT,12,33.710078,100,0.33710078,Jarren Duran,680776,0.30107619047619044,12
2026,2026-09-22 17:00:00 PDT,13,33.702078,100,0.33702078,Jarren Duran,680776,0.30107619047619044,13
2026,2026-09-22 17:00:00 PDT,14,33.338078,100,0.33338078,Jarren Duran,680776,0.30107619047619044,14
2026,2026-09-22 17:00:00 PDT,15,32.443078,100,0.32443078,Jarren Duran,680776,0.30107619047619044,15
2026,2026-09-21 17:00:00 PDT,16,32.520078,100,0.32520078,Jarren Duran,680776,0.30107619047619044,16
2026,2026-09-19 17:00:00 PDT,17,31.826714,100,0.31826714,Jarren Duran,680776,0.30107619047619044,17
2026,2026-09-19 17:00:00 PDT,18,31.668714,100,0.31668714,Jarren Duran,680776,0.30107619047619044,18
2026,2026-09-19 17:00:00 PDT,19,31.189714,100,0.31189714,Jarren Duran,680776,0.30107619047619044,19
2026,2026-09-19 17:00:00 PDT,20,30.491350,100,0.3049135,Jarren Duran,680776,0.30107619047619044,20
2026,2026-09-18 17:00:00 PDT,21,30.649350,100,0.3064935,Jarren Duran,680776,0.30107619047619044,21
2026,2026-09-18 17:00:00 PDT,22,30.597714,100,0.30597714,Jarren Duran,680776,0.30107619047619044,22
2026,2026-09-18 17:00:00 PDT,23,30.110714,100,0.30110714,Jarren Duran,680776,0.30107619047619044,23
2026,2026-09-16 17:00:00 PDT,24,29.368714,100,0.29368714,Jarren Duran,680776,0.30107619047619044,24
2026,2026-09-16 17:00:00 PDT,25,29.502714,100,0.29502714,Jarren Duran,680776,0.30107619047619044,25
2026,2026-09-15 17:00:00 PDT,26,29.808714,100,0.29808714,Jarren Duran,680776,0.30107619047619044,26
2026,2026-09-14 17:00:00 PDT,27,30.348078,100,0.30348078,Jarren Duran,680776,0.30107619047619044,27
2026,2026-09-14 17:00:00 PDT,28,30.352078,100,0.30352078,Jarren Duran,680776,0.30107619047619044,28
2026,2026-09-14 17:00:00 PDT,29,29.707767,100,0.29707767,Jarren Duran,680776,0.30107619047619044,29
2026,2026-09-12 17:00:00 PDT,30,29.783767,100,0.29783767,Jarren Duran,680776,0.30107619047619044,30
2026,2026-09-11 17:00:00 PDT,31,30.221767,100,0.30221767,Jarren Duran,680776,0.30107619047619044,31
2026,2026-09-11 17:00:00 PDT,32,30.070767,100,0.30070767,Jarren Duran,680776,0.30107619047619044,32
2026,2026-09-11 17:00:00 PDT,33,30.509131,100,0.30509131,Jarren Duran,680776,0.30107619047619044,33
2026,2026-09-11 17:00:00 PDT,34,30.974131,100,0.30974131,Jarren Duran,680776,0.30107619047619044,34
2026,2026-09-10 17:00:00 PDT,35,31.081131,100,0.31081131,Jarren Duran,680776,0.30107619047619044,35
2026,2026-09-10 17:00:00 PDT,36,31.415131,100,0.31415131,Jarren Duran,680776,0.30107619047619044,36
2026,2026-09-10 17:00:00 PDT,37,31.973131,100,0.31973131,Jarren Duran,680776,0.30107619047619044,37
2026,2026-09-10 17:00:00 PDT,38,31.923131,100,0.31923131,Jarren Duran,680776,0.30107619047619044,38
2026,2026-09-08 17:00:00 PDT,39,31.926131,100,0.31926131,Jarren Duran,680776,0.30107619047619044,39
2026,2026-09-08 17:00:00 PDT,40,31.625767,100,0.31625767,Jarren Duran,680776,0.30107619047619044,40
2026,2026-09-08 17:00:00 PDT,41,31.687767,100,0.31687767,Jarren Duran,680776,0.30107619047619044,41
2026,2026-09-08 17:00:00 PDT,42,31.603767,100,0.31603767,Jarren Duran,680776,0.30107619047619044,42
2026,2026-09-06 17:00:00 PDT,43,31.399767,100,0.31399767,Jarren Duran,680776,0.30107619047619044,43
2026,2026-09-06 17:00:00 PDT,44,31.170767,100,0.31170767,Jarren Duran,680776,0.30107619047619044,44
2026,2026-09-06 17:00:00 PDT,45,29.908767,100,0.29908767,Jarren Duran,680776,0.30107619047619044,45
2026,2026-09-06 17:00:00 PDT,46,29.908767,100,0.29908767,Jarren Duran,680776,0.30107619047619044,46
2026,2026-09-05 17:00:00 PDT,47,28.130767,100,0.28130767,Jarren Duran,680776,0.30107619047619044,47
2026,2026-09-05 17:00:00 PDT,48,28.134767,100,0.28134767,Jarren Duran,680776,0.30107619047619044,48
2026,2026-09-05 17:00:00 PDT,49,28.085131,100,0.28085131,Jarren Duran,680776,0.30107619047619044,49
2026,2026-09-05 17:00:00 PDT,50,28.044131,100,0.28044131,Jarren Duran,680776,0.30107619047619044,50
2026,2026-09-04 17:00:00 PDT,51,27.768131,100,0.27768131,Jarren Duran,680776,0.30107619047619044,51
2026,2026-09-04 17:00:00 PDT,52,29.048131,100,0.29048131,Jarren Duran,680776,0.30107619047619044,52
2026,2026-09-04 17:00:00 PDT,53,28.354767,100,0.28354767,Jarren Duran,680776,0.30107619047619044,53
2026,2026-09-04 17:00:00 PDT,54,28.467767,100,0.28467767,Jarren Duran,680776,0.30107619047619044,54
2026,2026-09-03 17:00:00 PDT,55,29.056767,100,0.29056767,Jarren Duran,680776,0.30107619047619044,55
2026,2026-09-03 17:00:00 PDT,56,28.628767,100,0.28628767,Jarren Duran,680776,0.30107619047619044,56
2026,2026-09-03 17:00:00 PDT,57,28.549767,100,0.28549767,Jarren Duran,680776,0.30107619047619044,57
2026,2026-09-03 17:00:00 PDT,58,28.717767,100,0.28717767,Jarren Duran,680776,0.30107619047619044,58
2026,2026-09-02 17:00:00 PDT,59,29.250767,100,0.29250767,Jarren Duran,680776,0.30107619047619044,59
2026,2026-09-02 17:00:00 PDT,60,29.641767,100,0.29641767,Jarren Duran,680776,0.30107619047619044,60
2026,2026-09-02 17:00:00 PDT,61,29.641767,100,0.29641767,Jarren Duran,680776,0.30107619047619044,61
2026,2026-09-02 17:00:00 PDT,62,30.326767,100,0.30326767,Jarren Duran,680776,0.30107619047619044,62
2026,2026-09-01 17:00:00 PDT,63,30.462767,100,0.30462767,Jarren Duran,680776,0.30107619047619044,63
2026,2026-09-01 17:00:00 PDT,64,31.982767,100,0.31982767,Jarren Duran,680776,0.30107619047619044,64
2026,2026-09-01 17:00:00 PDT,65,31.634767,100,0.31634767,Jarren Duran,680776,0.30107619047619044,65
2026,2026-09-01 17:00:00 PDT,66,33.239767,100,0.33239767,Jarren Duran,680776,0.30107619047619044,66
2026,2026-08-31 17:00:00 PDT,67,33.255767,100,0.33255767,Jarren Duran,680776,0.30107619047619044,67
2026,2026-08-31 17:00:00 PDT,68,32.856767,100,0.32856767,Jarren Duran,680776,0.30107619047619044,68
2026,2026-08-31 17:00:00 PDT,69,32.698767,100,0.32698767,Jarren Duran,680776,0.30107619047619044,69
2026,2026-08-31 17:00:00 PDT,70,33.072767,100,0.33072767,Jarren Duran,680776,0.30107619047619044,70
2026,2026-08-30 17:00:00 PDT,71,33.234767,100,0.33234767,Jarren Duran,680776,0.30107619047619044,71
2026,2026-08-30 17:00:00 PDT,72,33.685767,100,0.33685767,Jarren Duran,680776,0.30107619047619044,72
2026,2026-08-30 17:00:00 PDT,73,33.681767,100,0.33681767,Jarren Duran,680776,0.30107619047619044,73
2026,2026-08-30 17:00:00 PDT,74,34.383767,100,0.34383767,Jarren Duran,680776,0.30107619047619044,74
2026,2026-08-29 17:00:00 PDT,75,32.805767,100,0.32805767,Jarren Duran,680776,0.30107619047619044,75
2026,2026-08-29 17:00:00 PDT,76,32.453767,100,0.32453767,Jarren Duran,680776,0.30107619047619044,76
2026,2026-08-29 17:00:00 PDT,77,32.189767,100,0.32189767,Jarren Duran,680776,0.30107619047619044,77
2026,2026-08-28 17:00:00 PDT,78,32.328767,100,0.32328767,Jarren Duran,680776,0.30107619047619044,78
2026,2026-08-28 17:00:00 PDT,79,31.867767,100,0.31867767,Jarren Duran,680776,0.30107619047619044,79
2026,2026-08-28 17:00:00 PDT,80,32.124767,100,0.32124767,Jarren Duran,680776,0.30107619047619044,80
2026,2026-08-27 17:00:00 PDT,81,32.003767,100,0.32003767,Jarren Duran,680776,0.30107619047619044,81
2026,2026-08-27 17:00:00 PDT,82,31.806767,100,0.31806767,Jarren Duran,680776,0.30107619047619044,82
2026,2026-08-25 17:00:00 PDT,83,32.654767,100,0.32654767,Jarren Duran,680776,0.30107619047619044,83
2026,2026-08-25 17:00:00 PDT,84,32.465767,100,0.32465767,Jarren Duran,680776,0.30107619047619044,84
2026,2026-08-25 17:00:00 PDT,85,32.315767,100,0.32315767,Jarren Duran,680776,0.30107619047619044,85
2026,2026-08-24 17:00:00 PDT,86,31.296767,100,0.31296767,Jarren Duran,680776,0.30107619047619044,86
2026,2026-08-24 17:00:00 PDT,87,30.312767,100,0.30312767,Jarren Duran,680776,0.30107619047619044,87
2026,2026-08-24 17:00:00 PDT,88,30.492767,100,0.30492767,Jarren Duran,680776,0.30107619047619044,88
2026,2026-08-24 17:00:00 PDT,89,30.165767,100,0.30165767,Jarren Duran,680776,0.30107619047619044,89
2026,2026-08-24 17:00:00 PDT,90,30.256767,100,0.30256767,Jarren Duran,680776,0.30107619047619044,90
2026,2026-08-23 17:00:00 PDT,91,30.530767,100,0.30530767,Jarren Duran,680776,0.30107619047619044,91
2026,2026-08-23 17:00:00 PDT,92,31.028767,100,0.31028767,Jarren Duran,680776,0.30107619047619044,92
2026,2026-08-23 17:00:00 PDT,93,31.009767,100,0.31009767,Jarren Duran,680776,0.30107619047619044,93
2026,2026-08-23 17:00:00 PDT,94,30.882767,100,0.30882767,Jarren Duran,680776,0.30107619047619044,94
2026,2026-08-22 17:00:00 PDT,95,30.117767,100,0.30117767,Jarren Duran,680776,0.30107619047619044,95
2026,2026-08-21 17:00:00 PDT,96,30.117767,100,0.30117767,Jarren Duran,680776,0.30107619047619044,96
2026,2026-08-21 17:00:00 PDT,97,29.848767,100,0.29848767,Jarren Duran,680776,0.30107619047619044,97
2026,2026-08-21 17:00:00 PDT,98,30.102767,100,0.30102767,Jarren Duran,680776,0.30107619047619044,98
2026,2026-08-20 17:00:00 PDT,99,30.295767,100,0.30295767,Jarren Duran,680776,0.30107619047619044,99
2026,2026-08-20 17:00:00 PDT,100,29.807767,100,0.29807767,Jarren Duran,680776,0.30107619047619044,100
2026,2026-09-26 17:00:00 PDT,1,21.384859,100,0.21384859,Andruw Monasterio,655316,0.30107619047619044,1
2026,2026-09-26 17:00:00 PDT,2,21.864859,100,0.21864859,Andruw Monasterio,655316,0.30107619047619044,2
2026,2026-09-26 17:00:00 PDT,3,21.967859,100,0.21967859,Andruw Monasterio,655316,0.30107619047619044,3
2026,2026-09-24 17:00:00 PDT,4,21.626859,100,0.21626859,Andruw Monasterio,655316,0.30107619047619044,4
2026,2026-09-24 17:00:00 PDT,5,22.322223,100,0.22322223,Andruw Monasterio,655316,0.30107619047619044,5
2026,2026-09-24 17:00:00 PDT,6,22.136223,100,0.22136223,Andruw Monasterio,655316,0.30107619047619044,6
2026,2026-09-24 17:00:00 PDT,7,22.734587,100,0.22734587,Andruw Monasterio,655316,0.30107619047619044,7
2026,2026-09-24 17:00:00 PDT,8,22.526587,100,0.22526587,Andruw Monasterio,655316,0.30107619047619044,8
2026,2026-09-24 17:00:00 PDT,9,23.357587,100,0.23357587,Andruw Monasterio,655316,0.30107619047619044,9
2026,2026-09-24 17:00:00 PDT,10,23.251587,100,0.23251587,Andruw Monasterio,655316,0.30107619047619044,10
2026,2026-09-23 17:00:00 PDT,11,23.986587,100,0.23986587,Andruw Monasterio,655316,0.30107619047619044,11
2026,2026-09-22 17:00:00 PDT,12,23.848223,100,0.23848223,Andruw Monasterio,655316,0.30107619047619044,12
2026,2026-09-22 17:00:00 PDT,13,23.116223,100,0.23116223,Andruw Monasterio,655316,0.30107619047619044,13
2026,2026-09-22 17:00:00 PDT,14,23.814587,100,0.23814587,Andruw Monasterio,655316,0.30107619047619044,14
2026,2026-09-21 17:00:00 PDT,15,23.726587,100,0.23726587,Andruw Monasterio,655316,0.30107619047619044,15
2026,2026-09-21 17:00:00 PDT,16,24.680587,100,0.24680587,Andruw Monasterio,655316,0.30107619047619044,16
2026,2026-09-21 17:00:00 PDT,17,24.876587,100,0.24876587,Andruw Monasterio,655316,0.30107619047619044,17
2026,2026-09-21 17:00:00 PDT,18,24.178223,100,0.24178223,Andruw Monasterio,655316,0.30107619047619044,18
2026,2026-09-14 17:00:00 PDT,19,24.964223,100,0.24964223,Andruw Monasterio,655316,0.30107619047619044,19
2026,2026-09-12 17:00:00 PDT,20,25.350223,100,0.25350223,Andruw Monasterio,655316,0.30107619047619044,20
2026,2026-09-07 17:00:00 PDT,21,26.042223,100,0.26042223,Andruw Monasterio,655316,0.30107619047619044,21
2026,2026-09-07 17:00:00 PDT,22,25.958223,100,0.25958223,Andruw Monasterio,655316,0.30107619047619044,22
2026,2026-09-07 17:00:00 PDT,23,26.760223,100,0.26760223,Andruw Monasterio,655316,0.30107619047619044,23
2026,2026-09-07 17:00:00 PDT,24,26.735223,100,0.26735223,Andruw Monasterio,655316,0.30107619047619044,24
2026,2026-09-05 17:00:00 PDT,25,26.789223,100,0.26789223,Andruw Monasterio,655316,0.30107619047619044,25
2026,2026-09-05 17:00:00 PDT,26,26.901223,100,0.26901223,Andruw Monasterio,655316,0.30107619047619044,26
2026,2026-09-05 17:00:00 PDT,27,26.969223,100,0.26969223,Andruw Monasterio,655316,0.30107619047619044,27
2026,2026-09-05 17:00:00 PDT,28,27.353223,100,0.27353223,Andruw Monasterio,655316,0.30107619047619044,28
2026,2026-09-02 17:00:00 PDT,29,27.318223,100,0.27318223,Andruw Monasterio,655316,0.30107619047619044,29
2026,2026-08-29 17:00:00 PDT,30,26.983223,100,0.26983223,Andruw Monasterio,655316,0.30107619047619044,30
2026,2026-08-28 17:00:00 PDT,31,27.396534,100,0.27396534,Andruw Monasterio,655316,0.30107619047619044,31
2026,2026-08-28 17:00:00 PDT,32,26.592534,100,0.26592534,Andruw Monasterio,655316,0.30107619047619044,32
2026,2026-08-28 17:00:00 PDT,33,26.864534,100,0.26864534,Andruw Monasterio,655316,0.30107619047619044,33
2026,2026-08-28 17:00:00 PDT,34,26.546534,100,0.26546534,Andruw Monasterio,655316,0.30107619047619044,34
2026,2026-08-28 17:00:00 PDT,35,26.540534,100,0.26540534,Andruw Monasterio,655316,0.30107619047619044,35
2026,2026-08-28 17:00:00 PDT,36,26.661534,100,0.26661534,Andruw Monasterio,655316,0.30107619047619044,36
2026,2026-08-28 17:00:00 PDT,37,27.323534,100,0.27323534,Andruw Monasterio,655316,0.30107619047619044,37
2026,2026-08-28 17:00:00 PDT,38,27.347534,100,0.27347534,Andruw Monasterio,655316,0.30107619047619044,38
2026,2026-08-27 17:00:00 PDT,39,27.833534,100,0.27833534,Andruw Monasterio,655316,0.30107619047619044,39
2026,2026-08-27 17:00:00 PDT,40,27.817534,100,0.27817534,Andruw Monasterio,655316,0.30107619047619044,40
2026,2026-08-25 17:00:00 PDT,41,27.656534,100,0.27656534,Andruw Monasterio,655316,0.30107619047619044,41
2026,2026-08-25 17:00:00 PDT,42,26.793534,100,0.26793534,Andruw Monasterio,655316,0.30107619047619044,42
2026,2026-08-25 17:00:00 PDT,43,26.517223,100,0.26517223,Andruw Monasterio,655316,0.30107619047619044,43
2026,2026-08-25 17:00:00 PDT,44,26.340223,100,0.26340223,Andruw Monasterio,655316,0.30107619047619044,44
2026,2026-08-24 17:00:00 PDT,45,26.821859,100,0.26821859,Andruw Monasterio,655316,0.30107619047619044,45
2026,2026-08-24 17:00:00 PDT,46,27.497170,100,0.2749717,Andruw Monasterio,655316,0.30107619047619044,46
2026,2026-08-24 17:00:00 PDT,47,27.418170,100,0.2741817,Andruw Monasterio,655316,0.30107619047619044,47
2026,2026-08-24 17:00:00 PDT,48,27.938170,100,0.2793817,Andruw Monasterio,655316,0.30107619047619044,48
2026,2026-08-24 17:00:00 PDT,49,28.615170,100,0.2861517,Andruw Monasterio,655316,0.30107619047619044,49
2026,2026-08-22 17:00:00 PDT,50,28.491170,100,0.2849117,Andruw Monasterio,655316,0.30107619047619044,50
2026,2026-08-22 17:00:00 PDT,51,28.761170,100,0.2876117,Andruw Monasterio,655316,0.30107619047619044,51
2026,2026-08-22 17:00:00 PDT,52,28.686170,100,0.2868617,Andruw Monasterio,655316,0.30107619047619044,52
2026,2026-08-22 17:00:00 PDT,53,29.195534,100,0.29195534,Andruw Monasterio,655316,0.30107619047619044,53
2026,2026-08-21 17:00:00 PDT,54,28.767534,100,0.28767534,Andruw Monasterio,655316,0.30107619047619044,54
2026,2026-08-21 17:00:00 PDT,55,28.329534,100,0.28329534,Andruw Monasterio,655316,0.30107619047619044,55
2026,2026-08-21 17:00:00 PDT,56,28.236534,100,0.28236534,Andruw Monasterio,655316,0.30107619047619044,56
2026,2026-08-21 17:00:00 PDT,57,28.934898,100,0.28934898,Andruw Monasterio,655316,0.30107619047619044,57
2026,2026-08-20 17:00:00 PDT,58,29.156898,100,0.29156898,Andruw Monasterio,655316,0.30107619047619044,58
2026,2026-08-20 17:00:00 PDT,59,29.739262,100,0.29739262,Andruw Monasterio,655316,0.30107619047619044,59
2026,2026-08-20 17:00:00 PDT,60,30.007262,100,0.30007262,Andruw Monasterio,655316,0.30107619047619044,60
2026,2026-08-20 17:00:00 PDT,61,29.709898,100,0.29709898,Andruw Monasterio,655316,0.30107619047619044,61
2026,2026-08-18 17:00:00 PDT,62,29.686898,100,0.29686898,Andruw Monasterio,655316,0.30107619047619044,62
2026,2026-08-18 17:00:00 PDT,63,29.962898,100,0.29962898,Andruw Monasterio,655316,0.30107619047619044,63
2026,2026-08-18 17:00:00 PDT,64,30.118898,100,0.30118898,Andruw Monasterio,655316,0.30107619047619044,64
2026,2026-08-18 17:00:00 PDT,65,30.066898,100,0.30066898,Andruw Monasterio,655316,0.30107619047619044,65
2026,2026-08-17 17:00:00 PDT,66,30.258898,100,0.30258898,Andruw Monasterio,655316,0.30107619047619044,66
2026,2026-08-17 17:00:00 PDT,67,30.746898,100,0.30746898,Andruw Monasterio,655316,0.30107619047619044,67
2026,2026-08-17 17:00:00 PDT,68,30.454898,100,0.30454898,Andruw Monasterio,655316,0.30107619047619044,68
2026,2026-08-17 17:00:00 PDT,69,30.534898,100,0.30534898,Andruw Monasterio,655316,0.30107619047619044,69
2026,2026-08-16 17:00:00 PDT,70,30.836898,100,0.30836898,Andruw Monasterio,655316,0.30107619047619044,70
2026,2026-08-16 17:00:00 PDT,71,31.093898,100,0.31093898,Andruw Monasterio,655316,0.30107619047619044,71
2026,2026-08-16 17:00:00 PDT,72,31.770262,100,0.31770262,Andruw Monasterio,655316,0.30107619047619044,72
2026,2026-08-16 17:00:00 PDT,73,31.640262,100,0.31640262,Andruw Monasterio,655316,0.30107619047619044,73
2026,2026-08-16 17:00:00 PDT,74,30.886262,100,0.30886262,Andruw Monasterio,655316,0.30107619047619044,74
2026,2026-08-15 17:00:00 PDT,75,31.788262,100,0.31788262,Andruw Monasterio,655316,0.30107619047619044,75
2026,2026-08-15 17:00:00 PDT,76,31.725262,100,0.31725262,Andruw Monasterio,655316,0.30107619047619044,76
2026,2026-08-15 17:00:00 PDT,77,32.656262,100,0.32656262,Andruw Monasterio,655316,0.30107619047619044,77
2026,2026-08-15 17:00:00 PDT,78,33.137262,100,0.33137262,Andruw Monasterio,655316,0.30107619047619044,78
2026,2026-08-14 17:00:00 PDT,79,33.721626,100,0.33721626,Andruw Monasterio,655316,0.30107619047619044,79
2026,2026-08-14 17:00:00 PDT,80,33.796990,100,0.3379699,Andruw Monasterio,655316,0.30107619047619044,80
2026,2026-08-14 17:00:00 PDT,81,34.310354,100,0.34310354,Andruw Monasterio,655316,0.30107619047619044,81
2026,2026-08-14 17:00:00 PDT,82,34.992354,100,0.34992354,Andruw Monasterio,655316,0.30107619047619044,82
2026,2026-08-13 17:00:00 PDT,83,34.786354,100,0.34786354,Andruw Monasterio,655316,0.30107619047619044,83
2026,2026-08-13 17:00:00 PDT,84,34.706354,100,0.34706354,Andruw Monasterio,655316,0.30107619047619044,84
2026,2026-08-13 17:00:00 PDT,85,35.186990,100,0.3518699,Andruw Monasterio,655316,0.30107619047619044,85
2026,2026-08-13 17:00:00 PDT,86,35.458990,100,0.3545899,Andruw Monasterio,655316,0.30107619047619044,86
2026,2026-08-12 17:00:00 PDT,87,35.604990,100,0.3560499,Andruw Monasterio,655316,0.30107619047619044,87
2026,2026-08-12 17:00:00 PDT,88,35.154990,100,0.3515499,Andruw Monasterio,655316,0.30107619047619044,88
2026,2026-08-12 17:00:00 PDT,89,35.432990,100,0.3543299,Andruw Monasterio,655316,0.30107619047619044,89
2026,2026-08-12 17:00:00 PDT,90,35.426990,100,0.3542699,Andruw Monasterio,655316,0.30107619047619044,90
2026,2026-08-11 17:00:00 PDT,91,36.182990,100,0.3618299,Andruw Monasterio,655316,0.30107619047619044,91
2026,2026-08-11 17:00:00 PDT,92,36.161990,100,0.3616199,Andruw Monasterio,655316,0.30107619047619044,92
2026,2026-08-11 17:00:00 PDT,93,36.194990,100,0.3619499,Andruw Monasterio,655316,0.30107619047619044,93
2026,2026-08-11 17:00:00 PDT,94,36.083990,100,0.3608399,Andruw Monasterio,655316,0.30107619047619044,94
2026,2026-08-10 17:00:00 PDT,95,35.388626,100,0.35388626,Andruw Monasterio,655316,0.30107619047619044,95
2026,2026-08-10 17:00:00 PDT,96,35.999626,100,0.35999626,Andruw Monasterio,655316,0.30107619047619044,96
2026,2026-08-10 17:00:00 PDT,97,36.626990,100,0.3662699,Andruw Monasterio,655316,0.30107619047619044,97
2026,2026-08-10 17:00:00 PDT,98,37.531990,100,0.3753199,Andruw Monasterio,655316,0.30107619047619044,98
2026,2026-08-09 17:00:00 PDT,99,37.693626,100,0.37693626,Andruw Monasterio,655316,0.30107619047619044,99
2026,2026-08-08 17:00:00 PDT,100,37.693626,100,0.37693626,Andruw Monasterio,655316,0.30107619047619044,100
2026,2026-09-24 17:00:00 PDT,1,28.449004,100,0.28449004,Isiah Kiner-Falefa,643396,0.30107619047619044,1
2026,2026-09-24 17:00:00 PDT,2,27.838640,100,0.2783864,Isiah Kiner-Falefa,643396,0.30107619047619044,2
2026,2026-09-24 17:00:00 PDT,3,27.140276,100,0.27140276,Isiah Kiner-Falefa,643396,0.30107619047619044,3
2026,2026-09-24 17:00:00 PDT,4,26.223276,100,0.26223276,Isiah Kiner-Falefa,643396,0.30107619047619044,4
2026,2026-09-24 17:00:00 PDT,5,26.699276,100,0.26699276,Isiah Kiner-Falefa,643396,0.30107619047619044,5
2026,2026-09-24 17:00:00 PDT,6,26.632276,100,0.26632276,Isiah Kiner-Falefa,643396,0.30107619047619044,6
2026,2026-09-24 17:00:00 PDT,7,26.250276,100,0.26250276,Isiah Kiner-Falefa,643396,0.30107619047619044,7
2026,2026-09-23 17:00:00 PDT,8,27.123276,100,0.27123276,Isiah Kiner-Falefa,643396,0.30107619047619044,8
2026,2026-09-23 17:00:00 PDT,9,28.040276,100,0.28040276,Isiah Kiner-Falefa,643396,0.30107619047619044,9
2026,2026-09-23 17:00:00 PDT,10,27.878276,100,0.27878276,Isiah Kiner-Falefa,643396,0.30107619047619044,10
2026,2026-09-21 17:00:00 PDT,11,28.307276,100,0.28307276,Isiah Kiner-Falefa,643396,0.30107619047619044,11
2026,2026-09-21 17:00:00 PDT,12,28.602276,100,0.28602276,Isiah Kiner-Falefa,643396,0.30107619047619044,12
2026,2026-09-21 17:00:00 PDT,13,28.269912,100,0.28269912,Isiah Kiner-Falefa,643396,0.30107619047619044,13
2026,2026-09-21 17:00:00 PDT,14,28.461912,100,0.28461912,Isiah Kiner-Falefa,643396,0.30107619047619044,14
2026,2026-09-19 17:00:00 PDT,15,29.160276,100,0.29160276,Isiah Kiner-Falefa,643396,0.30107619047619044,15
2026,2026-09-19 17:00:00 PDT,16,29.784640,100,0.2978464,Isiah Kiner-Falefa,643396,0.30107619047619044,16
2026,2026-09-19 17:00:00 PDT,17,29.750640,100,0.2975064,Isiah Kiner-Falefa,643396,0.30107619047619044,17
2026,2026-09-18 17:00:00 PDT,18,29.532640,100,0.2953264,Isiah Kiner-Falefa,643396,0.30107619047619044,18
2026,2026-09-18 17:00:00 PDT,19,30.065640,100,0.3006564,Isiah Kiner-Falefa,643396,0.30107619047619044,19
2026,2026-09-18 17:00:00 PDT,20,30.568640,100,0.3056864,Isiah Kiner-Falefa,643396,0.30107619047619044,20
2026,2026-09-17 17:00:00 PDT,21,30.537640,100,0.3053764,Isiah Kiner-Falefa,643396,0.30107619047619044,21
2026,2026-09-17 17:00:00 PDT,22,31.202640,100,0.3120264,Isiah Kiner-Falefa,643396,0.30107619047619044,22
2026,2026-09-17 17:00:00 PDT,23,31.901004,100,0.31901004,Isiah Kiner-Falefa,643396,0.30107619047619044,23
2026,2026-09-15 17:00:00 PDT,24,31.857004,100,0.31857004,Isiah Kiner-Falefa,643396,0.30107619047619044,24
2026,2026-09-15 17:00:00 PDT,25,32.329004,100,0.32329004,Isiah Kiner-Falefa,643396,0.30107619047619044,25
2026,2026-09-15 17:00:00 PDT,26,33.027368,100,0.33027368,Isiah Kiner-Falefa,643396,0.30107619047619044,26
2026,2026-09-11 17:00:00 PDT,27,32.651368,100,0.32651368,Isiah Kiner-Falefa,643396,0.30107619047619044,27
2026,2026-09-10 17:00:00 PDT,28,31.989004,100,0.31989004,Isiah Kiner-Falefa,643396,0.30107619047619044,28
2026,2026-09-10 17:00:00 PDT,29,32.398004,100,0.32398004,Isiah Kiner-Falefa,643396,0.30107619047619044,29
2026,2026-09-10 17:00:00 PDT,30,32.252004,100,0.32252004,Isiah Kiner-Falefa,643396,0.30107619047619044,30
2026,2026-09-10 17:00:00 PDT,31,32.657004,100,0.32657004,Isiah Kiner-Falefa,643396,0.30107619047619044,31
2026,2026-09-08 17:00:00 PDT,32,32.459004,100,0.32459004,Isiah Kiner-Falefa,643396,0.30107619047619044,32
2026,2026-09-08 17:00:00 PDT,33,32.660004,100,0.32660004,Isiah Kiner-Falefa,643396,0.30107619047619044,33
2026,2026-09-08 17:00:00 PDT,34,32.769368,100,0.32769368,Isiah Kiner-Falefa,643396,0.30107619047619044,34
2026,2026-09-08 17:00:00 PDT,35,33.190368,100,0.33190368,Isiah Kiner-Falefa,643396,0.30107619047619044,35
2026,2026-09-06 17:00:00 PDT,36,33.041368,100,0.33041368,Isiah Kiner-Falefa,643396,0.30107619047619044,36
2026,2026-09-06 17:00:00 PDT,37,33.386368,100,0.33386368,Isiah Kiner-Falefa,643396,0.30107619047619044,37
2026,2026-09-06 17:00:00 PDT,38,33.386368,100,0.33386368,Isiah Kiner-Falefa,643396,0.30107619047619044,38
2026,2026-09-06 17:00:00 PDT,39,32.450368,100,0.32450368,Isiah Kiner-Falefa,643396,0.30107619047619044,39
2026,2026-09-04 17:00:00 PDT,40,31.930004,100,0.31930004,Isiah Kiner-Falefa,643396,0.30107619047619044,40
2026,2026-09-04 17:00:00 PDT,41,31.590004,100,0.31590004,Isiah Kiner-Falefa,643396,0.30107619047619044,41
2026,2026-09-04 17:00:00 PDT,42,31.632004,100,0.31632004,Isiah Kiner-Falefa,643396,0.30107619047619044,42
2026,2026-09-04 17:00:00 PDT,43,31.249640,100,0.3124964,Isiah Kiner-Falefa,643396,0.30107619047619044,43
2026,2026-09-02 17:00:00 PDT,44,32.004640,100,0.3200464,Isiah Kiner-Falefa,643396,0.30107619047619044,44
2026,2026-09-02 17:00:00 PDT,45,32.597640,100,0.3259764,Isiah Kiner-Falefa,643396,0.30107619047619044,45
2026,2026-09-02 17:00:00 PDT,46,33.162640,100,0.3316264,Isiah Kiner-Falefa,643396,0.30107619047619044,46
2026,2026-09-02 17:00:00 PDT,47,33.043640,100,0.3304364,Isiah Kiner-Falefa,643396,0.30107619047619044,47
2026,2026-08-31 17:00:00 PDT,48,32.910640,100,0.3291064,Isiah Kiner-Falefa,643396,0.30107619047619044,48
2026,2026-06-17 17:00:00 PDT,49,33.203640,100,0.3320364,Isiah Kiner-Falefa,643396,0.30107619047619044,49
2026,2026-06-17 17:00:00 PDT,50,33.721640,100,0.3372164,Isiah Kiner-Falefa,643396,0.30107619047619044,50
2026,2026-06-17 17:00:00 PDT,51,34.297640,100,0.3429764,Isiah Kiner-Falefa,643396,0.30107619047619044,51
2026,2026-06-16 17:00:00 PDT,52,34.755640,100,0.3475564,Isiah Kiner-Falefa,643396,0.30107619047619044,52
2026,2026-06-16 17:00:00 PDT,53,34.588640,100,0.3458864,Isiah Kiner-Falefa,643396,0.30107619047619044,53
2026,2026-06-16 17:00:00 PDT,54,35.063640,100,0.3506364,Isiah Kiner-Falefa,643396,0.30107619047619044,54
2026,2026-06-16 17:00:00 PDT,55,34.365276,100,0.34365276,Isiah Kiner-Falefa,643396,0.30107619047619044,55
2026,2026-06-15 17:00:00 PDT,56,33.666912,100,0.33666912,Isiah Kiner-Falefa,643396,0.30107619047619044,56
2026,2026-06-15 17:00:00 PDT,57,33.372912,100,0.33372912,Isiah Kiner-Falefa,643396,0.30107619047619044,57
2026,2026-06-15 17:00:00 PDT,58,33.577912,100,0.33577912,Isiah Kiner-Falefa,643396,0.30107619047619044,58
2026,2026-06-15 17:00:00 PDT,59,33.454912,100,0.33454912,Isiah Kiner-Falefa,643396,0.30107619047619044,59
2026,2026-06-13 17:00:00 PDT,60,33.459912,100,0.33459912,Isiah Kiner-Falefa,643396,0.30107619047619044,60
2026,2026-06-13 17:00:00 PDT,61,34.155276,100,0.34155276,Isiah Kiner-Falefa,643396,0.30107619047619044,61
2026,2026-06-13 17:00:00 PDT,62,34.200276,100,0.34200276,Isiah Kiner-Falefa,643396,0.30107619047619044,62
2026,2026-06-13 17:00:00 PDT,63,34.494276,100,0.34494276,Isiah Kiner-Falefa,643396,0.30107619047619044,63
2026,2026-06-12 17:00:00 PDT,64,34.431276,100,0.34431276,Isiah Kiner-Falefa,643396,0.30107619047619044,64
2026,2026-06-12 17:00:00 PDT,65,33.927276,100,0.33927276,Isiah Kiner-Falefa,643396,0.30107619047619044,65
2026,2026-06-12 17:00:00 PDT,66,34.469276,100,0.34469276,Isiah Kiner-Falefa,643396,0.30107619047619044,66
2026,2026-06-12 17:00:00 PDT,67,34.745276,100,0.34745276,Isiah Kiner-Falefa,643396,0.30107619047619044,67
2026,2026-06-11 17:00:00 PDT,68,34.316276,100,0.34316276,Isiah Kiner-Falefa,643396,0.30107619047619044,68
2026,2026-06-11 17:00:00 PDT,69,34.193276,100,0.34193276,Isiah Kiner-Falefa,643396,0.30107619047619044,69
2026,2026-06-11 17:00:00 PDT,70,33.576276,100,0.33576276,Isiah Kiner-Falefa,643396,0.30107619047619044,70
2026,2026-06-11 17:00:00 PDT,71,32.866276,100,0.32866276,Isiah Kiner-Falefa,643396,0.30107619047619044,71
2026,2026-06-09 17:00:00 PDT,72,32.810276,100,0.32810276,Isiah Kiner-Falefa,643396,0.30107619047619044,72
2026,2026-06-09 17:00:00 PDT,73,32.273912,100,0.32273912,Isiah Kiner-Falefa,643396,0.30107619047619044,73
2026,2026-06-09 17:00:00 PDT,74,31.691548,100,0.31691548,Isiah Kiner-Falefa,643396,0.30107619047619044,74
2026,2026-06-09 17:00:00 PDT,75,31.584548,100,0.31584548,Isiah Kiner-Falefa,643396,0.30107619047619044,75
2026,2026-06-08 17:00:00 PDT,76,31.475548,100,0.31475548,Isiah Kiner-Falefa,643396,0.30107619047619044,76
2026,2026-06-08 17:00:00 PDT,77,31.272912,100,0.31272912,Isiah Kiner-Falefa,643396,0.30107619047619044,77
2026,2026-06-08 17:00:00 PDT,78,30.699912,100,0.30699912,Isiah Kiner-Falefa,643396,0.30107619047619044,78
2026,2026-06-07 17:00:00 PDT,79,29.977912,100,0.29977912,Isiah Kiner-Falefa,643396,0.30107619047619044,79
2026,2026-06-07 17:00:00 PDT,80,29.975912,100,0.29975912,Isiah Kiner-Falefa,643396,0.30107619047619044,80
2026,2026-06-07 17:00:00 PDT,81,30.230912,100,0.30230912,Isiah Kiner-Falefa,643396,0.30107619047619044,81
2026,2026-06-06 17:00:00 PDT,82,29.672912,100,0.29672912,Isiah Kiner-Falefa,643396,0.30107619047619044,82
2026,2026-06-04 17:00:00 PDT,83,29.428912,100,0.29428912,Isiah Kiner-Falefa,643396,0.30107619047619044,83
2026,2026-06-04 17:00:00 PDT,84,29.319912,100,0.29319912,Isiah Kiner-Falefa,643396,0.30107619047619044,84
2026,2026-06-04 17:00:00 PDT,85,29.774912,100,0.29774912,Isiah Kiner-Falefa,643396,0.30107619047619044,85
2026,2026-06-04 17:00:00 PDT,86,29.804912,100,0.29804912,Isiah Kiner-Falefa,643396,0.30107619047619044,86
2026,2026-06-03 17:00:00 PDT,87,29.838912,100,0.29838912,Isiah Kiner-Falefa,643396,0.30107619047619044,87
2026,2026-06-03 17:00:00 PDT,88,29.752912,100,0.29752912,Isiah Kiner-Falefa,643396,0.30107619047619044,88
2026,2026-06-03 17:00:00 PDT,89,29.651912,100,0.29651912,Isiah Kiner-Falefa,643396,0.30107619047619044,89
2026,2026-06-03 17:00:00 PDT,90,29.324912,100,0.29324912,Isiah Kiner-Falefa,643396,0.30107619047619044,90
2026,2026-06-02 17:00:00 PDT,91,29.305912,100,0.29305912,Isiah Kiner-Falefa,643396,0.30107619047619044,91
2026,2026-06-02 17:00:00 PDT,92,29.640409,100,0.29640409,Isiah Kiner-Falefa,643396,0.30107619047619044,92
2026,2026-06-02 17:00:00 PDT,93,28.979409,100,0.28979409,Isiah Kiner-Falefa,643396,0.30107619047619044,93
2026,2026-06-02 17:00:00 PDT,94,28.908409,100,0.28908409,Isiah Kiner-Falefa,643396,0.30107619047619044,94
2026,2026-06-01 17:00:00 PDT,95,29.394409,100,0.29394409,Isiah Kiner-Falefa,643396,0.30107619047619044,95
2026,2026-06-01 17:00:00 PDT,96,29.317409,100,0.29317409,Isiah Kiner-Falefa,643396,0.30107619047619044,96
2026,2026-06-01 17:00:00 PDT,97,29.041409,100,0.29041409,Isiah Kiner-Falefa,643396,0.30107619047619044,97
2026,2026-05-30 17:00:00 PDT,98,29.261409,100,0.29261409,Isiah Kiner-Falefa,643396,0.30107619047619044,98
2026,2026-05-30 17:00:00 PDT,99,29.129409,100,0.29129409,Isiah Kiner-Falefa,643396,0.30107619047619044,99
2026,2026-05-30 17:00:00 PDT,100,28.537409,100,0.28537409,Isiah Kiner-Falefa,643396,0.30107619047619044,100
2026,2026-09-26 17:00:00 PDT,1,28.727456,100,0.28727456,Adley Rutschman,668939,0.30107619047619044,1
2026,2026-09-26 17:00:00 PDT,2,29.173092,100,0.29173092,Adley Rutschman,668939,0.30107619047619044,2
2026,2026-09-26 17:00:00 PDT,3,29.237092,100,0.29237092,Adley Rutschman,668939,0.30107619047619044,3
2026,2026-09-24 17:00:00 PDT,4,28.007092,100,0.28007092,Adley Rutschman,668939,0.30107619047619044,4
2026,2026-09-24 17:00:00 PDT,5,27.731092,100,0.27731092,Adley Rutschman,668939,0.30107619047619044,5
2026,2026-09-24 17:00:00 PDT,6,27.491092,100,0.27491092,Adley Rutschman,668939,0.30107619047619044,6
2026,2026-09-24 17:00:00 PDT,7,27.019092,100,0.27019092,Adley Rutschman,668939,0.30107619047619044,7
2026,2026-09-23 17:00:00 PDT,8,27.670456,100,0.27670456,Adley Rutschman,668939,0.30107619047619044,8
2026,2026-09-23 17:00:00 PDT,9,27.712456,100,0.27712456,Adley Rutschman,668939,0.30107619047619044,9
2026,2026-09-23 17:00:00 PDT,10,28.215820,100,0.2821582,Adley Rutschman,668939,0.30107619047619044,10
2026,2026-09-23 17:00:00 PDT,11,28.215820,100,0.2821582,Adley Rutschman,668939,0.30107619047619044,11
2026,2026-09-22 17:00:00 PDT,12,28.215820,100,0.2821582,Adley Rutschman,668939,0.30107619047619044,12
2026,2026-09-22 17:00:00 PDT,13,28.215820,100,0.2821582,Adley Rutschman,668939,0.30107619047619044,13
2026,2026-09-22 17:00:00 PDT,14,28.651820,100,0.2865182,Adley Rutschman,668939,0.30107619047619044,14
2026,2026-09-22 17:00:00 PDT,15,27.815820,100,0.2781582,Adley Rutschman,668939,0.30107619047619044,15
2026,2026-09-21 17:00:00 PDT,16,27.956820,100,0.2795682,Adley Rutschman,668939,0.30107619047619044,16
2026,2026-09-21 17:00:00 PDT,17,27.487820,100,0.2748782,Adley Rutschman,668939,0.30107619047619044,17
2026,2026-09-21 17:00:00 PDT,18,27.086820,100,0.2708682,Adley Rutschman,668939,0.30107619047619044,18
2026,2026-09-21 17:00:00 PDT,19,27.157184,100,0.27157184,Adley Rutschman,668939,0.30107619047619044,19
2026,2026-09-19 17:00:00 PDT,20,26.983184,100,0.26983184,Adley Rutschman,668939,0.30107619047619044,20
2026,2026-09-19 17:00:00 PDT,21,27.162184,100,0.27162184,Adley Rutschman,668939,0.30107619047619044,21
2026,2026-09-19 17:00:00 PDT,22,26.385184,100,0.26385184,Adley Rutschman,668939,0.30107619047619044,22
2026,2026-09-18 17:00:00 PDT,23,27.073548,100,0.27073548,Adley Rutschman,668939,0.30107619047619044,23
2026,2026-09-18 17:00:00 PDT,24,27.628912,100,0.27628912,Adley Rutschman,668939,0.30107619047619044,24
2026,2026-09-18 17:00:00 PDT,25,27.611912,100,0.27611912,Adley Rutschman,668939,0.30107619047619044,25
2026,2026-09-18 17:00:00 PDT,26,27.547912,100,0.27547912,Adley Rutschman,668939,0.30107619047619044,26
2026,2026-09-16 17:00:00 PDT,27,28.159912,100,0.28159912,Adley Rutschman,668939,0.30107619047619044,27
2026,2026-09-16 17:00:00 PDT,28,28.160912,100,0.28160912,Adley Rutschman,668939,0.30107619047619044,28
2026,2026-09-16 17:00:00 PDT,29,27.480912,100,0.27480912,Adley Rutschman,668939,0.30107619047619044,29
2026,2026-09-16 17:00:00 PDT,30,28.097276,100,0.28097276,Adley Rutschman,668939,0.30107619047619044,30
2026,2026-09-15 17:00:00 PDT,31,28.097276,100,0.28097276,Adley Rutschman,668939,0.30107619047619044,31
2026,2026-09-15 17:00:00 PDT,32,28.086276,100,0.28086276,Adley Rutschman,668939,0.30107619047619044,32
2026,2026-09-15 17:00:00 PDT,33,28.146276,100,0.28146276,Adley Rutschman,668939,0.30107619047619044,33
2026,2026-09-15 17:00:00 PDT,34,28.831640,100,0.2883164,Adley Rutschman,668939,0.30107619047619044,34
2026,2026-09-14 17:00:00 PDT,35,29.543951,100,0.29543951,Adley Rutschman,668939,0.30107619047619044,35
2026,2026-09-14 17:00:00 PDT,36,29.587951,100,0.29587951,Adley Rutschman,668939,0.30107619047619044,36
2026,2026-09-14 17:00:00 PDT,37,29.557951,100,0.29557951,Adley Rutschman,668939,0.30107619047619044,37
2026,2026-09-14 17:00:00 PDT,38,29.621951,100,0.29621951,Adley Rutschman,668939,0.30107619047619044,38
2026,2026-09-12 17:00:00 PDT,39,29.701951,100,0.29701951,Adley Rutschman,668939,0.30107619047619044,39
2026,2026-09-12 17:00:00 PDT,40,29.519951,100,0.29519951,Adley Rutschman,668939,0.30107619047619044,40
2026,2026-09-12 17:00:00 PDT,41,29.624951,100,0.29624951,Adley Rutschman,668939,0.30107619047619044,41
2026,2026-09-12 17:00:00 PDT,42,29.860951,100,0.29860951,Adley Rutschman,668939,0.30107619047619044,42
2026,2026-09-11 17:00:00 PDT,43,30.509315,100,0.30509315,Adley Rutschman,668939,0.30107619047619044,43
2026,2026-09-11 17:00:00 PDT,44,30.673315,100,0.30673315,Adley Rutschman,668939,0.30107619047619044,44
2026,2026-09-11 17:00:00 PDT,45,30.980679,100,0.30980679,Adley Rutschman,668939,0.30107619047619044,45
2026,2026-09-11 17:00:00 PDT,46,31.399043,100,0.31399043,Adley Rutschman,668939,0.30107619047619044,46
2026,2026-09-10 17:00:00 PDT,47,32.016043,100,0.32016043,Adley Rutschman,668939,0.30107619047619044,47
2026,2026-09-10 17:00:00 PDT,48,32.072043,100,0.32072043,Adley Rutschman,668939,0.30107619047619044,48
2026,2026-09-10 17:00:00 PDT,49,32.255679,100,0.32255679,Adley Rutschman,668939,0.30107619047619044,49
2026,2026-09-10 17:00:00 PDT,50,32.255679,100,0.32255679,Adley Rutschman,668939,0.30107619047619044,50
2026,2026-09-06 17:00:00 PDT,51,32.260679,100,0.32260679,Adley Rutschman,668939,0.30107619047619044,51
2026,2026-09-06 17:00:00 PDT,52,32.977679,100,0.32977679,Adley Rutschman,668939,0.30107619047619044,52
2026,2026-09-06 17:00:00 PDT,53,33.030679,100,0.33030679,Adley Rutschman,668939,0.30107619047619044,53
2026,2026-09-06 17:00:00 PDT,54,31.158679,100,0.31158679,Adley Rutschman,668939,0.30107619047619044,54
2026,2026-09-05 17:00:00 PDT,55,31.946679,100,0.31946679,Adley Rutschman,668939,0.30107619047619044,55
2026,2026-09-05 17:00:00 PDT,56,31.962679,100,0.31962679,Adley Rutschman,668939,0.30107619047619044,56
2026,2026-09-05 17:00:00 PDT,57,32.375679,100,0.32375679,Adley Rutschman,668939,0.30107619047619044,57
2026,2026-09-05 17:00:00 PDT,58,32.383679,100,0.32383679,Adley Rutschman,668939,0.30107619047619044,58
2026,2026-09-03 17:00:00 PDT,59,32.466679,100,0.32466679,Adley Rutschman,668939,0.30107619047619044,59
2026,2026-09-03 17:00:00 PDT,60,32.609679,100,0.32609679,Adley Rutschman,668939,0.30107619047619044,60
2026,2026-09-03 17:00:00 PDT,61,32.855679,100,0.32855679,Adley Rutschman,668939,0.30107619047619044,61
2026,2026-09-03 17:00:00 PDT,62,32.868679,100,0.32868679,Adley Rutschman,668939,0.30107619047619044,62
2026,2026-09-02 17:00:00 PDT,63,33.290679,100,0.33290679,Adley Rutschman,668939,0.30107619047619044,63
2026,2026-09-02 17:00:00 PDT,64,33.920679,100,0.33920679,Adley Rutschman,668939,0.30107619047619044,64
2026,2026-09-02 17:00:00 PDT,65,32.702679,100,0.32702679,Adley Rutschman,668939,0.30107619047619044,65
2026,2026-09-02 17:00:00 PDT,66,32.056679,100,0.32056679,Adley Rutschman,668939,0.30107619047619044,66
2026,2026-08-29 17:00:00 PDT,67,31.846679,100,0.31846679,Adley Rutschman,668939,0.30107619047619044,67
2026,2026-08-29 17:00:00 PDT,68,31.729679,100,0.31729679,Adley Rutschman,668939,0.30107619047619044,68
2026,2026-08-29 17:00:00 PDT,69,31.756679,100,0.31756679,Adley Rutschman,668939,0.30107619047619044,69
2026,2026-08-29 17:00:00 PDT,70,31.310679,100,0.31310679,Adley Rutschman,668939,0.30107619047619044,70
2026,2026-08-28 17:00:00 PDT,71,31.310679,100,0.31310679,Adley Rutschman,668939,0.30107619047619044,71
2026,2026-08-28 17:00:00 PDT,72,31.766679,100,0.31766679,Adley Rutschman,668939,0.30107619047619044,72
2026,2026-08-28 17:00:00 PDT,73,31.043679,100,0.31043679,Adley Rutschman,668939,0.30107619047619044,73
2026,2026-08-28 17:00:00 PDT,74,30.177679,100,0.30177679,Adley Rutschman,668939,0.30107619047619044,74
2026,2026-08-27 17:00:00 PDT,75,29.896679,100,0.29896679,Adley Rutschman,668939,0.30107619047619044,75
2026,2026-08-27 17:00:00 PDT,76,29.856679,100,0.29856679,Adley Rutschman,668939,0.30107619047619044,76
2026,2026-08-27 17:00:00 PDT,77,30.021679,100,0.30021679,Adley Rutschman,668939,0.30107619047619044,77
2026,2026-08-27 17:00:00 PDT,78,29.677679,100,0.29677679,Adley Rutschman,668939,0.30107619047619044,78
2026,2026-08-23 17:00:00 PDT,79,29.916679,100,0.29916679,Adley Rutschman,668939,0.30107619047619044,79
2026,2026-08-23 17:00:00 PDT,80,30.052679,100,0.30052679,Adley Rutschman,668939,0.30107619047619044,80
2026,2026-08-23 17:00:00 PDT,81,30.136043,100,0.30136043,Adley Rutschman,668939,0.30107619047619044,81
2026,2026-08-23 17:00:00 PDT,82,30.824043,100,0.30824043,Adley Rutschman,668939,0.30107619047619044,82
2026,2026-08-23 17:00:00 PDT,83,30.878043,100,0.30878043,Adley Rutschman,668939,0.30107619047619044,83
2026,2026-08-22 17:00:00 PDT,84,30.532043,100,0.30532043,Adley Rutschman,668939,0.30107619047619044,84
2026,2026-08-21 17:00:00 PDT,85,30.499043,100,0.30499043,Adley Rutschman,668939,0.30107619047619044,85
2026,2026-08-21 17:00:00 PDT,86,30.148043,100,0.30148043,Adley Rutschman,668939,0.30107619047619044,86
2026,2026-08-21 17:00:00 PDT,87,30.160043,100,0.30160043,Adley Rutschman,668939,0.30107619047619044,87
2026,2026-08-21 17:00:00 PDT,88,30.531043,100,0.30531043,Adley Rutschman,668939,0.30107619047619044,88
2026,2026-08-20 17:00:00 PDT,89,30.567043,100,0.30567043,Adley Rutschman,668939,0.30107619047619044,89
2026,2026-08-20 17:00:00 PDT,90,30.685043,100,0.30685043,Adley Rutschman,668939,0.30107619047619044,90
2026,2026-08-20 17:00:00 PDT,91,30.875043,100,0.30875043,Adley Rutschman,668939,0.30107619047619044,91
2026,2026-08-20 17:00:00 PDT,92,30.435043,100,0.30435043,Adley Rutschman,668939,0.30107619047619044,92
2026,2026-08-18 17:00:00 PDT,93,30.480043,100,0.30480043,Adley Rutschman,668939,0.30107619047619044,93
2026,2026-08-17 17:00:00 PDT,94,30.316043,100,0.30316043,Adley Rutschman,668939,0.30107619047619044,94
2026,2026-08-17 17:00:00 PDT,95,30.426043,100,0.30426043,Adley Rutschman,668939,0.30107619047619044,95
2026,2026-08-17 17:00:00 PDT,96,30.352043,100,0.30352043,Adley Rutschman,668939,0.30107619047619044,96
2026,2026-08-17 17:00:00 PDT,97,29.687679,100,0.29687679,Adley Rutschman,668939,0.30107619047619044,97
2026,2026-08-17 17:00:00 PDT,98,27.817679,100,0.27817679,Adley Rutschman,668939,0.30107619047619044,98
2026,2026-08-16 17:00:00 PDT,99,27.010679,100,0.27010679,Adley Rutschman,668939,0.30107619047619044,99
2026,2026-08-16 17:00:00 PDT,100,26.561679,100,0.26561679,Adley Rutschman,668939,0.30107619047619044,100
2026,2026-09-26 17:00:00 PDT,1,30.193495,100,0.30193495,Nick Sogard,686765,0.30107619047619044,1
2026,2026-09-26 17:00:00 PDT,2,30.382495,100,0.30382495,Nick Sogard,686765,0.30107619047619044,2
2026,2026-09-26 17:00:00 PDT,3,29.784495,100,0.29784495,Nick Sogard,686765,0.30107619047619044,3
2026,2026-09-26 17:00:00 PDT,4,29.528131,100,0.29528131,Nick Sogard,686765,0.30107619047619044,4
2026,2026-09-24 17:00:00 PDT,5,29.092131,100,0.29092131,Nick Sogard,686765,0.30107619047619044,5
2026,2026-09-24 17:00:00 PDT,6,28.541131,100,0.28541131,Nick Sogard,686765,0.30107619047619044,6
2026,2026-09-24 17:00:00 PDT,7,28.995131,100,0.28995131,Nick Sogard,686765,0.30107619047619044,7
2026,2026-09-24 17:00:00 PDT,8,28.748131,100,0.28748131,Nick Sogard,686765,0.30107619047619044,8
2026,2026-09-24 17:00:00 PDT,9,28.736131,100,0.28736131,Nick Sogard,686765,0.30107619047619044,9
2026,2026-09-24 17:00:00 PDT,10,28.736131,100,0.28736131,Nick Sogard,686765,0.30107619047619044,10
2026,2026-09-24 17:00:00 PDT,11,28.982131,100,0.28982131,Nick Sogard,686765,0.30107619047619044,11
2026,2026-09-24 17:00:00 PDT,12,29.478131,100,0.29478131,Nick Sogard,686765,0.30107619047619044,12
2026,2026-09-23 17:00:00 PDT,13,28.841767,100,0.28841767,Nick Sogard,686765,0.30107619047619044,13
2026,2026-09-23 17:00:00 PDT,14,28.339767,100,0.28339767,Nick Sogard,686765,0.30107619047619044,14
2026,2026-09-23 17:00:00 PDT,15,28.464767,100,0.28464767,Nick Sogard,686765,0.30107619047619044,15
2026,2026-09-23 17:00:00 PDT,16,27.934767,100,0.27934767,Nick Sogard,686765,0.30107619047619044,16
2026,2026-09-22 17:00:00 PDT,17,28.208767,100,0.28208767,Nick Sogard,686765,0.30107619047619044,17
2026,2026-09-22 17:00:00 PDT,18,28.249767,100,0.28249767,Nick Sogard,686765,0.30107619047619044,18
2026,2026-09-22 17:00:00 PDT,19,28.499131,100,0.28499131,Nick Sogard,686765,0.30107619047619044,19
2026,2026-09-22 17:00:00 PDT,20,27.656131,100,0.27656131,Nick Sogard,686765,0.30107619047619044,20
2026,2026-09-21 17:00:00 PDT,21,27.615131,100,0.27615131,Nick Sogard,686765,0.30107619047619044,21
2026,2026-09-21 17:00:00 PDT,22,27.742131,100,0.27742131,Nick Sogard,686765,0.30107619047619044,22
2026,2026-09-21 17:00:00 PDT,23,27.742131,100,0.27742131,Nick Sogard,686765,0.30107619047619044,23
2026,2026-09-21 17:00:00 PDT,24,27.866131,100,0.27866131,Nick Sogard,686765,0.30107619047619044,24
2026,2026-09-21 17:00:00 PDT,25,27.408131,100,0.27408131,Nick Sogard,686765,0.30107619047619044,25
2026,2026-09-19 17:00:00 PDT,26,26.507131,100,0.26507131,Nick Sogard,686765,0.30107619047619044,26
2026,2026-09-19 17:00:00 PDT,27,26.404131,100,0.26404131,Nick Sogard,686765,0.30107619047619044,27
2026,2026-09-19 17:00:00 PDT,28,27.102495,100,0.27102495,Nick Sogard,686765,0.30107619047619044,28
2026,2026-09-19 17:00:00 PDT,29,27.383495,100,0.27383495,Nick Sogard,686765,0.30107619047619044,29
2026,2026-09-18 17:00:00 PDT,30,29.028495,100,0.29028495,Nick Sogard,686765,0.30107619047619044,30
2026,2026-09-18 17:00:00 PDT,31,29.241495,100,0.29241495,Nick Sogard,686765,0.30107619047619044,31
2026,2026-09-18 17:00:00 PDT,32,29.588859,100,0.29588859,Nick Sogard,686765,0.30107619047619044,32
2026,2026-09-18 17:00:00 PDT,33,29.536223,100,0.29536223,Nick Sogard,686765,0.30107619047619044,33
2026,2026-09-17 17:00:00 PDT,34,29.624223,100,0.29624223,Nick Sogard,686765,0.30107619047619044,34
2026,2026-09-17 17:00:00 PDT,35,29.577223,100,0.29577223,Nick Sogard,686765,0.30107619047619044,35
2026,2026-09-17 17:00:00 PDT,36,29.577223,100,0.29577223,Nick Sogard,686765,0.30107619047619044,36
2026,2026-09-17 17:00:00 PDT,37,29.899223,100,0.29899223,Nick Sogard,686765,0.30107619047619044,37
2026,2026-09-17 17:00:00 PDT,38,30.465223,100,0.30465223,Nick Sogard,686765,0.30107619047619044,38
2026,2026-09-16 17:00:00 PDT,39,31.155587,100,0.31155587,Nick Sogard,686765,0.30107619047619044,39
2026,2026-09-16 17:00:00 PDT,40,31.124587,100,0.31124587,Nick Sogard,686765,0.30107619047619044,40
2026,2026-09-16 17:00:00 PDT,41,30.504587,100,0.30504587,Nick Sogard,686765,0.30107619047619044,41
2026,2026-09-16 17:00:00 PDT,42,31.015951,100,0.31015951,Nick Sogard,686765,0.30107619047619044,42
2026,2026-09-15 17:00:00 PDT,43,31.000951,100,0.31000951,Nick Sogard,686765,0.30107619047619044,43
2026,2026-09-15 17:00:00 PDT,44,31.323951,100,0.31323951,Nick Sogard,686765,0.30107619047619044,44
2026,2026-09-14 17:00:00 PDT,45,31.410951,100,0.31410951,Nick Sogard,686765,0.30107619047619044,45
2026,2026-09-14 17:00:00 PDT,46,31.720315,100,0.31720315,Nick Sogard,686765,0.30107619047619044,46
2026,2026-09-14 17:00:00 PDT,47,32.395315,100,0.32395315,Nick Sogard,686765,0.30107619047619044,47
2026,2026-09-12 17:00:00 PDT,48,31.716315,100,0.31716315,Nick Sogard,686765,0.30107619047619044,48
2026,2026-09-12 17:00:00 PDT,49,32.230315,100,0.32230315,Nick Sogard,686765,0.30107619047619044,49
2026,2026-09-12 17:00:00 PDT,50,31.567951,100,0.31567951,Nick Sogard,686765,0.30107619047619044,50
2026,2026-09-12 17:00:00 PDT,51,32.333951,100,0.32333951,Nick Sogard,686765,0.30107619047619044,51
2026,2026-09-11 17:00:00 PDT,52,33.133951,100,0.33133951,Nick Sogard,686765,0.30107619047619044,52
2026,2026-09-11 17:00:00 PDT,53,33.763951,100,0.33763951,Nick Sogard,686765,0.30107619047619044,53
2026,2026-09-11 17:00:00 PDT,54,33.728951,100,0.33728951,Nick Sogard,686765,0.30107619047619044,54
2026,2026-09-11 17:00:00 PDT,55,32.999640,100,0.3299964,Nick Sogard,686765,0.30107619047619044,55
2026,2026-09-10 17:00:00 PDT,56,32.803640,100,0.3280364,Nick Sogard,686765,0.30107619047619044,56
2026,2026-09-10 17:00:00 PDT,57,32.278640,100,0.3227864,Nick Sogard,686765,0.30107619047619044,57
2026,2026-09-10 17:00:00 PDT,58,32.528640,100,0.3252864,Nick Sogard,686765,0.30107619047619044,58
2026,2026-09-10 17:00:00 PDT,59,32.132640,100,0.3213264,Nick Sogard,686765,0.30107619047619044,59
2026,2026-09-08 17:00:00 PDT,60,31.914640,100,0.3191464,Nick Sogard,686765,0.30107619047619044,60
2026,2026-09-08 17:00:00 PDT,61,31.919640,100,0.3191964,Nick Sogard,686765,0.30107619047619044,61
2026,2026-09-08 17:00:00 PDT,62,32.573004,100,0.32573004,Nick Sogard,686765,0.30107619047619044,62
2026,2026-09-08 17:00:00 PDT,63,32.850004,100,0.32850004,Nick Sogard,686765,0.30107619047619044,63
2026,2026-09-07 17:00:00 PDT,64,33.114004,100,0.33114004,Nick Sogard,686765,0.30107619047619044,64
2026,2026-09-07 17:00:00 PDT,65,32.512004,100,0.32512004,Nick Sogard,686765,0.30107619047619044,65
2026,2026-09-07 17:00:00 PDT,66,31.760004,100,0.31760004,Nick Sogard,686765,0.30107619047619044,66
2026,2026-09-07 17:00:00 PDT,67,31.770004,100,0.31770004,Nick Sogard,686765,0.30107619047619044,67
2026,2026-09-05 17:00:00 PDT,68,32.468368,100,0.32468368,Nick Sogard,686765,0.30107619047619044,68
2026,2026-09-05 17:00:00 PDT,69,32.535368,100,0.32535368,Nick Sogard,686765,0.30107619047619044,69
2026,2026-09-05 17:00:00 PDT,70,32.604368,100,0.32604368,Nick Sogard,686765,0.30107619047619044,70
2026,2026-09-05 17:00:00 PDT,71,32.595368,100,0.32595368,Nick Sogard,686765,0.30107619047619044,71
2026,2026-09-04 17:00:00 PDT,72,32.914368,100,0.32914368,Nick Sogard,686765,0.30107619047619044,72
2026,2026-09-04 17:00:00 PDT,73,32.799368,100,0.32799368,Nick Sogard,686765,0.30107619047619044,73
2026,2026-09-04 17:00:00 PDT,74,32.912368,100,0.32912368,Nick Sogard,686765,0.30107619047619044,74
2026,2026-09-04 17:00:00 PDT,75,32.992368,100,0.32992368,Nick Sogard,686765,0.30107619047619044,75
2026,2026-09-04 17:00:00 PDT,76,32.683368,100,0.32683368,Nick Sogard,686765,0.30107619047619044,76
2026,2026-09-03 17:00:00 PDT,77,32.046004,100,0.32046004,Nick Sogard,686765,0.30107619047619044,77
2026,2026-09-03 17:00:00 PDT,78,32.046004,100,0.32046004,Nick Sogard,686765,0.30107619047619044,78
2026,2026-09-03 17:00:00 PDT,79,32.611368,100,0.32611368,Nick Sogard,686765,0.30107619047619044,79
2026,2026-09-03 17:00:00 PDT,80,33.306368,100,0.33306368,Nick Sogard,686765,0.30107619047619044,80
2026,2026-09-02 17:00:00 PDT,81,33.554368,100,0.33554368,Nick Sogard,686765,0.30107619047619044,81
2026,2026-09-02 17:00:00 PDT,82,33.135368,100,0.33135368,Nick Sogard,686765,0.30107619047619044,82
2026,2026-09-02 17:00:00 PDT,83,33.451368,100,0.33451368,Nick Sogard,686765,0.30107619047619044,83
2026,2026-09-02 17:00:00 PDT,84,33.060004,100,0.33060004,Nick Sogard,686765,0.30107619047619044,84
2026,2026-09-01 17:00:00 PDT,85,33.648368,100,0.33648368,Nick Sogard,686765,0.30107619047619044,85
2026,2026-09-01 17:00:00 PDT,86,33.153368,100,0.33153368,Nick Sogard,686765,0.30107619047619044,86
2026,2026-09-01 17:00:00 PDT,87,33.324368,100,0.33324368,Nick Sogard,686765,0.30107619047619044,87
2026,2026-09-01 17:00:00 PDT,88,33.576368,100,0.33576368,Nick Sogard,686765,0.30107619047619044,88
2026,2026-08-31 17:00:00 PDT,89,33.576368,100,0.33576368,Nick Sogard,686765,0.30107619047619044,89
2026,2026-08-31 17:00:00 PDT,90,33.580368,100,0.33580368,Nick Sogard,686765,0.30107619047619044,90
2026,2026-08-31 17:00:00 PDT,91,33.920368,100,0.33920368,Nick Sogard,686765,0.30107619047619044,91
2026,2026-08-30 17:00:00 PDT,92,33.865368,100,0.33865368,Nick Sogard,686765,0.30107619047619044,92
2026,2026-08-30 17:00:00 PDT,93,33.316368,100,0.33316368,Nick Sogard,686765,0.30107619047619044,93
2026,2026-08-30 17:00:00 PDT,94,33.302368,100,0.33302368,Nick Sogard,686765,0.30107619047619044,94
2026,2026-08-30 17:00:00 PDT,95,33.118368,100,0.33118368,Nick Sogard,686765,0.30107619047619044,95
2026,2026-08-29 17:00:00 PDT,96,32.198368,100,0.32198368,Nick Sogard,686765,0.30107619047619044,96
2026,2026-08-29 17:00:00 PDT,97,31.868368,100,0.31868368,Nick Sogard,686765,0.30107619047619044,97
2026,2026-08-29 17:00:00 PDT,98,32.566732,100,0.32566732,Nick Sogard,686765,0.30107619047619044,98
2026,2026-08-28 17:00:00 PDT,99,32.566732,100,0.32566732,Nick Sogard,686765,0.30107619047619044,99
2026,2026-08-28 17:00:00 PDT,100,31.685732,100,0.31685732,Nick Sogard,686765,0.30107619047619044,100
2026,2026-09-26 17:00:00 PDT,1,31.625640,100,0.3162564,Wilyer Abreu,677800,0.30107619047619044,1
2026,2026-09-26 17:00:00 PDT,2,31.537640,100,0.3153764,Wilyer Abreu,677800,0.30107619047619044,2
2026,2026-09-26 17:00:00 PDT,3,30.901276,100,0.30901276,Wilyer Abreu,677800,0.30107619047619044,3
2026,2026-09-26 17:00:00 PDT,4,31.165276,100,0.31165276,Wilyer Abreu,677800,0.30107619047619044,4
2026,2026-09-24 17:00:00 PDT,5,31.170276,100,0.31170276,Wilyer Abreu,677800,0.30107619047619044,5
2026,2026-09-24 17:00:00 PDT,6,31.275276,100,0.31275276,Wilyer Abreu,677800,0.30107619047619044,6
2026,2026-09-24 17:00:00 PDT,7,31.509276,100,0.31509276,Wilyer Abreu,677800,0.30107619047619044,7
2026,2026-09-24 17:00:00 PDT,8,31.823587,100,0.31823587,Wilyer Abreu,677800,0.30107619047619044,8
2026,2026-09-24 17:00:00 PDT,9,31.841587,100,0.31841587,Wilyer Abreu,677800,0.30107619047619044,9
2026,2026-09-24 17:00:00 PDT,10,31.749587,100,0.31749587,Wilyer Abreu,677800,0.30107619047619044,10
2026,2026-09-24 17:00:00 PDT,11,31.780587,100,0.31780587,Wilyer Abreu,677800,0.30107619047619044,11
2026,2026-09-24 17:00:00 PDT,12,32.108587,100,0.32108587,Wilyer Abreu,677800,0.30107619047619044,12
2026,2026-09-23 17:00:00 PDT,13,32.635587,100,0.32635587,Wilyer Abreu,677800,0.30107619047619044,13
2026,2026-09-23 17:00:00 PDT,14,33.034587,100,0.33034587,Wilyer Abreu,677800,0.30107619047619044,14
2026,2026-09-23 17:00:00 PDT,15,32.937587,100,0.32937587,Wilyer Abreu,677800,0.30107619047619044,15
2026,2026-09-23 17:00:00 PDT,16,33.158587,100,0.33158587,Wilyer Abreu,677800,0.30107619047619044,16
2026,2026-09-22 17:00:00 PDT,17,33.840951,100,0.33840951,Wilyer Abreu,677800,0.30107619047619044,17
2026,2026-09-22 17:00:00 PDT,18,33.060951,100,0.33060951,Wilyer Abreu,677800,0.30107619047619044,18
2026,2026-09-22 17:00:00 PDT,19,32.883951,100,0.32883951,Wilyer Abreu,677800,0.30107619047619044,19
2026,2026-09-22 17:00:00 PDT,20,32.883951,100,0.32883951,Wilyer Abreu,677800,0.30107619047619044,20
2026,2026-09-21 17:00:00 PDT,21,32.354951,100,0.32354951,Wilyer Abreu,677800,0.30107619047619044,21
2026,2026-09-21 17:00:00 PDT,22,32.354951,100,0.32354951,Wilyer Abreu,677800,0.30107619047619044,22
2026,2026-09-21 17:00:00 PDT,23,32.182315,100,0.32182315,Wilyer Abreu,677800,0.30107619047619044,23
2026,2026-09-21 17:00:00 PDT,24,33.964315,100,0.33964315,Wilyer Abreu,677800,0.30107619047619044,24
2026,2026-09-18 17:00:00 PDT,25,33.856315,100,0.33856315,Wilyer Abreu,677800,0.30107619047619044,25
2026,2026-09-18 17:00:00 PDT,26,33.856315,100,0.33856315,Wilyer Abreu,677800,0.30107619047619044,26
2026,2026-09-18 17:00:00 PDT,27,33.253951,100,0.33253951,Wilyer Abreu,677800,0.30107619047619044,27
2026,2026-09-18 17:00:00 PDT,28,32.816587,100,0.32816587,Wilyer Abreu,677800,0.30107619047619044,28
2026,2026-09-17 17:00:00 PDT,29,32.917587,100,0.32917587,Wilyer Abreu,677800,0.30107619047619044,29
2026,2026-09-17 17:00:00 PDT,30,32.925587,100,0.32925587,Wilyer Abreu,677800,0.30107619047619044,30
2026,2026-09-17 17:00:00 PDT,31,32.925587,100,0.32925587,Wilyer Abreu,677800,0.30107619047619044,31
2026,2026-09-17 17:00:00 PDT,32,33.150587,100,0.33150587,Wilyer Abreu,677800,0.30107619047619044,32
2026,2026-09-17 17:00:00 PDT,33,32.621587,100,0.32621587,Wilyer Abreu,677800,0.30107619047619044,33
2026,2026-09-16 17:00:00 PDT,34,32.621587,100,0.32621587,Wilyer Abreu,677800,0.30107619047619044,34
2026,2026-09-16 17:00:00 PDT,35,31.923223,100,0.31923223,Wilyer Abreu,677800,0.30107619047619044,35
2026,2026-09-16 17:00:00 PDT,36,31.047223,100,0.31047223,Wilyer Abreu,677800,0.30107619047619044,36
2026,2026-09-16 17:00:00 PDT,37,30.793223,100,0.30793223,Wilyer Abreu,677800,0.30107619047619044,37
2026,2026-09-15 17:00:00 PDT,38,31.466223,100,0.31466223,Wilyer Abreu,677800,0.30107619047619044,38
2026,2026-09-15 17:00:00 PDT,39,31.477223,100,0.31477223,Wilyer Abreu,677800,0.30107619047619044,39
2026,2026-09-15 17:00:00 PDT,40,30.667223,100,0.30667223,Wilyer Abreu,677800,0.30107619047619044,40
2026,2026-09-15 17:00:00 PDT,41,30.983587,100,0.30983587,Wilyer Abreu,677800,0.30107619047619044,41
2026,2026-09-14 17:00:00 PDT,42,30.917587,100,0.30917587,Wilyer Abreu,677800,0.30107619047619044,42
2026,2026-09-14 17:00:00 PDT,43,31.570951,100,0.31570951,Wilyer Abreu,677800,0.30107619047619044,43
2026,2026-09-14 17:00:00 PDT,44,32.148951,100,0.32148951,Wilyer Abreu,677800,0.30107619047619044,44
2026,2026-09-14 17:00:00 PDT,45,32.148951,100,0.32148951,Wilyer Abreu,677800,0.30107619047619044,45
2026,2026-09-12 17:00:00 PDT,46,32.405951,100,0.32405951,Wilyer Abreu,677800,0.30107619047619044,46
2026,2026-09-12 17:00:00 PDT,47,32.641951,100,0.32641951,Wilyer Abreu,677800,0.30107619047619044,47
2026,2026-09-12 17:00:00 PDT,48,32.815951,100,0.32815951,Wilyer Abreu,677800,0.30107619047619044,48
2026,2026-09-12 17:00:00 PDT,49,32.789951,100,0.32789951,Wilyer Abreu,677800,0.30107619047619044,49
2026,2026-09-11 17:00:00 PDT,50,31.951951,100,0.31951951,Wilyer Abreu,677800,0.30107619047619044,50
2026,2026-09-11 17:00:00 PDT,51,31.961315,100,0.31961315,Wilyer Abreu,677800,0.30107619047619044,51
2026,2026-09-11 17:00:00 PDT,52,30.852315,100,0.30852315,Wilyer Abreu,677800,0.30107619047619044,52
2026,2026-09-11 17:00:00 PDT,53,31.753315,100,0.31753315,Wilyer Abreu,677800,0.30107619047619044,53
2026,2026-09-10 17:00:00 PDT,54,31.222315,100,0.31222315,Wilyer Abreu,677800,0.30107619047619044,54
2026,2026-09-10 17:00:00 PDT,55,30.918315,100,0.30918315,Wilyer Abreu,677800,0.30107619047619044,55
2026,2026-09-10 17:00:00 PDT,56,30.756679,100,0.30756679,Wilyer Abreu,677800,0.30107619047619044,56
2026,2026-09-10 17:00:00 PDT,57,31.410043,100,0.31410043,Wilyer Abreu,677800,0.30107619047619044,57
2026,2026-09-08 17:00:00 PDT,58,31.046043,100,0.31046043,Wilyer Abreu,677800,0.30107619047619044,58
2026,2026-09-08 17:00:00 PDT,59,30.309043,100,0.30309043,Wilyer Abreu,677800,0.30107619047619044,59
2026,2026-09-08 17:00:00 PDT,60,28.935043,100,0.28935043,Wilyer Abreu,677800,0.30107619047619044,60
2026,2026-09-08 17:00:00 PDT,61,29.655679,100,0.29655679,Wilyer Abreu,677800,0.30107619047619044,61
2026,2026-09-07 17:00:00 PDT,62,30.091679,100,0.30091679,Wilyer Abreu,677800,0.30107619047619044,62
2026,2026-09-07 17:00:00 PDT,63,30.110315,100,0.30110315,Wilyer Abreu,677800,0.30107619047619044,63
2026,2026-09-07 17:00:00 PDT,64,32.067315,100,0.32067315,Wilyer Abreu,677800,0.30107619047619044,64
2026,2026-09-07 17:00:00 PDT,65,31.366315,100,0.31366315,Wilyer Abreu,677800,0.30107619047619044,65
2026,2026-09-06 17:00:00 PDT,66,30.696315,100,0.30696315,Wilyer Abreu,677800,0.30107619047619044,66
2026,2026-09-06 17:00:00 PDT,67,31.253315,100,0.31253315,Wilyer Abreu,677800,0.30107619047619044,67
2026,2026-09-06 17:00:00 PDT,68,31.850315,100,0.31850315,Wilyer Abreu,677800,0.30107619047619044,68
2026,2026-09-06 17:00:00 PDT,69,32.276679,100,0.32276679,Wilyer Abreu,677800,0.30107619047619044,69
2026,2026-09-04 17:00:00 PDT,70,31.964315,100,0.31964315,Wilyer Abreu,677800,0.30107619047619044,70
2026,2026-09-04 17:00:00 PDT,71,32.249315,100,0.32249315,Wilyer Abreu,677800,0.30107619047619044,71
2026,2026-09-04 17:00:00 PDT,72,32.115315,100,0.32115315,Wilyer Abreu,677800,0.30107619047619044,72
2026,2026-09-04 17:00:00 PDT,73,32.298679,100,0.32298679,Wilyer Abreu,677800,0.30107619047619044,73
2026,2026-09-04 17:00:00 PDT,74,32.926679,100,0.32926679,Wilyer Abreu,677800,0.30107619047619044,74
2026,2026-09-03 17:00:00 PDT,75,32.691679,100,0.32691679,Wilyer Abreu,677800,0.30107619047619044,75
2026,2026-09-03 17:00:00 PDT,76,33.271679,100,0.33271679,Wilyer Abreu,677800,0.30107619047619044,76
2026,2026-09-03 17:00:00 PDT,77,32.995315,100,0.32995315,Wilyer Abreu,677800,0.30107619047619044,77
2026,2026-09-03 17:00:00 PDT,78,32.296951,100,0.32296951,Wilyer Abreu,677800,0.30107619047619044,78
2026,2026-09-02 17:00:00 PDT,79,32.296951,100,0.32296951,Wilyer Abreu,677800,0.30107619047619044,79
2026,2026-09-02 17:00:00 PDT,80,32.658951,100,0.32658951,Wilyer Abreu,677800,0.30107619047619044,80
2026,2026-09-02 17:00:00 PDT,81,33.357315,100,0.33357315,Wilyer Abreu,677800,0.30107619047619044,81
2026,2026-09-02 17:00:00 PDT,82,33.362315,100,0.33362315,Wilyer Abreu,677800,0.30107619047619044,82
2026,2026-09-01 17:00:00 PDT,83,33.195315,100,0.33195315,Wilyer Abreu,677800,0.30107619047619044,83
2026,2026-09-01 17:00:00 PDT,84,33.102315,100,0.33102315,Wilyer Abreu,677800,0.30107619047619044,84
2026,2026-09-01 17:00:00 PDT,85,33.340679,100,0.33340679,Wilyer Abreu,677800,0.30107619047619044,85
2026,2026-09-01 17:00:00 PDT,86,32.691679,100,0.32691679,Wilyer Abreu,677800,0.30107619047619044,86
2026,2026-08-31 17:00:00 PDT,87,33.210679,100,0.33210679,Wilyer Abreu,677800,0.30107619047619044,87
2026,2026-08-31 17:00:00 PDT,88,33.909043,100,0.33909043,Wilyer Abreu,677800,0.30107619047619044,88
2026,2026-08-31 17:00:00 PDT,89,34.001043,100,0.34001043,Wilyer Abreu,677800,0.30107619047619044,89
2026,2026-08-31 17:00:00 PDT,90,34.115043,100,0.34115043,Wilyer Abreu,677800,0.30107619047619044,90
2026,2026-08-31 17:00:00 PDT,91,34.446043,100,0.34446043,Wilyer Abreu,677800,0.30107619047619044,91
2026,2026-08-30 17:00:00 PDT,92,35.093407,100,0.35093407,Wilyer Abreu,677800,0.30107619047619044,92
2026,2026-08-30 17:00:00 PDT,93,35.472407,100,0.35472407,Wilyer Abreu,677800,0.30107619047619044,93
2026,2026-08-30 17:00:00 PDT,94,35.693407,100,0.35693407,Wilyer Abreu,677800,0.30107619047619044,94
2026,2026-08-30 17:00:00 PDT,95,36.185407,100,0.36185407,Wilyer Abreu,677800,0.30107619047619044,95
2026,2026-08-30 17:00:00 PDT,96,36.185407,100,0.36185407,Wilyer Abreu,677800,0.30107619047619044,96
2026,2026-08-29 17:00:00 PDT,97,36.185407,100,0.36185407,Wilyer Abreu,677800,0.30107619047619044,97
2026,2026-08-29 17:00:00 PDT,98,35.321407,100,0.35321407,Wilyer Abreu,677800,0.30107619047619044,98
2026,2026-08-29 17:00:00 PDT,99,35.575771,100,0.35575771,Wilyer Abreu,677800,0.30107619047619044,99
2026,2026-08-29 17:00:00 PDT,100,36.020771,100,0.36020771,Wilyer Abreu,677800,0.30107619047619044,100
2026,2026-09-26 17:00:00 PDT,1,32.093912,100,0.32093912,Roman Anthony,701350,0.30107619047619044,1
2026,2026-09-26 17:00:00 PDT,2,32.631912,100,0.32631912,Roman Anthony,701350,0.30107619047619044,2
2026,2026-09-24 17:00:00 PDT,3,32.685912,100,0.32685912,Roman Anthony,701350,0.30107619047619044,3
2026,2026-09-24 17:00:00 PDT,4,32.685912,100,0.32685912,Roman Anthony,701350,0.30107619047619044,4
2026,2026-09-24 17:00:00 PDT,5,33.433912,100,0.33433912,Roman Anthony,701350,0.30107619047619044,5
2026,2026-09-24 17:00:00 PDT,6,33.055912,100,0.33055912,Roman Anthony,701350,0.30107619047619044,6
2026,2026-09-24 17:00:00 PDT,7,32.985548,100,0.32985548,Roman Anthony,701350,0.30107619047619044,7
2026,2026-09-24 17:00:00 PDT,8,33.130912,100,0.33130912,Roman Anthony,701350,0.30107619047619044,8
2026,2026-09-24 17:00:00 PDT,9,33.438912,100,0.33438912,Roman Anthony,701350,0.30107619047619044,9
2026,2026-09-24 17:00:00 PDT,10,32.808548,100,0.32808548,Roman Anthony,701350,0.30107619047619044,10
2026,2026-09-22 17:00:00 PDT,11,31.992548,100,0.31992548,Roman Anthony,701350,0.30107619047619044,11
2026,2026-09-22 17:00:00 PDT,12,32.131548,100,0.32131548,Roman Anthony,701350,0.30107619047619044,12
2026,2026-09-22 17:00:00 PDT,13,32.581548,100,0.32581548,Roman Anthony,701350,0.30107619047619044,13
2026,2026-09-22 17:00:00 PDT,14,32.327548,100,0.32327548,Roman Anthony,701350,0.30107619047619044,14
2026,2026-09-21 17:00:00 PDT,15,32.339548,100,0.32339548,Roman Anthony,701350,0.30107619047619044,15
2026,2026-09-21 17:00:00 PDT,16,32.470548,100,0.32470548,Roman Anthony,701350,0.30107619047619044,16
2026,2026-09-21 17:00:00 PDT,17,32.483548,100,0.32483548,Roman Anthony,701350,0.30107619047619044,17
2026,2026-09-21 17:00:00 PDT,18,34.219548,100,0.34219548,Roman Anthony,701350,0.30107619047619044,18
2026,2026-09-21 17:00:00 PDT,19,34.692548,100,0.34692548,Roman Anthony,701350,0.30107619047619044,19
2026,2026-09-19 17:00:00 PDT,20,34.737548,100,0.34737548,Roman Anthony,701350,0.30107619047619044,20
2026,2026-09-19 17:00:00 PDT,21,35.369912,100,0.35369912,Roman Anthony,701350,0.30107619047619044,21
2026,2026-09-19 17:00:00 PDT,22,35.924912,100,0.35924912,Roman Anthony,701350,0.30107619047619044,22
2026,2026-09-19 17:00:00 PDT,23,36.466276,100,0.36466276,Roman Anthony,701350,0.30107619047619044,23
2026,2026-09-18 17:00:00 PDT,24,36.171276,100,0.36171276,Roman Anthony,701350,0.30107619047619044,24
2026,2026-09-18 17:00:00 PDT,25,36.787276,100,0.36787276,Roman Anthony,701350,0.30107619047619044,25
2026,2026-09-18 17:00:00 PDT,26,37.450276,100,0.37450276,Roman Anthony,701350,0.30107619047619044,26
2026,2026-09-18 17:00:00 PDT,27,36.765276,100,0.36765276,Roman Anthony,701350,0.30107619047619044,27
2026,2026-09-17 17:00:00 PDT,28,36.809276,100,0.36809276,Roman Anthony,701350,0.30107619047619044,28
2026,2026-09-17 17:00:00 PDT,29,36.776276,100,0.36776276,Roman Anthony,701350,0.30107619047619044,29
2026,2026-09-17 17:00:00 PDT,30,36.776276,100,0.36776276,Roman Anthony,701350,0.30107619047619044,30
2026,2026-09-17 17:00:00 PDT,31,37.534276,100,0.37534276,Roman Anthony,701350,0.30107619047619044,31
2026,2026-09-17 17:00:00 PDT,32,37.123276,100,0.37123276,Roman Anthony,701350,0.30107619047619044,32
2026,2026-09-16 17:00:00 PDT,33,35.438276,100,0.35438276,Roman Anthony,701350,0.30107619047619044,33
2026,2026-09-16 17:00:00 PDT,34,35.281276,100,0.35281276,Roman Anthony,701350,0.30107619047619044,34
2026,2026-09-16 17:00:00 PDT,35,35.060276,100,0.35060276,Roman Anthony,701350,0.30107619047619044,35
2026,2026-09-16 17:00:00 PDT,36,34.893276,100,0.34893276,Roman Anthony,701350,0.30107619047619044,36
2026,2026-09-16 17:00:00 PDT,37,34.262912,100,0.34262912,Roman Anthony,701350,0.30107619047619044,37
2026,2026-09-15 17:00:00 PDT,38,34.890276,100,0.34890276,Roman Anthony,701350,0.30107619047619044,38
2026,2026-09-15 17:00:00 PDT,39,34.720276,100,0.34720276,Roman Anthony,701350,0.30107619047619044,39
2026,2026-09-15 17:00:00 PDT,40,34.985276,100,0.34985276,Roman Anthony,701350,0.30107619047619044,40
2026,2026-09-15 17:00:00 PDT,41,35.196276,100,0.35196276,Roman Anthony,701350,0.30107619047619044,41
2026,2026-09-14 17:00:00 PDT,42,34.497912,100,0.34497912,Roman Anthony,701350,0.30107619047619044,42
2026,2026-09-14 17:00:00 PDT,43,34.270912,100,0.34270912,Roman Anthony,701350,0.30107619047619044,43
2026,2026-09-14 17:00:00 PDT,44,33.957912,100,0.33957912,Roman Anthony,701350,0.30107619047619044,44
2026,2026-09-14 17:00:00 PDT,45,33.957912,100,0.33957912,Roman Anthony,701350,0.30107619047619044,45
2026,2026-09-14 17:00:00 PDT,46,34.656276,100,0.34656276,Roman Anthony,701350,0.30107619047619044,46
2026,2026-09-12 17:00:00 PDT,47,34.052276,100,0.34052276,Roman Anthony,701350,0.30107619047619044,47
2026,2026-09-12 17:00:00 PDT,48,33.846276,100,0.33846276,Roman Anthony,701350,0.30107619047619044,48
2026,2026-09-12 17:00:00 PDT,49,34.228640,100,0.3422864,Roman Anthony,701350,0.30107619047619044,49
2026,2026-09-12 17:00:00 PDT,50,34.172640,100,0.3417264,Roman Anthony,701350,0.30107619047619044,50
2026,2026-09-11 17:00:00 PDT,51,34.820004,100,0.34820004,Roman Anthony,701350,0.30107619047619044,51
2026,2026-09-11 17:00:00 PDT,52,35.054004,100,0.35054004,Roman Anthony,701350,0.30107619047619044,52
2026,2026-09-11 17:00:00 PDT,53,35.752368,100,0.35752368,Roman Anthony,701350,0.30107619047619044,53
2026,2026-09-11 17:00:00 PDT,54,35.886732,100,0.35886732,Roman Anthony,701350,0.30107619047619044,54
2026,2026-09-10 17:00:00 PDT,55,35.886732,100,0.35886732,Roman Anthony,701350,0.30107619047619044,55
2026,2026-09-10 17:00:00 PDT,56,36.585096,100,0.36585096,Roman Anthony,701350,0.30107619047619044,56
2026,2026-09-10 17:00:00 PDT,57,36.766096,100,0.36766096,Roman Anthony,701350,0.30107619047619044,57
2026,2026-09-10 17:00:00 PDT,58,36.334096,100,0.36334096,Roman Anthony,701350,0.30107619047619044,58
2026,2026-09-10 17:00:00 PDT,59,36.462096,100,0.36462096,Roman Anthony,701350,0.30107619047619044,59
2026,2026-09-08 17:00:00 PDT,60,35.609096,100,0.35609096,Roman Anthony,701350,0.30107619047619044,60
2026,2026-09-08 17:00:00 PDT,61,36.067096,100,0.36067096,Roman Anthony,701350,0.30107619047619044,61
2026,2026-09-08 17:00:00 PDT,62,36.765460,100,0.3676546,Roman Anthony,701350,0.30107619047619044,62
2026,2026-09-08 17:00:00 PDT,63,35.061460,100,0.3506146,Roman Anthony,701350,0.30107619047619044,63
2026,2026-09-08 17:00:00 PDT,64,35.819460,100,0.3581946,Roman Anthony,701350,0.30107619047619044,64
2026,2026-09-07 17:00:00 PDT,65,35.845460,100,0.3584546,Roman Anthony,701350,0.30107619047619044,65
2026,2026-09-07 17:00:00 PDT,66,35.845460,100,0.3584546,Roman Anthony,701350,0.30107619047619044,66
2026,2026-09-07 17:00:00 PDT,67,35.611460,100,0.3561146,Roman Anthony,701350,0.30107619047619044,67
2026,2026-09-07 17:00:00 PDT,68,36.366460,100,0.3636646,Roman Anthony,701350,0.30107619047619044,68
2026,2026-09-06 17:00:00 PDT,69,36.580460,100,0.3658046,Roman Anthony,701350,0.30107619047619044,69
2026,2026-09-06 17:00:00 PDT,70,36.742460,100,0.3674246,Roman Anthony,701350,0.30107619047619044,70
2026,2026-09-06 17:00:00 PDT,71,36.649824,100,0.36649824,Roman Anthony,701350,0.30107619047619044,71
2026,2026-09-06 17:00:00 PDT,72,36.649824,100,0.36649824,Roman Anthony,701350,0.30107619047619044,72
2026,2026-09-06 17:00:00 PDT,73,36.623460,100,0.3662346,Roman Anthony,701350,0.30107619047619044,73
2026,2026-09-05 17:00:00 PDT,74,35.802460,100,0.3580246,Roman Anthony,701350,0.30107619047619044,74
2026,2026-09-05 17:00:00 PDT,75,36.713460,100,0.3671346,Roman Anthony,701350,0.30107619047619044,75
2026,2026-09-05 17:00:00 PDT,76,36.736460,100,0.3673646,Roman Anthony,701350,0.30107619047619044,76
2026,2026-09-05 17:00:00 PDT,77,37.434824,100,0.37434824,Roman Anthony,701350,0.30107619047619044,77
2026,2026-09-05 17:00:00 PDT,78,37.434824,100,0.37434824,Roman Anthony,701350,0.30107619047619044,78
2026,2026-09-04 17:00:00 PDT,79,38.164135,100,0.38164135,Roman Anthony,701350,0.30107619047619044,79
2026,2026-09-04 17:00:00 PDT,80,38.979135,100,0.38979135,Roman Anthony,701350,0.30107619047619044,80
2026,2026-09-04 17:00:00 PDT,81,39.807135,100,0.39807135,Roman Anthony,701350,0.30107619047619044,81
2026,2026-09-04 17:00:00 PDT,82,39.876135,100,0.39876135,Roman Anthony,701350,0.30107619047619044,82
2026,2026-09-04 17:00:00 PDT,83,39.962135,100,0.39962135,Roman Anthony,701350,0.30107619047619044,83
2026,2026-09-03 17:00:00 PDT,84,40.402135,100,0.40402135,Roman Anthony,701350,0.30107619047619044,84
2026,2026-09-03 17:00:00 PDT,85,40.378135,100,0.40378135,Roman Anthony,701350,0.30107619047619044,85
2026,2026-09-03 17:00:00 PDT,86,39.794771,100,0.39794771,Roman Anthony,701350,0.30107619047619044,86
2026,2026-09-03 17:00:00 PDT,87,40.654771,100,0.40654771,Roman Anthony,701350,0.30107619047619044,87
2026,2026-09-03 17:00:00 PDT,88,40.467771,100,0.40467771,Roman Anthony,701350,0.30107619047619044,88
2026,2026-09-02 17:00:00 PDT,89,39.205771,100,0.39205771,Roman Anthony,701350,0.30107619047619044,89
2026,2026-09-02 17:00:00 PDT,90,38.879135,100,0.38879135,Roman Anthony,701350,0.30107619047619044,90
2026,2026-09-02 17:00:00 PDT,91,38.879135,100,0.38879135,Roman Anthony,701350,0.30107619047619044,91
2026,2026-09-02 17:00:00 PDT,92,39.577499,100,0.39577499,Roman Anthony,701350,0.30107619047619044,92
2026,2026-09-02 17:00:00 PDT,93,39.360135,100,0.39360135,Roman Anthony,701350,0.30107619047619044,93
2026,2026-09-01 17:00:00 PDT,94,40.058499,100,0.40058499,Roman Anthony,701350,0.30107619047619044,94
2026,2026-09-01 17:00:00 PDT,95,40.088499,100,0.40088499,Roman Anthony,701350,0.30107619047619044,95
2026,2026-09-01 17:00:00 PDT,96,38.969499,100,0.38969499,Roman Anthony,701350,0.30107619047619044,96
2026,2026-09-01 17:00:00 PDT,97,38.211499,100,0.38211499,Roman Anthony,701350,0.30107619047619044,97
2026,2026-09-01 17:00:00 PDT,98,37.519499,100,0.37519499,Roman Anthony,701350,0.30107619047619044,98
2026,2026-08-31 17:00:00 PDT,99,38.042499,100,0.38042499,Roman Anthony,701350,0.30107619047619044,99
2026,2026-08-31 17:00:00 PDT,100,37.328499,100,0.37328499,Roman Anthony,701350,0.30107619047619044,100
2026,2026-09-26 17:00:00 PDT,1,30.704287,100,0.30704287,Caleb Durbin,702332,0.30107619047619044,1
2026,2026-09-26 17:00:00 PDT,2,31.362651,100,0.31362651,Caleb Durbin,702332,0.30107619047619044,2
2026,2026-09-26 17:00:00 PDT,3,31.402651,100,0.31402651,Caleb Durbin,702332,0.30107619047619044,3
2026,2026-09-26 17:00:00 PDT,4,32.084015,100,0.32084015,Caleb Durbin,702332,0.30107619047619044,4
2026,2026-09-24 17:00:00 PDT,5,32.081015,100,0.32081015,Caleb Durbin,702332,0.30107619047619044,5
2026,2026-09-24 17:00:00 PDT,6,32.941015,100,0.32941015,Caleb Durbin,702332,0.30107619047619044,6
2026,2026-09-24 17:00:00 PDT,7,33.771015,100,0.33771015,Caleb Durbin,702332,0.30107619047619044,7
2026,2026-09-24 17:00:00 PDT,8,33.950015,100,0.33950015,Caleb Durbin,702332,0.30107619047619044,8
2026,2026-09-23 17:00:00 PDT,9,34.194015,100,0.34194015,Caleb Durbin,702332,0.30107619047619044,9
2026,2026-09-23 17:00:00 PDT,10,34.211015,100,0.34211015,Caleb Durbin,702332,0.30107619047619044,10
2026,2026-09-23 17:00:00 PDT,11,33.520651,100,0.33520651,Caleb Durbin,702332,0.30107619047619044,11
2026,2026-09-23 17:00:00 PDT,12,33.566651,100,0.33566651,Caleb Durbin,702332,0.30107619047619044,12
2026,2026-09-22 17:00:00 PDT,13,33.457651,100,0.33457651,Caleb Durbin,702332,0.30107619047619044,13
2026,2026-09-22 17:00:00 PDT,14,33.363651,100,0.33363651,Caleb Durbin,702332,0.30107619047619044,14
2026,2026-09-22 17:00:00 PDT,15,33.326651,100,0.33326651,Caleb Durbin,702332,0.30107619047619044,15
2026,2026-09-22 17:00:00 PDT,16,32.926651,100,0.32926651,Caleb Durbin,702332,0.30107619047619044,16
2026,2026-09-21 17:00:00 PDT,17,32.682651,100,0.32682651,Caleb Durbin,702332,0.30107619047619044,17
2026,2026-09-21 17:00:00 PDT,18,32.682651,100,0.32682651,Caleb Durbin,702332,0.30107619047619044,18
2026,2026-09-21 17:00:00 PDT,19,32.901651,100,0.32901651,Caleb Durbin,702332,0.30107619047619044,19
2026,2026-09-19 17:00:00 PDT,20,32.437651,100,0.32437651,Caleb Durbin,702332,0.30107619047619044,20
2026,2026-09-19 17:00:00 PDT,21,31.661651,100,0.31661651,Caleb Durbin,702332,0.30107619047619044,21
2026,2026-09-19 17:00:00 PDT,22,31.711651,100,0.31711651,Caleb Durbin,702332,0.30107619047619044,22
2026,2026-09-19 17:00:00 PDT,23,30.911651,100,0.30911651,Caleb Durbin,702332,0.30107619047619044,23
2026,2026-09-18 17:00:00 PDT,24,30.886651,100,0.30886651,Caleb Durbin,702332,0.30107619047619044,24
2026,2026-09-18 17:00:00 PDT,25,30.532651,100,0.30532651,Caleb Durbin,702332,0.30107619047619044,25
2026,2026-09-18 17:00:00 PDT,26,30.503651,100,0.30503651,Caleb Durbin,702332,0.30107619047619044,26
2026,2026-09-18 17:00:00 PDT,27,30.456651,100,0.30456651,Caleb Durbin,702332,0.30107619047619044,27
2026,2026-09-17 17:00:00 PDT,28,30.108651,100,0.30108651,Caleb Durbin,702332,0.30107619047619044,28
2026,2026-09-17 17:00:00 PDT,29,30.084651,100,0.30084651,Caleb Durbin,702332,0.30107619047619044,29
2026,2026-09-17 17:00:00 PDT,30,30.084651,100,0.30084651,Caleb Durbin,702332,0.30107619047619044,30
2026,2026-09-17 17:00:00 PDT,31,30.605651,100,0.30605651,Caleb Durbin,702332,0.30107619047619044,31
2026,2026-09-16 17:00:00 PDT,32,30.352651,100,0.30352651,Caleb Durbin,702332,0.30107619047619044,32
2026,2026-09-16 17:00:00 PDT,33,30.605651,100,0.30605651,Caleb Durbin,702332,0.30107619047619044,33
2026,2026-09-16 17:00:00 PDT,34,29.986287,100,0.29986287,Caleb Durbin,702332,0.30107619047619044,34
2026,2026-09-16 17:00:00 PDT,35,30.143287,100,0.30143287,Caleb Durbin,702332,0.30107619047619044,35
2026,2026-09-15 17:00:00 PDT,36,30.393287,100,0.30393287,Caleb Durbin,702332,0.30107619047619044,36
2026,2026-09-15 17:00:00 PDT,37,30.536287,100,0.30536287,Caleb Durbin,702332,0.30107619047619044,37
2026,2026-09-15 17:00:00 PDT,38,31.066287,100,0.31066287,Caleb Durbin,702332,0.30107619047619044,38
2026,2026-09-15 17:00:00 PDT,39,31.066287,100,0.31066287,Caleb Durbin,702332,0.30107619047619044,39
2026,2026-09-14 17:00:00 PDT,40,30.367923,100,0.30367923,Caleb Durbin,702332,0.30107619047619044,40
2026,2026-09-14 17:00:00 PDT,41,30.400923,100,0.30400923,Caleb Durbin,702332,0.30107619047619044,41
2026,2026-09-14 17:00:00 PDT,42,30.226923,100,0.30226923,Caleb Durbin,702332,0.30107619047619044,42
2026,2026-09-12 17:00:00 PDT,43,29.917923,100,0.29917923,Caleb Durbin,702332,0.30107619047619044,43
2026,2026-09-12 17:00:00 PDT,44,29.475612,100,0.29475612,Caleb Durbin,702332,0.30107619047619044,44
2026,2026-09-12 17:00:00 PDT,45,29.475612,100,0.29475612,Caleb Durbin,702332,0.30107619047619044,45
2026,2026-09-12 17:00:00 PDT,46,28.976301,100,0.28976301,Caleb Durbin,702332,0.30107619047619044,46
2026,2026-09-11 17:00:00 PDT,47,28.730301,100,0.28730301,Caleb Durbin,702332,0.30107619047619044,47
2026,2026-09-11 17:00:00 PDT,48,28.466301,100,0.28466301,Caleb Durbin,702332,0.30107619047619044,48
2026,2026-09-11 17:00:00 PDT,49,28.514301,100,0.28514301,Caleb Durbin,702332,0.30107619047619044,49
2026,2026-09-10 17:00:00 PDT,50,29.075665,100,0.29075665,Caleb Durbin,702332,0.30107619047619044,50
2026,2026-09-10 17:00:00 PDT,51,29.746665,100,0.29746665,Caleb Durbin,702332,0.30107619047619044,51
2026,2026-09-10 17:00:00 PDT,52,30.058665,100,0.30058665,Caleb Durbin,702332,0.30107619047619044,52
2026,2026-09-10 17:00:00 PDT,53,30.771665,100,0.30771665,Caleb Durbin,702332,0.30107619047619044,53
2026,2026-09-08 17:00:00 PDT,54,30.873665,100,0.30873665,Caleb Durbin,702332,0.30107619047619044,54
2026,2026-09-08 17:00:00 PDT,55,30.996665,100,0.30996665,Caleb Durbin,702332,0.30107619047619044,55
2026,2026-09-08 17:00:00 PDT,56,30.686665,100,0.30686665,Caleb Durbin,702332,0.30107619047619044,56
2026,2026-09-08 17:00:00 PDT,57,31.031665,100,0.31031665,Caleb Durbin,702332,0.30107619047619044,57
2026,2026-09-07 17:00:00 PDT,58,31.273665,100,0.31273665,Caleb Durbin,702332,0.30107619047619044,58
2026,2026-09-07 17:00:00 PDT,59,31.823665,100,0.31823665,Caleb Durbin,702332,0.30107619047619044,59
2026,2026-09-07 17:00:00 PDT,60,31.125301,100,0.31125301,Caleb Durbin,702332,0.30107619047619044,60
2026,2026-09-07 17:00:00 PDT,61,31.078301,100,0.31078301,Caleb Durbin,702332,0.30107619047619044,61
2026,2026-09-06 17:00:00 PDT,62,30.528937,100,0.30528937,Caleb Durbin,702332,0.30107619047619044,62
2026,2026-09-06 17:00:00 PDT,63,30.432937,100,0.30432937,Caleb Durbin,702332,0.30107619047619044,63
2026,2026-09-06 17:00:00 PDT,64,29.759937,100,0.29759937,Caleb Durbin,702332,0.30107619047619044,64
2026,2026-09-06 17:00:00 PDT,65,28.956937,100,0.28956937,Caleb Durbin,702332,0.30107619047619044,65
2026,2026-09-05 17:00:00 PDT,66,29.651937,100,0.29651937,Caleb Durbin,702332,0.30107619047619044,66
2026,2026-09-05 17:00:00 PDT,67,29.651937,100,0.29651937,Caleb Durbin,702332,0.30107619047619044,67
2026,2026-09-05 17:00:00 PDT,68,29.323937,100,0.29323937,Caleb Durbin,702332,0.30107619047619044,68
2026,2026-09-05 17:00:00 PDT,69,29.323937,100,0.29323937,Caleb Durbin,702332,0.30107619047619044,69
2026,2026-09-03 17:00:00 PDT,70,29.077573,100,0.29077573,Caleb Durbin,702332,0.30107619047619044,70
2026,2026-09-03 17:00:00 PDT,71,29.077573,100,0.29077573,Caleb Durbin,702332,0.30107619047619044,71
2026,2026-09-03 17:00:00 PDT,72,29.098573,100,0.29098573,Caleb Durbin,702332,0.30107619047619044,72
2026,2026-09-03 17:00:00 PDT,73,28.905573,100,0.28905573,Caleb Durbin,702332,0.30107619047619044,73
2026,2026-09-02 17:00:00 PDT,74,29.603937,100,0.29603937,Caleb Durbin,702332,0.30107619047619044,74
2026,2026-09-02 17:00:00 PDT,75,28.891626,100,0.28891626,Caleb Durbin,702332,0.30107619047619044,75
2026,2026-09-02 17:00:00 PDT,76,28.886626,100,0.28886626,Caleb Durbin,702332,0.30107619047619044,76
2026,2026-09-02 17:00:00 PDT,77,28.321315,100,0.28321315,Caleb Durbin,702332,0.30107619047619044,77
2026,2026-09-01 17:00:00 PDT,78,28.056315,100,0.28056315,Caleb Durbin,702332,0.30107619047619044,78
2026,2026-09-01 17:00:00 PDT,79,27.931315,100,0.27931315,Caleb Durbin,702332,0.30107619047619044,79
2026,2026-09-01 17:00:00 PDT,80,27.727315,100,0.27727315,Caleb Durbin,702332,0.30107619047619044,80
2026,2026-09-01 17:00:00 PDT,81,27.727315,100,0.27727315,Caleb Durbin,702332,0.30107619047619044,81
2026,2026-08-31 17:00:00 PDT,82,27.679315,100,0.27679315,Caleb Durbin,702332,0.30107619047619044,82
2026,2026-08-31 17:00:00 PDT,83,27.679315,100,0.27679315,Caleb Durbin,702332,0.30107619047619044,83
2026,2026-08-31 17:00:00 PDT,84,28.366315,100,0.28366315,Caleb Durbin,702332,0.30107619047619044,84
2026,2026-08-31 17:00:00 PDT,85,28.603315,100,0.28603315,Caleb Durbin,702332,0.30107619047619044,85
2026,2026-08-30 17:00:00 PDT,86,28.560315,100,0.28560315,Caleb Durbin,702332,0.30107619047619044,86
2026,2026-08-30 17:00:00 PDT,87,28.748315,100,0.28748315,Caleb Durbin,702332,0.30107619047619044,87
2026,2026-08-30 17:00:00 PDT,88,28.898315,100,0.28898315,Caleb Durbin,702332,0.30107619047619044,88
2026,2026-08-29 17:00:00 PDT,89,28.548951,100,0.28548951,Caleb Durbin,702332,0.30107619047619044,89
2026,2026-08-29 17:00:00 PDT,90,29.019951,100,0.29019951,Caleb Durbin,702332,0.30107619047619044,90
2026,2026-08-29 17:00:00 PDT,91,29.106951,100,0.29106951,Caleb Durbin,702332,0.30107619047619044,91
2026,2026-08-28 17:00:00 PDT,92,29.651315,100,0.29651315,Caleb Durbin,702332,0.30107619047619044,92
2026,2026-08-28 17:00:00 PDT,93,29.235951,100,0.29235951,Caleb Durbin,702332,0.30107619047619044,93
2026,2026-08-28 17:00:00 PDT,94,29.641951,100,0.29641951,Caleb Durbin,702332,0.30107619047619044,94
2026,2026-08-28 17:00:00 PDT,95,30.064315,100,0.30064315,Caleb Durbin,702332,0.30107619047619044,95
2026,2026-08-28 17:00:00 PDT,96,30.793626,100,0.30793626,Caleb Durbin,702332,0.30107619047619044,96
2026,2026-08-28 17:00:00 PDT,97,30.945626,100,0.30945626,Caleb Durbin,702332,0.30107619047619044,97
2026,2026-08-28 17:00:00 PDT,98,31.025626,100,0.31025626,Caleb Durbin,702332,0.30107619047619044,98
2026,2026-08-28 17:00:00 PDT,99,31.564626,100,0.31564626,Caleb Durbin,702332,0.30107619047619044,99
2026,2026-08-27 17:00:00 PDT,100,30.893626,100,0.30893626,Caleb Durbin,702332,0.30107619047619044,100
2026,2026-09-26 17:00:00 PDT,1,30.05669632178350877,100,0.3005669632178351,Nate Eaton,681987,0.30107619047619044,1
2026,2026-09-26 17:00:00 PDT,2,31.15369632178350877,100,0.3115369632178351,Nate Eaton,681987,0.30107619047619044,2
2026,2026-09-21 17:00:00 PDT,3,30.29369632178350877,100,0.3029369632178351,Nate Eaton,681987,0.30107619047619044,3
2026,2026-09-21 17:00:00 PDT,4,30.67369632178350877,100,0.3067369632178351,Nate Eaton,681987,0.30107619047619044,4
2026,2026-09-21 17:00:00 PDT,5,30.65869632178350877,100,0.3065869632178351,Nate Eaton,681987,0.30107619047619044,5
2026,2026-09-19 17:00:00 PDT,6,30.08569632178350877,100,0.30085696321783506,Nate Eaton,681987,0.30107619047619044,6
2026,2026-09-19 17:00:00 PDT,7,30.69369632178350877,100,0.3069369632178351,Nate Eaton,681987,0.30107619047619044,7
2026,2026-09-19 17:00:00 PDT,8,30.11233232178350877,100,0.3011233232178351,Nate Eaton,681987,0.30107619047619044,8
2026,2026-09-17 17:00:00 PDT,9,29.62833232178350877,100,0.29628332321783507,Nate Eaton,681987,0.30107619047619044,9
2026,2026-09-17 17:00:00 PDT,10,29.29733232178350877,100,0.2929733232178351,Nate Eaton,681987,0.30107619047619044,10
2026,2026-09-17 17:00:00 PDT,11,29.51033232178350877,100,0.2951033232178351,Nate Eaton,681987,0.30107619047619044,11
2026,2026-09-17 17:00:00 PDT,12,29.87333232178350877,100,0.2987333232178351,Nate Eaton,681987,0.30107619047619044,12
2026,2026-09-16 17:00:00 PDT,13,29.75696832178350877,100,0.2975696832178351,Nate Eaton,681987,0.30107619047619044,13
2026,2026-09-16 17:00:00 PDT,14,29.91896832178350877,100,0.29918968321783507,Nate Eaton,681987,0.30107619047619044,14
2026,2026-09-15 17:00:00 PDT,15,29.91210132178350877,100,0.2991210132178351,Nate Eaton,681987,0.30107619047619044,15
2026,2026-09-12 17:00:00 PDT,16,29.96410132178350877,100,0.2996410132178351,Nate Eaton,681987,0.30107619047619044,16
2026,2026-09-12 17:00:00 PDT,17,30.11910132178350877,100,0.3011910132178351,Nate Eaton,681987,0.30107619047619044,17
2026,2026-09-08 17:00:00 PDT,18,30.18810132178350877,100,0.3018810132178351,Nate Eaton,681987,0.30107619047619044,18
2026,2026-09-08 17:00:00 PDT,19,30.06010132178350877,100,0.3006010132178351,Nate Eaton,681987,0.30107619047619044,19
2026,2026-09-08 17:00:00 PDT,20,29.96510132178350877,100,0.2996510132178351,Nate Eaton,681987,0.30107619047619044,20
2026,2026-09-08 17:00:00 PDT,21,29.83410132178350877,100,0.29834101321783507,Nate Eaton,681987,0.30107619047619044,21
2026,2026-07-11 17:00:00 PDT,22,29.85310132178350877,100,0.2985310132178351,Nate Eaton,681987,0.30107619047619044,22
2026,2026-07-11 17:00:00 PDT,23,29.85610132178350877,100,0.29856101321783507,Nate Eaton,681987,0.30107619047619044,23
2026,2026-07-11 17:00:00 PDT,24,30.93958743289461987,100,0.3093958743289462,Nate Eaton,681987,0.30107619047619044,24
2026,2026-07-08 17:00:00 PDT,25,31.63108443289461987,100,0.3163108443289462,Nate Eaton,681987,0.30107619047619044,25
2026,2026-07-08 17:00:00 PDT,26,31.37372043289461987,100,0.3137372043289462,Nate Eaton,681987,0.30107619047619044,26
2026,2026-07-02 17:00:00 PDT,27,31.43272043289461987,100,0.3143272043289462,Nate Eaton,681987,0.30107619047619044,27
2026,2026-07-02 17:00:00 PDT,28,31.61572043289461987,100,0.3161572043289462,Nate Eaton,681987,0.30107619047619044,28
2026,2026-07-02 17:00:00 PDT,29,31.91272043289461987,100,0.3191272043289462,Nate Eaton,681987,0.30107619047619044,29
2026,2026-07-02 17:00:00 PDT,30,31.91272043289461987,100,0.3191272043289462,Nate Eaton,681987,0.30107619047619044,30
2026,2026-07-02 17:00:00 PDT,31,32.25672043289461987,100,0.3225672043289462,Nate Eaton,681987,0.30107619047619044,31
2026,2026-06-30 17:00:00 PDT,32,32.94472043289461987,100,0.3294472043289462,Nate Eaton,681987,0.30107619047619044,32
2026,2026-06-30 17:00:00 PDT,33,32.87272043289461987,100,0.3287272043289462,Nate Eaton,681987,0.30107619047619044,33
2026,2026-06-30 17:00:00 PDT,34,32.87272043289461987,100,0.3287272043289462,Nate Eaton,681987,0.30107619047619044,34
2026,2026-06-30 17:00:00 PDT,35,32.18840943289461987,100,0.3218840943289462,Nate Eaton,681987,0.30107619047619044,35
2026,2026-06-27 17:00:00 PDT,36,32.00240943289461987,100,0.3200240943289462,Nate Eaton,681987,0.30107619047619044,36
2026,2026-06-27 17:00:00 PDT,37,32.67469843289461987,100,0.3267469843289462,Nate Eaton,681987,0.30107619047619044,37
2026,2026-06-27 17:00:00 PDT,38,33.23569843289461987,100,0.3323569843289462,Nate Eaton,681987,0.30107619047619044,38
2026,2026-06-26 17:00:00 PDT,39,33.14369843289461987,100,0.3314369843289462,Nate Eaton,681987,0.30107619047619044,39
2026,2026-06-24 17:00:00 PDT,40,33.14369843289461987,100,0.3314369843289462,Nate Eaton,681987,0.30107619047619044,40
2026,2026-06-23 17:00:00 PDT,41,32.67338743289461987,100,0.3267338743289462,Nate Eaton,681987,0.30107619047619044,41
2026,2026-06-23 17:00:00 PDT,42,32.15938743289461987,100,0.3215938743289462,Nate Eaton,681987,0.30107619047619044,42
2026,2026-06-23 17:00:00 PDT,43,32.28538743289461987,100,0.3228538743289462,Nate Eaton,681987,0.30107619047619044,43
2026,2026-06-23 17:00:00 PDT,44,31.61202343289461987,100,0.3161202343289462,Nate Eaton,681987,0.30107619047619044,44
2026,2026-06-23 17:00:00 PDT,45,30.72102343289461987,100,0.3072102343289462,Nate Eaton,681987,0.30107619047619044,45
2026,2026-06-22 17:00:00 PDT,46,31.06902343289461987,100,0.3106902343289462,Nate Eaton,681987,0.30107619047619044,46
2026,2026-06-22 17:00:00 PDT,47,31.03302343289461987,100,0.3103302343289462,Nate Eaton,681987,0.30107619047619044,47
2026,2026-06-22 17:00:00 PDT,48,30.37402343289461987,100,0.3037402343289462,Nate Eaton,681987,0.30107619047619044,48
2026,2026-06-22 17:00:00 PDT,49,30.27602343289461987,100,0.3027602343289462,Nate Eaton,681987,0.30107619047619044,49
2026,2026-06-22 17:00:00 PDT,50,29.53002343289461987,100,0.2953002343289462,Nate Eaton,681987,0.30107619047619044,50
2026,2026-06-20 17:00:00 PDT,51,29.52315643289461987,100,0.2952315643289462,Nate Eaton,681987,0.30107619047619044,51
2026,2026-06-20 17:00:00 PDT,52,29.59615643289461987,100,0.2959615643289462,Nate Eaton,681987,0.30107619047619044,52
2026,2026-06-20 17:00:00 PDT,53,28.89779243289461987,100,0.2889779243289462,Nate Eaton,681987,0.30107619047619044,53
2026,2026-06-19 17:00:00 PDT,54,27.98079243289461987,100,0.2798079243289462,Nate Eaton,681987,0.30107619047619044,54
2026,2026-06-19 17:00:00 PDT,55,28.52879243289461987,100,0.2852879243289462,Nate Eaton,681987,0.30107619047619044,55
2026,2026-06-19 17:00:00 PDT,56,28.66642843289461987,100,0.2866642843289462,Nate Eaton,681987,0.30107619047619044,56
2026,2026-06-19 17:00:00 PDT,57,28.98342843289461987,100,0.2898342843289462,Nate Eaton,681987,0.30107619047619044,57
2026,2026-06-16 17:00:00 PDT,58,29.02642843289461987,100,0.2902642843289462,Nate Eaton,681987,0.30107619047619044,58
2026,2026-06-16 17:00:00 PDT,59,29.20342843289461987,100,0.2920342843289462,Nate Eaton,681987,0.30107619047619044,59
2026,2026-06-09 17:00:00 PDT,60,29.04442843289461987,100,0.2904442843289462,Nate Eaton,681987,0.30107619047619044,60
2025,2025-09-30 17:00:00 PDT,61,28.81642843289461987,100,0.2881642843289462,Nate Eaton,681987,0.30107619047619044,61
2025,2025-09-30 17:00:00 PDT,62,29.02593143289461987,100,0.2902593143289462,Nate Eaton,681987,0.30107619047619044,62
2025,2025-09-30 17:00:00 PDT,63,28.63793143289461987,100,0.2863793143289462,Nate Eaton,681987,0.30107619047619044,63
2025,2025-09-29 17:00:00 PDT,64,28.63793143289461987,100,0.2863793143289462,Nate Eaton,681987,0.30107619047619044,64
2025,2025-09-29 17:00:00 PDT,65,28.36893143289461987,100,0.2836893143289462,Nate Eaton,681987,0.30107619047619044,65
2025,2025-09-29 17:00:00 PDT,66,28.72593643289461987,100,0.2872593643289462,Nate Eaton,681987,0.30107619047619044,66
2025,2025-09-26 17:00:00 PDT,67,28.87693643289461987,100,0.2887693643289462,Nate Eaton,681987,0.30107619047619044,67
2025,2025-09-26 17:00:00 PDT,68,29.07193643289461987,100,0.2907193643289462,Nate Eaton,681987,0.30107619047619044,68
2025,2025-09-26 17:00:00 PDT,69,29.07193643289461987,100,0.2907193643289462,Nate Eaton,681987,0.30107619047619044,69
2025,2025-09-24 17:00:00 PDT,70,28.76852466818873731,100,0.2876852466818874,Nate Eaton,681987,0.30107619047619044,70
2025,2025-09-19 17:00:00 PDT,71,28.81152466818873731,100,0.28811524668188737,Nate Eaton,681987,0.30107619047619044,71
2025,2025-09-19 17:00:00 PDT,72,28.18652466818873731,100,0.2818652466818874,Nate Eaton,681987,0.30107619047619044,72
2025,2025-09-19 17:00:00 PDT,73,28.41152466818873731,100,0.28411524668188737,Nate Eaton,681987,0.30107619047619044,73
2025,2025-09-19 17:00:00 PDT,74,28.70052466818873731,100,0.28700524668188737,Nate Eaton,681987,0.30107619047619044,74
2025,2025-09-18 17:00:00 PDT,75,29.02442766818873731,100,0.29024427668188735,Nate Eaton,681987,0.30107619047619044,75
2025,2025-09-18 17:00:00 PDT,76,28.33293066818873731,100,0.2833293066818874,Nate Eaton,681987,0.30107619047619044,76
2025,2025-09-18 17:00:00 PDT,77,28.83993066818873731,100,0.28839930668188735,Nate Eaton,681987,0.30107619047619044,77
2025,2025-09-18 17:00:00 PDT,78,28.92893066818873731,100,0.28928930668188735,Nate Eaton,681987,0.30107619047619044,78
2025,2025-09-18 17:00:00 PDT,79,29.15083366818873731,100,0.29150833668188736,Nate Eaton,681987,0.30107619047619044,79
2025,2025-09-17 17:00:00 PDT,80,29.08283366818873731,100,0.2908283366818874,Nate Eaton,681987,0.30107619047619044,80
2025,2025-09-17 17:00:00 PDT,81,28.59483366818873731,100,0.28594833668188735,Nate Eaton,681987,0.30107619047619044,81
2025,2025-09-17 17:00:00 PDT,82,28.42683366818873731,100,0.2842683366818874,Nate Eaton,681987,0.30107619047619044,82
2025,2025-09-15 17:00:00 PDT,83,28.30983366818873731,100,0.2830983366818874,Nate Eaton,681987,0.30107619047619044,83
2025,2025-09-15 17:00:00 PDT,84,28.22783366818873731,100,0.2822783366818874,Nate Eaton,681987,0.30107619047619044,84
2025,2025-09-15 17:00:00 PDT,85,27.7061670015220707,100,0.2770616700152207,Nate Eaton,681987,0.30107619047619044,85
2025,2025-09-15 17:00:00 PDT,86,27.6761670015220707,100,0.27676167001522073,Nate Eaton,681987,0.30107619047619044,86
2025,2025-09-12 17:00:00 PDT,87,27.4071670015220707,100,0.2740716700152207,Nate Eaton,681987,0.30107619047619044,87
2025,2025-09-12 17:00:00 PDT,88,27.3191670015220707,100,0.2731916700152207,Nate Eaton,681987,0.30107619047619044,88
2025,2025-09-12 17:00:00 PDT,89,27.1121670015220707,100,0.2711216700152207,Nate Eaton,681987,0.30107619047619044,89
2025,2025-09-11 17:00:00 PDT,90,26.4206700015220707,100,0.26420670001522073,Nate Eaton,681987,0.30107619047619044,90
2025,2025-09-11 17:00:00 PDT,91,26.4206700015220707,100,0.26420670001522073,Nate Eaton,681987,0.30107619047619044,91
2025,2025-09-11 17:00:00 PDT,92,25.2245741111111111,100,0.2522457411111111,Nate Eaton,681987,0.30107619047619044,92
2025,2025-09-11 17:00:00 PDT,93,25.2225741111111111,100,0.2522257411111111,Nate Eaton,681987,0.30107619047619044,93
2025,2025-09-09 17:00:00 PDT,94,25.2225741111111111,100,0.2522257411111111,Nate Eaton,681987,0.30107619047619044,94
2025,2025-09-09 17:00:00 PDT,95,24.4505741111111111,100,0.24450574111111112,Nate Eaton,681987,0.30107619047619044,95
2025,2025-09-09 17:00:00 PDT,96,25.2325741111111111,100,0.2523257411111111,Nate Eaton,681987,0.30107619047619044,96
2025,2025-09-08 17:00:00 PDT,97,25.1985741111111111,100,0.2519857411111111,Nate Eaton,681987,0.30107619047619044,97
2025,2025-09-08 17:00:00 PDT,98,25.5355741111111111,100,0.2553557411111111,Nate Eaton,681987,0.30107619047619044,98
2025,2025-09-08 17:00:00 PDT,99,25.0915741111111111,100,0.2509157411111111,Nate Eaton,681987,0.30107619047619044,99
2025,2025-09-06 17:00:00 PDT,100,25.8095741111111111,100,0.2580957411111111,Nate Eaton,681987,0.30107619047619044,100
2026,2026-09-26 17:00:00 PDT,1,23.262350,100,0.2326235,Connor Wong,657136,0.30107619047619044,1
2026,2026-09-24 17:00:00 PDT,2,23.528350,100,0.2352835,Connor Wong,657136,0.30107619047619044,2
2026,2026-09-24 17:00:00 PDT,3,24.213714,100,0.24213714,Connor Wong,657136,0.30107619047619044,3
2026,2026-09-24 17:00:00 PDT,4,24.122714,100,0.24122714,Connor Wong,657136,0.30107619047619044,4
2026,2026-09-24 17:00:00 PDT,5,24.162714,100,0.24162714,Connor Wong,657136,0.30107619047619044,5
2026,2026-09-17 17:00:00 PDT,6,23.918714,100,0.23918714,Connor Wong,657136,0.30107619047619044,6
2026,2026-09-17 17:00:00 PDT,7,24.350714,100,0.24350714,Connor Wong,657136,0.30107619047619044,7
2026,2026-09-17 17:00:00 PDT,8,24.271714,100,0.24271714,Connor Wong,657136,0.30107619047619044,8
2026,2026-09-17 17:00:00 PDT,9,23.383714,100,0.23383714,Connor Wong,657136,0.30107619047619044,9
2026,2026-09-07 17:00:00 PDT,10,23.447714,100,0.23447714,Connor Wong,657136,0.30107619047619044,10
2026,2026-09-07 17:00:00 PDT,11,23.447714,100,0.23447714,Connor Wong,657136,0.30107619047619044,11
2026,2026-09-07 17:00:00 PDT,12,23.847025,100,0.23847025,Connor Wong,657136,0.30107619047619044,12
2026,2026-09-04 17:00:00 PDT,13,24.545389,100,0.24545389,Connor Wong,657136,0.30107619047619044,13
2026,2026-09-04 17:00:00 PDT,14,24.545389,100,0.24545389,Connor Wong,657136,0.30107619047619044,14
2026,2026-09-04 17:00:00 PDT,15,24.385389,100,0.24385389,Connor Wong,657136,0.30107619047619044,15
2026,2026-09-04 17:00:00 PDT,16,24.517389,100,0.24517389,Connor Wong,657136,0.30107619047619044,16
2026,2026-09-01 17:00:00 PDT,17,24.891753,100,0.24891753,Connor Wong,657136,0.30107619047619044,17
2026,2026-09-01 17:00:00 PDT,18,25.116117,100,0.25116117,Connor Wong,657136,0.30107619047619044,18
2026,2026-09-01 17:00:00 PDT,19,25.239117,100,0.25239117,Connor Wong,657136,0.30107619047619044,19
2026,2026-09-01 17:00:00 PDT,20,26.122117,100,0.26122117,Connor Wong,657136,0.30107619047619044,20
2026,2026-08-31 17:00:00 PDT,21,26.012117,100,0.26012117,Connor Wong,657136,0.30107619047619044,21
2026,2026-08-31 17:00:00 PDT,22,25.662117,100,0.25662117,Connor Wong,657136,0.30107619047619044,22
2026,2026-08-31 17:00:00 PDT,23,24.963753,100,0.24963753,Connor Wong,657136,0.30107619047619044,23
2026,2026-08-31 17:00:00 PDT,24,25.188753,100,0.25188753,Connor Wong,657136,0.30107619047619044,24
2026,2026-08-30 17:00:00 PDT,25,25.164753,100,0.25164753,Connor Wong,657136,0.30107619047619044,25
2026,2026-08-30 17:00:00 PDT,26,25.323753,100,0.25323753,Connor Wong,657136,0.30107619047619044,26
2026,2026-08-30 17:00:00 PDT,27,25.333753,100,0.25333753,Connor Wong,657136,0.30107619047619044,27
2026,2026-08-30 17:00:00 PDT,28,25.805753,100,0.25805753,Connor Wong,657136,0.30107619047619044,28
2026,2026-08-28 17:00:00 PDT,29,26.394117,100,0.26394117,Connor Wong,657136,0.30107619047619044,29
2026,2026-08-28 17:00:00 PDT,30,26.394117,100,0.26394117,Connor Wong,657136,0.30107619047619044,30
2026,2026-08-28 17:00:00 PDT,31,26.196117,100,0.26196117,Connor Wong,657136,0.30107619047619044,31
2026,2026-08-28 17:00:00 PDT,32,26.457117,100,0.26457117,Connor Wong,657136,0.30107619047619044,32
2026,2026-08-25 17:00:00 PDT,33,26.085117,100,0.26085117,Connor Wong,657136,0.30107619047619044,33
2026,2026-08-25 17:00:00 PDT,34,26.674481,100,0.26674481,Connor Wong,657136,0.30107619047619044,34
2026,2026-08-25 17:00:00 PDT,35,26.627481,100,0.26627481,Connor Wong,657136,0.30107619047619044,35
2026,2026-08-25 17:00:00 PDT,36,26.596481,100,0.26596481,Connor Wong,657136,0.30107619047619044,36
2026,2026-08-24 17:00:00 PDT,37,26.734170,100,0.2673417,Connor Wong,657136,0.30107619047619044,37
2026,2026-08-24 17:00:00 PDT,38,27.892170,100,0.2789217,Connor Wong,657136,0.30107619047619044,38
2026,2026-08-24 17:00:00 PDT,39,28.112170,100,0.2811217,Connor Wong,657136,0.30107619047619044,39
2026,2026-08-24 17:00:00 PDT,40,28.304170,100,0.2830417,Connor Wong,657136,0.30107619047619044,40
2026,2026-08-24 17:00:00 PDT,41,29.381170,100,0.2938117,Connor Wong,657136,0.30107619047619044,41
2026,2026-08-22 17:00:00 PDT,42,29.807534,100,0.29807534,Connor Wong,657136,0.30107619047619044,42
2026,2026-08-22 17:00:00 PDT,43,30.056534,100,0.30056534,Connor Wong,657136,0.30107619047619044,43
2026,2026-08-22 17:00:00 PDT,44,30.007534,100,0.30007534,Connor Wong,657136,0.30107619047619044,44
2026,2026-08-18 17:00:00 PDT,45,29.830534,100,0.29830534,Connor Wong,657136,0.30107619047619044,45
2026,2026-08-18 17:00:00 PDT,46,29.737534,100,0.29737534,Connor Wong,657136,0.30107619047619044,46
2026,2026-08-18 17:00:00 PDT,47,29.001534,100,0.29001534,Connor Wong,657136,0.30107619047619044,47
2026,2026-08-15 17:00:00 PDT,48,29.001534,100,0.29001534,Connor Wong,657136,0.30107619047619044,48
2026,2026-08-15 17:00:00 PDT,49,29.158534,100,0.29158534,Connor Wong,657136,0.30107619047619044,49
2026,2026-08-15 17:00:00 PDT,50,28.077534,100,0.28077534,Connor Wong,657136,0.30107619047619044,50
2026,2026-08-12 17:00:00 PDT,51,28.768898,100,0.28768898,Connor Wong,657136,0.30107619047619044,51
2026,2026-08-12 17:00:00 PDT,52,29.401262,100,0.29401262,Connor Wong,657136,0.30107619047619044,52
2026,2026-08-12 17:00:00 PDT,53,30.130573,100,0.30130573,Connor Wong,657136,0.30107619047619044,53
2026,2026-08-12 17:00:00 PDT,54,30.130573,100,0.30130573,Connor Wong,657136,0.30107619047619044,54
2026,2026-08-09 17:00:00 PDT,55,30.540573,100,0.30540573,Connor Wong,657136,0.30107619047619044,55
2026,2026-08-09 17:00:00 PDT,56,29.838573,100,0.29838573,Connor Wong,657136,0.30107619047619044,56
2026,2026-08-09 17:00:00 PDT,57,29.838573,100,0.29838573,Connor Wong,657136,0.30107619047619044,57
2026,2026-08-07 17:00:00 PDT,58,30.693573,100,0.30693573,Connor Wong,657136,0.30107619047619044,58
2026,2026-08-07 17:00:00 PDT,59,31.133573,100,0.31133573,Connor Wong,657136,0.30107619047619044,59
2026,2026-08-07 17:00:00 PDT,60,31.169573,100,0.31169573,Connor Wong,657136,0.30107619047619044,60
2026,2026-08-07 17:00:00 PDT,61,31.216573,100,0.31216573,Connor Wong,657136,0.30107619047619044,61
2026,2026-08-05 17:00:00 PDT,62,30.977573,100,0.30977573,Connor Wong,657136,0.30107619047619044,62
2026,2026-08-05 17:00:00 PDT,63,31.640937,100,0.31640937,Connor Wong,657136,0.30107619047619044,63
2026,2026-08-05 17:00:00 PDT,64,30.956626,100,0.30956626,Connor Wong,657136,0.30107619047619044,64
2026,2026-08-05 17:00:00 PDT,65,30.821626,100,0.30821626,Connor Wong,657136,0.30107619047619044,65
2026,2026-08-04 17:00:00 PDT,66,30.414626,100,0.30414626,Connor Wong,657136,0.30107619047619044,66
2026,2026-08-04 17:00:00 PDT,67,30.506626,100,0.30506626,Connor Wong,657136,0.30107619047619044,67
2026,2026-08-04 17:00:00 PDT,68,32.114626,100,0.32114626,Connor Wong,657136,0.30107619047619044,68
2026,2026-08-03 17:00:00 PDT,69,31.737626,100,0.31737626,Connor Wong,657136,0.30107619047619044,69
2026,2026-08-03 17:00:00 PDT,70,32.281626,100,0.32281626,Connor Wong,657136,0.30107619047619044,70
2026,2026-08-03 17:00:00 PDT,71,32.953990,100,0.3295399,Connor Wong,657136,0.30107619047619044,71
2026,2026-08-03 17:00:00 PDT,72,32.756990,100,0.3275699,Connor Wong,657136,0.30107619047619044,72
2026,2026-07-31 17:00:00 PDT,73,32.673990,100,0.3267399,Connor Wong,657136,0.30107619047619044,73
2026,2026-07-31 17:00:00 PDT,74,32.378990,100,0.3237899,Connor Wong,657136,0.30107619047619044,74
2026,2026-07-31 17:00:00 PDT,75,32.279990,100,0.3227999,Connor Wong,657136,0.30107619047619044,75
2026,2026-07-29 17:00:00 PDT,76,33.132990,100,0.3313299,Connor Wong,657136,0.30107619047619044,76
2026,2026-07-29 17:00:00 PDT,77,33.094626,100,0.33094626,Connor Wong,657136,0.30107619047619044,77
2026,2026-07-29 17:00:00 PDT,78,32.760626,100,0.32760626,Connor Wong,657136,0.30107619047619044,78
2026,2026-07-29 17:00:00 PDT,79,33.220626,100,0.33220626,Connor Wong,657136,0.30107619047619044,79
2026,2026-07-28 17:00:00 PDT,80,33.220626,100,0.33220626,Connor Wong,657136,0.30107619047619044,80
2026,2026-07-28 17:00:00 PDT,81,33.061626,100,0.33061626,Connor Wong,657136,0.30107619047619044,81
2026,2026-07-27 17:00:00 PDT,82,33.045626,100,0.33045626,Connor Wong,657136,0.30107619047619044,82
2026,2026-07-26 17:00:00 PDT,83,31.425626,100,0.31425626,Connor Wong,657136,0.30107619047619044,83
2026,2026-07-26 17:00:00 PDT,84,31.418626,100,0.31418626,Connor Wong,657136,0.30107619047619044,84
2026,2026-07-26 17:00:00 PDT,85,31.742626,100,0.31742626,Connor Wong,657136,0.30107619047619044,85
2026,2026-07-26 17:00:00 PDT,86,30.846626,100,0.30846626,Connor Wong,657136,0.30107619047619044,86
2026,2026-07-24 17:00:00 PDT,87,30.659626,100,0.30659626,Connor Wong,657136,0.30107619047619044,87
2026,2026-07-24 17:00:00 PDT,88,30.824626,100,0.30824626,Connor Wong,657136,0.30107619047619044,88
2026,2026-07-24 17:00:00 PDT,89,31.271937,100,0.31271937,Connor Wong,657136,0.30107619047619044,89
2026,2026-07-23 17:00:00 PDT,90,31.271937,100,0.31271937,Connor Wong,657136,0.30107619047619044,90
2026,2026-07-23 17:00:00 PDT,91,30.872937,100,0.30872937,Connor Wong,657136,0.30107619047619044,91
2026,2026-07-23 17:00:00 PDT,92,31.376937,100,0.31376937,Connor Wong,657136,0.30107619047619044,92
2026,2026-07-21 17:00:00 PDT,93,31.420937,100,0.31420937,Connor Wong,657136,0.30107619047619044,93
2026,2026-07-21 17:00:00 PDT,94,31.460937,100,0.31460937,Connor Wong,657136,0.30107619047619044,94
2026,2026-07-21 17:00:00 PDT,95,31.703937,100,0.31703937,Connor Wong,657136,0.30107619047619044,95
2026,2026-07-19 17:00:00 PDT,96,31.711937,100,0.31711937,Connor Wong,657136,0.30107619047619044,96
2026,2026-07-19 17:00:00 PDT,97,31.680937,100,0.31680937,Connor Wong,657136,0.30107619047619044,97
2026,2026-07-19 17:00:00 PDT,98,31.610937,100,0.31610937,Connor Wong,657136,0.30107619047619044,98
2026,2026-07-18 17:00:00 PDT,99,31.869937,100,0.31869937,Connor Wong,657136,0.30107619047619044,99
2026,2026-07-18 17:00:00 PDT,100,32.059937,100,0.32059937,Connor Wong,657136,0.30107619047619044,100
