year,gm,win_pct,gb
2026,40,0.42,-9.5
2026,39,0.44,-9.0
2026,38,0.42,-10.0
2026,37,0.43,-9.0
2026,36,0.42,-10.0
2026,35,0.4,-10.0
2026,34,0.38,-10.0
2026,33,0.39,-9.0
2026,32,0.41,-8.0
2026,31,0.39,-8.0
2026,30,0.4,-8.0
2026,29,0.41,-7.0
2026,28,0.39,-7.0
2026,27,0.37,-8.0
2026,26,0.35,-8.0
2026,25,0.36,-7.0
2026,24,0.38,-6.0
2026,23,0.39,-5.0
2026,22,0.41,-4.0
2026,21,0.38,-4.5
2026,20,0.4,-4.0
2026,19,0.42,-3.0
2026,18,0.39,-3.5
2026,17,0.35,-3.5
2026,16,0.38,-3.0
2026,15,0.4,-2.0
2026,14,0.36,-3.0
2026,13,0.31,-4.0
2026,12,0.33,-4.5
2026,11,0.27,-5.5
2026,10,0.2,-5.5
2026,9,0.22,-5.0
2026,8,0.25,-5.0
2026,7,0.29,-4.0
2026,6,0.17,-4.0
2026,5,0.2,-3.0
2026,4,0.25,-2.0
2026,3,0.33,-2.0
2026,2,0.5,-1.5
2026,1,1.0,0.0
2025,162,0.55,-5.0
2025,161,0.55,-5.0
2025,160,0.55,-4.0
2025,159,0.55,-4.0
2025,158,0.55,-3.0
2025,157,0.55,-4.0
2025,156,0.54,-5.0
2025,155,0.55,-4.0
2025,154,0.55,-5.0
2025,153,0.54,-6.0
2025,152,0.55,-6.0
2025,151,0.54,-7.0
2025,150,0.55,-5.5
2025,149,0.54,-5.5
2025,148,0.55,-4.5
2025,147,0.55,-3.0
2025,146,0.55,-3.0
2025,145,0.55,-3.0
2025,144,0.55,-3.5
2025,143,0.55,-4.5
2025,142,0.55,-4.5
2025,141,0.55,-3.5
2025,140,0.56,-2.5
2025,139,0.55,-2.5
2025,138,0.55,-3.5
2025,137,0.55,-3.5
2025,136,0.55,-3.5
2025,135,0.56,-3.5
2025,134,0.55,-4.0
2025,133,0.55,-4.0
2025,132,0.55,-5.0
2025,131,0.54,-5.0
2025,130,0.55,-5.0
2025,129,0.54,-5.0
2025,128,0.54,-5.0
2025,127,0.54,-6.0
2025,126,0.54,-5.0
2025,125,0.54,-5.0
2025,124,0.55,-5.0
2025,123,0.54,-5.0
2025,122,0.54,-4.5
2025,121,0.55,-4.5
2025,120,0.54,-4.5
2025,119,0.55,-4.0
2025,118,0.55,-3.0
2025,117,0.56,-3.0
2025,116,0.55,-4.0
2025,115,0.56,-3.0
2025,114,0.55,-3.0
2025,113,0.55,-3.0
2025,112,0.54,-4.0
2025,111,0.54,-4.0
2025,110,0.54,-5.0
2025,109,0.53,-5.0
2025,108,0.53,-6.5
2025,107,0.53,-6.5
2025,106,0.53,-7.5
2025,105,0.52,-7.5
2025,104,0.53,-6.0
2025,103,0.52,-6.0
2025,102,0.53,-6.0
2025,101,0.53,-5.0
2025,100,0.53,-5.0
2025,99,0.54,-4.0
2025,98,0.54,-3.0
2025,97,0.54,-4.0
2025,96,0.53,-5.0
2025,95,0.53,-5.0
2025,94,0.52,-5.5
2025,93,0.52,-6.5
2025,92,0.51,-6.5
2025,91,0.51,-6.5
2025,90,0.5,-6.5
2025,89,0.49,-6.5
2025,88,0.49,-6.0
2025,87,0.49,-6.0
2025,86,0.49,-7.0
2025,85,0.48,-8.0
2025,84,0.49,-7.0
2025,83,0.48,-8.0
2025,82,0.49,-7.0
2025,81,0.49,-6.0
2025,80,0.5,-6.0
2025,79,0.51,-6.0
2025,78,0.51,-5.0
2025,77,0.52,-4.0
2025,76,0.51,-4.5
2025,75,0.51,-5.5
2025,74,0.51,-5.5
2025,73,0.51,-6.5
2025,72,0.5,-7.5
2025,71,0.49,-8.5
2025,70,0.49,-9.0
2025,69,0.48,-9.0
2025,68,0.47,-9.0
2025,67,0.48,-8.5
2025,66,0.47,-9.5
2025,65,0.46,-10.5
2025,64,0.47,-9.0
2025,63,0.46,-10.0
2025,62,0.47,-9.0
2025,61,0.48,-8.5
2025,60,0.47,-8.5
2025,59,0.47,-8.5
2025,58,0.47,-9.5
2025,57,0.47,-8.5
2025,56,0.48,-7.5
2025,55,0.49,-6.5
2025,54,0.5,-5.5
2025,53,0.51,-5.5
2025,52,0.5,-5.0
2025,51,0.49,-5.5
2025,50,0.5,-4.5
2025,49,0.49,-4.5
2025,48,0.48,-5.0
2025,47,0.49,-4.0
2025,46,0.48,-5.0
2025,45,0.49,-4.0
2025,44,0.5,-3.0
2025,43,0.51,-3.0
2025,42,0.52,-2.0
2025,41,0.51,-2.0
2025,40,0.5,-3.0
2025,39,0.51,-2.0
2025,38,0.5,-2.5
2025,37,0.49,-2.5
2025,36,0.5,-2.0
2025,35,0.51,-2.0
2025,34,0.53,-2.0
2025,33,0.52,-2.0
2025,32,0.53,-1.5
2025,31,0.55,-1.5
2025,30,0.53,-2.0
2025,29,0.52,-1.5
2025,28,0.5,-1.5
2025,27,0.52,-2.0
2025,26,0.54,-1.5
2025,25,0.56,-0.5
2025,24,0.54,-1.5
2025,23,0.52,-2.5
2025,22,0.55,-1.5
2025,21,0.52,-2.5
2025,20,0.5,-2.0
2025,19,0.47,-2.0
2025,18,0.44,-2.0
2025,17,0.47,-1.5
2025,16,0.44,-2.0
2025,15,0.47,-1.5
2025,14,0.5,-1.0
2025,13,0.46,-2.0
2025,12,0.5,-1.0
2025,11,0.55,-0.5
2025,10,0.6,-0.5
2025,9,0.56,-0.5
2025,8,0.5,-1.5
2025,7,0.43,-2.0
2025,6,0.33,-2.5
2025,5,0.2,-3.0
2025,4,0.25,-2.5
2025,3,0.33,-1.5
2025,2,0.5,-0.5
2025,1,1.0,0.0
2024,162,0.5,-13.0
2024,161,0.5,-13.0
2024,160,0.5,-13.0
2024,159,0.5,-12.5
2024,158,0.51,-12.5
2024,157,0.5,-13.5
2024,156,0.5,-14.0
2024,155,0.5,-14.0
2024,154,0.49,-14.0
2024,153,0.5,-13.0
2024,152,0.5,-13.0
2024,151,0.5,-13.0
2024,150,0.5,-12.0
2024,149,0.5,-11.0
2024,148,0.5,-12.0
2024,147,0.5,-11.0
2024,146,0.51,-10.0
2024,145,0.5,-10.0
2024,144,0.51,-10.0
2024,143,0.5,-10.0
2024,142,0.51,-10.0
2024,141,0.5,-10.5
2024,140,0.5,-10.5
2024,139,0.5,-10.5
2024,138,0.51,-10.0
2024,137,0.51,-9.0
2024,136,0.51,-9.0
2024,135,0.52,-9.0
2024,134,0.51,-9.0
2024,133,0.52,-8.5
2024,132,0.52,-9.5
2024,131,0.51,-10.5
2024,130,0.52,-9.5
2024,129,0.52,-8.5
2024,128,0.52,-8.5
2024,127,0.53,-7.0
2024,126,0.52,-7.5
2024,125,0.52,-8.0
2024,124,0.52,-7.5
2024,123,0.53,-7.5
2024,122,0.52,-8.5
2024,121,0.52,-8.5
2024,120,0.52,-8.0
2024,119,0.53,-7.0
2024,118,0.53,-7.5
2024,117,0.52,-8.0
2024,116,0.53,-8.0
2024,115,0.53,-7.0
2024,114,0.54,-6.5
2024,113,0.54,-6.0
2024,112,0.54,-6.5
2024,111,0.53,-7.0
2024,110,0.53,-7.0
2024,109,0.53,-6.0
2024,108,0.53,-7.5
2024,107,0.52,-7.5
2024,106,0.53,-6.5
2024,105,0.52,-7.0
2024,104,0.53,-6.0
2024,103,0.53,-6.0
2024,102,0.53,-6.5
2024,101,0.53,-6.5
2024,100,0.53,-7.5
2024,99,0.54,-7.0
2024,98,0.54,-7.0
2024,97,0.55,-6.0
2024,96,0.55,-5.0
2024,95,0.55,-5.0
2024,94,0.54,-6.0
2024,93,0.55,-6.0
2024,92,0.54,-7.0
2024,91,0.55,-7.0
2024,90,0.54,-8.0
2024,89,0.54,-8.0
2024,88,0.55,-8.0
2024,87,0.54,-8.0
2024,86,0.53,-9.0
2024,85,0.53,-9.0
2024,84,0.52,-9.0
2024,83,0.52,-10.0
2024,82,0.52,-9.0
2024,81,0.53,-8.5
2024,80,0.54,-8.5
2024,79,0.54,-8.5
2024,78,0.54,-9.0
2024,77,0.53,-10.0
2024,76,0.53,-10.0
2024,75,0.53,-10.5
2024,74,0.53,-11.5
2024,73,0.52,-11.5
2024,72,0.51,-12.0
2024,71,0.51,-13.0
2024,70,0.5,-14.0
2024,69,0.51,-13.0
2024,68,0.5,-14.0
2024,67,0.49,-14.0
2024,66,0.5,-12.5
2024,65,0.49,-12.5
2024,64,0.5,-12.5
2024,63,0.51,-12.5
2024,62,0.5,-12.5
2024,61,0.49,-12.5
2024,60,0.5,-11.5
2024,59,0.51,-10.5
2024,58,0.5,-10.5
2024,57,0.49,-10.5
2024,56,0.5,-9.5
2024,55,0.51,-8.5
2024,54,0.5,-9.5
2024,53,0.51,-9.0
2024,52,0.5,-10.0
2024,51,0.51,-9.0
2024,50,0.52,-7.5
2024,49,0.51,-7.5
2024,48,0.5,-8.5
2024,47,0.49,-9.5
2024,46,0.48,-9.5
2024,45,0.49,-8.5
2024,44,0.5,-7.5
2024,43,0.51,-6.5
2024,42,0.52,-5.5
2024,41,0.51,-5.5
2024,40,0.52,-5.5
2024,39,0.51,-6.5
2024,38,0.5,-6.5
2024,37,0.51,-5.5
2024,36,0.53,-4.5
2024,35,0.54,-4.5
2024,34,0.53,-4.5
2024,33,0.55,-3.5
2024,32,0.56,-2.5
2024,31,0.58,-1.5
2024,30,0.57,-2.5
2024,29,0.55,-3.0
2024,28,0.54,-3.0
2024,27,0.52,-3.0
2024,26,0.54,-3.0
2024,25,0.56,-3.0
2024,24,0.54,-3.0
2024,23,0.57,-2.5
2024,22,0.55,-2.5
2024,21,0.52,-3.5
2024,20,0.5,-3.5
2024,19,0.53,-3.0
2024,18,0.5,-3.0
2024,17,0.53,-3.0
2024,16,0.56,-3.0
2024,15,0.53,-4.0
2024,14,0.5,-3.5
2024,13,0.54,-3.0
2024,12,0.58,-2.5
2024,11,0.64,-2.5
2024,10,0.7,-1.0
2024,9,0.67,-1.0
2024,8,0.75,0.0
2024,7,0.71,-1.0
2024,6,0.67,-1.0
2024,5,0.6,-2.0
2024,4,0.5,-2.0
2024,3,0.33,-2.0
2024,2,0.5,-1.0
2024,1,1.0,0.0
2023,162,0.48,-23.0
2023,161,0.48,-24.0
2023,160,0.48,-23.0
2023,159,0.48,-24.0
2023,158,0.48,-23.0
2023,157,0.48,-22.0
2023,156,0.49,-21.0
2023,155,0.49,-20.0
2023,154,0.49,-19.0
2023,153,0.49,-20.5
2023,152,0.49,-20.5
2023,151,0.5,-19.5
2023,150,0.49,-19.5
2023,149,0.5,-18.5
2023,148,0.5,-17.5
2023,147,0.5,-17.5
2023,146,0.51,-17.5
2023,144,0.51,-18.5
2023,145,0.5,-18.5
2023,143,0.51,-17.5
2023,142,0.51,-18.5
2023,141,0.51,-17.5
2023,140,0.51,-16.5
2023,139,0.52,-15.5
2023,138,0.52,-14.5
2023,137,0.52,-14.5
2023,136,0.51,-14.5
2023,135,0.51,-14.5
2023,134,0.51,-14.5
2023,133,0.52,-14.5
2023,132,0.52,-13.5
2023,131,0.53,-12.5
2023,130,0.53,-12.5
2023,129,0.53,-12.5
2023,128,0.53,-11.5
2023,127,0.53,-11.5
2023,126,0.52,-11.5
2023,125,0.53,-11.5
2023,124,0.53,-11.0
2023,123,0.53,-11.0
2023,122,0.52,-11.0
2023,121,0.52,-11.0
2023,120,0.52,-10.5
2023,119,0.53,-10.5
2023,118,0.53,-11.0
2023,117,0.52,-11.0
2023,116,0.53,-10.0
2023,115,0.52,-11.0
2023,114,0.52,-11.0
2023,113,0.51,-12.0
2023,112,0.52,-12.0
2023,111,0.51,-12.5
2023,110,0.52,-11.5
2023,109,0.52,-10.5
2023,108,0.53,-9.0
2023,107,0.53,-9.0
2023,106,0.53,-9.0
2023,105,0.53,-8.0
2023,104,0.54,-7.0
2023,103,0.54,-7.0
2023,102,0.54,-7.0
2023,101,0.53,-8.0
2023,100,0.53,-8.5
2023,99,0.53,-8.5
2023,98,0.52,-8.5
2023,97,0.53,-8.0
2023,96,0.53,-8.0
2023,95,0.54,-8.0
2023,94,0.53,-9.0
2023,93,0.53,-10.0
2023,92,0.53,-8.5
2023,91,0.53,-9.0
2023,90,0.52,-9.0
2023,89,0.52,-10.0
2023,88,0.51,-11.0
2023,87,0.51,-12.0
2023,86,0.5,-13.0
2023,85,0.51,-13.0
2023,84,0.5,-14.0
2023,83,0.49,-15.0
2023,82,0.49,-15.0
2023,81,0.49,-14.0
2023,80,0.5,-13.0
2023,79,0.51,-13.0
2023,78,0.51,-12.0
2023,77,0.52,-12.0
2023,76,0.51,-12.0
2023,75,0.52,-12.0
2023,74,0.53,-11.0
2023,73,0.52,-12.0
2023,71,0.51,-12.5
2023,72,0.51,-12.5
2023,70,0.5,-14.5
2023,69,0.49,-14.0
2023,68,0.49,-14.0
2023,67,0.49,-14.0
2023,66,0.5,-14.0
2023,65,0.49,-14.0
2023,64,0.5,-14.0
2023,63,0.49,-14.0
2023,62,0.5,-13.0
2023,61,0.51,-12.0
2023,60,0.5,-12.0
2023,59,0.51,-11.0
2023,57,0.53,-10.0
2023,58,0.52,-10.0
2023,56,0.52,-10.0
2023,55,0.51,-10.5
2023,54,0.52,-9.5
2023,53,0.53,-10.0
2023,52,0.54,-9.0
2023,51,0.53,-10.0
2023,50,0.52,-9.5
2023,49,0.53,-8.5
2023,48,0.54,-8.5
2023,47,0.55,-7.5
2023,46,0.57,-7.5
2023,45,0.56,-7.5
2023,44,0.55,-8.0
2023,43,0.53,-9.0
2023,42,0.52,-9.0
2023,41,0.54,-8.5
2023,40,0.55,-7.5
2023,39,0.56,-7.5
2023,38,0.58,-7.0
2023,37,0.57,-8.0
2023,36,0.58,-7.5
2023,35,0.6,-6.5
2023,34,0.59,-7.5
2023,33,0.58,-7.5
2023,32,0.56,-7.5
2023,31,0.55,-7.5
2023,30,0.53,-7.5
2023,29,0.52,-8.0
2023,28,0.5,-9.0
2023,27,0.48,-9.0
2023,26,0.5,-7.5
2023,25,0.52,-7.5
2023,24,0.5,-8.5
2023,23,0.52,-7.5
2023,22,0.5,-7.5
2023,21,0.52,-6.5
2023,20,0.5,-6.5
2023,19,0.47,-7.0
2023,18,0.5,-6.0
2023,17,0.47,-6.0
2023,16,0.5,-6.0
2023,15,0.47,-6.0
2023,14,0.43,-7.0
2023,13,0.38,-8.0
2023,12,0.42,-7.0
2023,11,0.45,-6.0
2023,10,0.5,-5.0
2023,9,0.56,-4.0
2023,8,0.5,-4.0
2023,7,0.43,-3.5
2023,6,0.33,-4.0
2023,5,0.4,-3.0
2023,4,0.5,-2.0
2023,3,0.67,-1.0
2023,2,0.5,-1.0
2023,1,0.0,-1.0
2022,162,0.48,-21.0
2022,161,0.48,-22.0
2022,160,0.48,-22.5
2022,159,0.47,-22.5
2022,158,0.47,-22.5
2022,157,0.48,-21.5
2022,156,0.48,-21.5
2022,155,0.48,-22.0
2022,154,0.47,-22.0
2022,153,0.47,-22.0
2022,152,0.47,-22.0
2022,151,0.48,-21.0
2022,150,0.48,-20.0
2022,149,0.48,-19.0
2022,148,0.49,-18.0
2022,147,0.49,-17.0
2022,146,0.49,-17.0
2022,145,0.48,-17.0
2022,144,0.49,-17.0
2022,143,0.48,-18.0
2022,142,0.49,-17.0
2022,141,0.49,-16.0
2022,140,0.49,-16.0
2022,139,0.48,-16.0
2022,138,0.49,-16.5
2022,137,0.49,-15.0
2022,136,0.49,-14.5
2022,135,0.5,-13.5
2022,134,0.49,-13.5
2022,133,0.49,-14.5
2022,132,0.48,-15.5
2022,131,0.48,-16.0
2022,130,0.48,-17.0
2022,129,0.48,-16.0
2022,128,0.48,-16.0
2022,127,0.49,-16.0
2022,126,0.48,-17.0
2022,125,0.48,-17.0
2022,124,0.48,-16.0
2022,123,0.49,-15.5
2022,122,0.49,-14.0
2022,121,0.5,-13.0
2022,120,0.49,-14.0
2022,119,0.5,-14.0
2022,118,0.5,-14.0
2022,117,0.5,-14.0
2022,116,0.49,-15.5
2022,115,0.49,-16.5
2022,114,0.49,-15.5
2022,113,0.49,-16.5
2022,112,0.48,-17.0
2022,111,0.49,-17.0
2022,110,0.49,-16.5
2022,109,0.5,-16.5
2022,108,0.5,-16.5
2022,107,0.5,-17.5
2022,106,0.5,-17.0
2022,105,0.5,-17.0
2022,104,0.5,-18.0
2022,103,0.5,-18.0
2022,102,0.49,-19.0
2022,101,0.5,-18.0
2022,100,0.5,-17.0
2022,99,0.49,-17.0
2022,98,0.5,-17.0
2022,97,0.51,-17.0
2022,96,0.5,-17.5
2022,95,0.51,-16.5
2022,94,0.51,-16.5
2022,93,0.52,-16.5
2022,92,0.52,-15.5
2022,91,0.53,-14.5
2022,90,0.52,-15.5
2022,89,0.53,-15.5
2022,88,0.53,-14.5
2022,87,0.54,-14.5
2022,86,0.55,-14.0
2022,85,0.54,-15.0
2022,84,0.54,-16.0
2022,83,0.54,-15.0
2022,82,0.55,-14.0
2022,81,0.56,-13.0
2022,80,0.56,-13.0
2022,79,0.56,-13.5
2022,78,0.55,-14.5
2022,77,0.56,-13.0
2022,76,0.57,-13.0
2022,75,0.56,-13.0
2022,74,0.57,-12.0
2022,73,0.58,-11.0
2022,72,0.57,-11.0
2022,71,0.56,-12.0
2022,70,0.56,-12.5
2022,69,0.55,-12.5
2022,68,0.54,-13.5
2022,67,0.54,-13.5
2022,66,0.53,-14.5
2022,65,0.54,-13.5
2022,64,0.53,-13.5
2022,63,0.54,-12.5
2022,62,0.53,-12.5
2022,61,0.52,-12.5
2022,60,0.52,-12.5
2022,59,0.53,-11.5
2022,58,0.52,-11.5
2022,57,0.53,-10.5
2022,56,0.52,-11.5
2022,55,0.51,-11.5
2022,54,0.5,-12.0
2022,53,0.49,-12.0
2022,52,0.48,-12.0
2022,51,0.47,-11.0
2022,50,0.46,-11.5
2022,49,0.47,-10.5
2022,48,0.48,-10.0
2022,47,0.47,-11.0
2022,46,0.48,-11.0
2022,45,0.47,-11.5
2022,44,0.48,-10.5
2022,43,0.47,-10.5
2022,42,0.48,-9.5
2022,41,0.46,-10.0
2022,40,0.45,-11.5
2022,39,0.44,-11.5
2022,38,0.42,-12.0
2022,37,0.41,-13.0
2022,36,0.39,-13.0
2022,35,0.4,-12.0
2022,34,0.38,-12.0
2022,33,0.39,-11.0
2022,32,0.38,-12.0
2022,31,0.35,-11.5
2022,30,0.37,-10.5
2022,29,0.34,-10.0
2022,28,0.36,-9.5
2022,27,0.37,-9.0
2022,26,0.38,-8.5
2022,25,0.4,-8.0
2022,24,0.42,-8.0
2022,23,0.39,-7.5
2022,22,0.41,-6.5
2022,21,0.43,-5.5
2022,20,0.4,-5.5
2022,19,0.42,-4.5
2022,18,0.39,-5.0
2022,17,0.41,-4.0
2022,16,0.44,-3.0
2022,15,0.47,-3.0
2022,14,0.5,-2.0
2022,13,0.46,-2.0
2022,12,0.5,-1.0
2022,11,0.55,0.0
2022,10,0.5,-1.0
2022,9,0.56,-0.5
2022,8,0.5,-0.5
2022,7,0.43,-1.5
2022,6,0.5,-1.0
2022,5,0.4,-2.0
2022,4,0.25,-2.0
2022,3,0.33,-2.0
2022,2,0.0,-2.0
2022,1,0.0,-1.0
2021,162,0.57,-8.0
2021,161,0.57,-9.0
2021,160,0.56,-9.0
2021,159,0.56,-9.0
2021,158,0.56,-9.0
2021,157,0.56,-9.0
2021,156,0.56,-9.0
2021,155,0.57,-8.0
2021,154,0.57,-7.0
2021,153,0.58,-6.0
2021,152,0.57,-6.0
2021,151,0.57,-6.5
2021,150,0.57,-7.5
2021,149,0.56,-8.5
2021,148,0.56,-8.0
2021,147,0.56,-9.0
2021,146,0.55,-9.0
2021,145,0.56,-9.0
2021,144,0.56,-9.0
2021,143,0.56,-9.0
2021,142,0.56,-9.0
2021,141,0.56,-10.0
2021,140,0.56,-9.0
2021,139,0.57,-8.0
2021,138,0.57,-8.0
2021,137,0.57,-8.0
2021,136,0.57,-8.0
2021,135,0.56,-9.0
2021,134,0.56,-10.0
2021,133,0.56,-9.0
2021,132,0.57,-8.0
2021,131,0.57,-7.0
2021,130,0.57,-7.0
2021,129,0.57,-7.0
2021,128,0.56,-7.5
2021,127,0.57,-6.5
2021,126,0.56,-6.5
2021,125,0.56,-6.5
2021,124,0.56,-5.5
2021,123,0.56,-6.0
2021,122,0.57,-5.0
2021,121,0.57,-5.0
2021,120,0.57,-3.0
2021,119,0.57,-4.0
2021,118,0.57,-5.0
2021,117,0.56,-5.0
2021,116,0.57,-4.0
2021,115,0.57,-5.0
2021,114,0.57,-4.0
2021,113,0.58,-3.0
2021,112,0.57,-3.0
2021,111,0.58,-2.5
2021,110,0.58,-1.5
2021,109,0.59,-1.0
2021,108,0.58,-1.0
2021,107,0.59,-1.5
2021,106,0.59,-0.5
2021,105,0.6,0.5
2021,104,0.61,1.5
2021,103,0.61,2.5
2021,102,0.61,2.5
2021,101,0.61,1.5
2021,100,0.61,1.0
2021,99,0.61,0.0
2021,98,0.61,1.0
2021,97,0.61,1.0
2021,96,0.6,1.0
2021,95,0.6,1.5
2021,94,0.6,0.5
2021,93,0.6,1.5
2021,92,0.61,1.5
2021,91,0.6,1.5
2021,90,0.61,1.5
2021,89,0.62,2.5
2021,88,0.61,2.5
2021,87,0.62,4.0
2021,86,0.63,4.5
2021,85,0.62,4.5
2021,84,0.62,4.5
2021,83,0.63,4.5
2021,82,0.62,3.5
2021,81,0.62,3.0
2021,80,0.61,2.0
2021,79,0.61,1.0
2021,78,0.6,0.5
2021,77,0.6,-0.5
2021,76,0.59,-0.5
2021,75,0.59,-0.5
2021,74,0.59,0.5
2021,73,0.6,1.5
2021,72,0.6,0.5
2021,71,0.61,0.5
2021,70,0.6,-0.5
2021,69,0.61,-1.0
2021,68,0.6,-2.0
2021,67,0.6,-3.0
2021,66,0.59,-3.0
2021,65,0.6,-2.0
2021,64,0.61,-1.0
2021,63,0.6,-1.0
2021,62,0.6,-1.5
2021,61,0.61,-1.5
2021,60,0.62,-0.5
2021,59,0.61,-1.0
2021,58,0.6,-1.0
2021,57,0.6,-1.0
2021,56,0.59,-2.0
2021,55,0.58,-2.0
2021,54,0.59,-2.0
2021,53,0.6,-2.0
2021,52,0.62,-0.5
2021,51,0.61,-0.5
2021,50,0.6,-0.5
2021,49,0.59,-0.5
2021,48,0.6,0.0
2021,47,0.62,1.0
2021,46,0.61,1.0
2021,45,0.6,1.0
2021,44,0.59,1.0
2021,43,0.58,0.5
2021,42,0.6,1.5
2021,41,0.61,2.0
2021,40,0.6,2.0
2021,39,0.59,1.5
2021,38,0.58,1.0
2021,37,0.59,2.0
2021,36,0.61,3.0
2021,35,0.63,3.5
2021,34,0.62,3.0
2021,33,0.61,2.5
2021,32,0.59,1.5
2021,31,0.58,1.5
2021,30,0.6,2.5
2021,29,0.59,1.5
2021,28,0.61,2.5
2021,27,0.63,3.5
2021,26,0.62,3.0
2021,25,0.64,3.0
2021,24,0.62,3.0
2021,23,0.61,2.5
2021,22,0.59,1.5
2021,21,0.62,2.5
2021,20,0.6,1.5
2021,19,0.63,2.0
2021,18,0.67,2.0
2021,17,0.65,2.0
2021,16,0.62,2.0
2021,15,0.67,2.0
2021,14,0.71,3.5
2021,13,0.69,3.0
2021,12,0.75,3.0
2021,11,0.73,3.0
2021,10,0.7,2.5
2021,9,0.67,2.0
2021,8,0.62,1.0
2021,7,0.57,0.0
2021,6,0.5,-1.0
2021,5,0.4,-1.0
2021,4,0.25,-2.0
2021,3,0.0,-3.0
2021,2,0.0,-2.0
2021,1,0.0,-1.5
2020,60,0.4,-16.0
2020,59,0.39,-16.0
2020,58,0.38,-16.0
2020,57,0.39,-15.0
2020,56,0.39,-14.5
2020,55,0.38,-14.5
2020,54,0.37,-15.0
2020,53,0.36,-16.0
2020,52,0.37,-15.0
2020,51,0.37,-14.0
2020,50,0.36,-13.5
2020,49,0.37,-13.5
2020,48,0.35,-13.5
2020,47,0.34,-14.5
2020,46,0.35,-13.5
2020,45,0.36,-12.5
2020,44,0.34,-13.5
2020,43,0.33,-13.5
2020,42,0.33,-14.5
2020,41,0.34,-13.5
2020,39,0.31,-14.5
2020,40,0.32,-14.5
2020,38,0.32,-14.0
2020,37,0.32,-13.5
2020,36,0.33,-12.5
2020,35,0.34,-12.5
2020,34,0.35,-11.5
2020,33,0.33,-11.5
2020,32,0.31,-11.5
2020,31,0.32,-10.5
2020,30,0.33,-9.5
2020,29,0.31,-10.0
2020,28,0.32,-9.0
2020,27,0.33,-8.0
2020,26,0.31,-9.0
2020,25,0.28,-9.5
2020,24,0.25,-10.5
2020,23,0.26,-10.5
2020,22,0.27,-9.5
2020,21,0.29,-8.5
2020,20,0.3,-7.5
2020,19,0.32,-6.5
2020,18,0.33,-6.0
2020,17,0.35,-5.0
2020,16,0.38,-4.0
2020,15,0.4,-3.5
2020,14,0.36,-4.5
2020,13,0.38,-4.0
2020,12,0.33,-5.5
2020,11,0.27,-6.0
2020,10,0.3,-5.0
2020,9,0.33,-4.0
2020,8,0.38,-3.0
2020,7,0.43,-2.0
2020,6,0.33,-2.0
2020,5,0.2,-3.0
2020,4,0.25,-2.0
2020,3,0.33,-1.0
2020,2,0.5,0.0
2020,1,1.0,0.0
2019,162,0.52,-19.0
2019,161,0.52,-20.0
2019,160,0.52,-20.0
2019,159,0.52,-19.0
2019,158,0.53,-18.5
2019,157,0.52,-19.5
2019,156,0.52,-20.5
2019,155,0.52,-20.0
2019,154,0.52,-20.0
2019,153,0.52,-19.0
2019,152,0.53,-19.0
2019,151,0.52,-19.0
2019,150,0.53,-19.0
2019,149,0.53,-18.0
2019,148,0.53,-19.0
2019,147,0.52,-19.5
2019,146,0.52,-19.0
2019,145,0.52,-18.5
2019,144,0.53,-18.5
2019,143,0.53,-17.5
2019,142,0.54,-16.5
2019,141,0.54,-15.5
2019,140,0.54,-16.5
2019,139,0.54,-16.0
2019,138,0.54,-16.0
2019,137,0.54,-15.5
2019,136,0.54,-15.5
2019,135,0.54,-14.5
2019,134,0.54,-15.5
2019,133,0.53,-15.5
2019,132,0.53,-15.0
2019,131,0.53,-14.0
2019,130,0.53,-15.0
2019,129,0.53,-15.5
2019,128,0.53,-15.5
2019,127,0.54,-15.5
2019,126,0.53,-16.5
2019,125,0.53,-16.5
2019,124,0.52,-17.0
2019,123,0.52,-17.0
2019,122,0.52,-17.0
2019,121,0.52,-15.5
2019,120,0.52,-14.5
2019,119,0.53,-14.5
2019,118,0.53,-15.5
2019,117,0.52,-15.5
2019,116,0.52,-15.5
2019,115,0.52,-14.5
2019,114,0.52,-14.5
2019,113,0.52,-13.5
2019,112,0.53,-13.5
2019,111,0.53,-11.5
2019,110,0.54,-10.5
2019,109,0.54,-10.0
2019,108,0.55,-9.0
2019,107,0.55,-9.0
2019,106,0.56,-8.0
2019,105,0.55,-9.0
2019,104,0.55,-10.0
2019,103,0.54,-11.0
2019,102,0.55,-10.0
2019,101,0.54,-10.0
2019,100,0.54,-11.0
2019,99,0.55,-11.0
2019,98,0.54,-11.0
2019,97,0.55,-10.0
2019,96,0.54,-9.5
2019,95,0.54,-10.0
2019,94,0.54,-9.0
2019,93,0.54,-10.0
2019,92,0.54,-9.0
2019,91,0.55,-9.0
2019,90,0.54,-9.0
2019,89,0.54,-10.0
2019,88,0.53,-11.0
2019,87,0.53,-11.0
2019,86,0.52,-11.0
2019,85,0.53,-10.0
2019,84,0.52,-11.0
2019,83,0.53,-10.0
2019,82,0.54,-9.0
2019,81,0.54,-8.0
2019,80,0.54,-8.0
2019,79,0.53,-8.0
2019,78,0.54,-8.0
2019,77,0.55,-7.0
2019,76,0.54,-6.5
2019,75,0.53,-6.5
2019,74,0.54,-5.5
2019,73,0.53,-5.5
2019,72,0.53,-5.5
2019,71,0.52,-6.0
2019,70,0.51,-6.5
2019,69,0.51,-7.5
2019,68,0.5,-8.0
2019,67,0.51,-8.0
2019,66,0.52,-7.0
2019,65,0.52,-6.0
2019,64,0.52,-6.0
2019,63,0.52,-6.5
2019,62,0.53,-6.5
2019,61,0.52,-6.5
2019,60,0.52,-7.5
2019,59,0.51,-8.5
2019,58,0.5,-9.5
2019,57,0.51,-8.5
2019,56,0.52,-7.5
2019,55,0.53,-6.5
2019,54,0.54,-6.5
2019,53,0.53,-6.5
2019,52,0.52,-7.5
2019,51,0.53,-6.0
2019,50,0.54,-5.5
2019,49,0.53,-5.5
2019,48,0.52,-5.5
2019,47,0.53,-4.5
2019,46,0.52,-4.5
2019,45,0.51,-5.0
2019,44,0.52,-4.5
2019,43,0.53,-4.0
2019,42,0.52,-4.0
2019,41,0.54,-3.0
2019,40,0.52,-4.0
2019,39,0.51,-4.0
2019,38,0.5,-5.0
2019,37,0.49,-6.0
2019,36,0.47,-6.0
2019,35,0.49,-5.0
2019,34,0.47,-5.5
2019,33,0.45,-6.5
2019,32,0.44,-6.5
2019,31,0.45,-5.5
2019,30,0.43,-7.0
2019,29,0.41,-7.5
2019,28,0.39,-7.5
2019,27,0.41,-6.5
2019,26,0.42,-5.5
2019,25,0.4,-6.0
2019,24,0.38,-7.0
2019,23,0.39,-7.0
2019,22,0.41,-5.0
2019,21,0.38,-6.0
2019,20,0.35,-7.0
2019,19,0.32,-8.5
2019,18,0.33,-7.5
2019,17,0.35,-6.5
2019,16,0.38,-6.0
2019,15,0.33,-6.0
2019,14,0.36,-6.0
2019,13,0.31,-6.0
2019,12,0.25,-6.0
2019,11,0.27,-4.5
2019,10,0.2,-4.5
2019,9,0.22,-4.5
2019,8,0.25,-3.5
2019,7,0.29,-3.0
2019,6,0.17,-4.0
2019,5,0.2,-3.0
2019,4,0.25,-2.0
2019,3,0.33,-1.0
2019,2,0.5,-0.5
2019,1,0.0,-1.0
2018,162,0.67,8.0
2018,161,0.66,7.0
2018,160,0.67,8.0
2018,159,0.67,9.5
2018,158,0.68,9.5
2018,157,0.68,9.5
2018,156,0.67,9.5
2018,155,0.68,9.5
2018,154,0.68,10.5
2018,153,0.68,10.5
2018,152,0.68,9.5
2018,151,0.68,10.5
2018,150,0.69,11.5
2018,149,0.68,10.5
2018,148,0.68,9.5
2018,147,0.69,10.5
2018,146,0.68,10.0
2018,145,0.68,9.0
2018,144,0.68,8.5
2018,143,0.68,7.5
2018,142,0.68,8.5
2018,141,0.69,9.5
2018,140,0.69,8.5
2018,139,0.68,8.5
2018,138,0.68,7.5
2018,137,0.69,7.5
2018,136,0.68,7.5
2018,135,0.69,8.5
2018,134,0.69,7.5
2018,133,0.68,6.5
2018,132,0.68,6.0
2018,131,0.69,7.0
2018,130,0.69,8.5
2018,129,0.7,9.5
2018,128,0.7,9.0
2018,127,0.69,8.0
2018,126,0.7,9.0
2018,125,0.7,9.5
2018,124,0.71,10.5
2018,123,0.71,10.5
2018,122,0.7,10.0
2018,121,0.71,10.0
2018,120,0.71,9.5
2018,119,0.71,9.5
2018,118,0.7,9.5
2018,117,0.7,9.0
2018,116,0.7,8.0
2018,115,0.7,9.0
2018,114,0.7,9.0
2018,113,0.7,9.5
2018,112,0.7,8.5
2018,111,0.69,7.5
2018,110,0.69,6.5
2018,109,0.69,5.0
2018,108,0.69,6.0
2018,107,0.69,5.5
2018,106,0.69,5.5
2018,105,0.69,5.0
2018,104,0.68,4.5
2018,103,0.69,5.0
2018,102,0.7,6.0
2018,101,0.69,5.0
2018,100,0.69,4.5
2018,99,0.7,5.5
2018,98,0.69,4.5
2018,97,0.69,3.5
2018,96,0.69,3.5
2018,95,0.69,3.5
2018,94,0.69,3.5
2018,93,0.69,3.5
2018,92,0.68,2.5
2018,91,0.68,2.0
2018,90,0.68,2.0
2018,89,0.67,2.0
2018,88,0.67,1.0
2018,87,0.67,1.0
2018,86,0.66,1.0
2018,85,0.66,0.0
2018,84,0.67,1.0
2018,83,0.66,0.0
2018,82,0.67,1.0
2018,81,0.67,0.5
2018,80,0.66,-0.5
2018,79,0.66,0.0
2018,78,0.65,-1.0
2018,77,0.66,-1.0
2018,76,0.66,-2.0
2018,75,0.65,-2.0
2018,74,0.66,-1.0
2018,73,0.67,0.5
2018,72,0.67,-0.5
2018,71,0.68,0.5
2018,70,0.69,1.5
2018,69,0.68,1.5
2018,68,0.68,0.5
2018,67,0.67,0.5
2018,66,0.67,0.0
2018,65,0.68,0.0
2018,64,0.67,0.0
2018,63,0.68,1.0
2018,62,0.69,1.5
2018,61,0.69,1.5
2018,60,0.68,1.5
2018,59,0.68,1.0
2018,58,0.67,1.0
2018,57,0.68,2.0
2018,56,0.7,2.5
2018,55,0.69,2.5
2018,54,0.69,2.5
2018,53,0.68,1.5
2018,52,0.69,2.5
2018,51,0.69,1.5
2018,50,0.68,1.5
2018,49,0.69,2.0
2018,48,0.69,1.0
2018,47,0.68,0.5
2018,46,0.67,0.5
2018,45,0.67,0.5
2018,44,0.68,0.5
2018,43,0.67,0.0
2018,42,0.67,-0.5
2018,41,0.68,-0.5
2018,40,0.7,0.0
2018,39,0.69,0.0
2018,38,0.68,0.0
2018,37,0.7,0.0
2018,36,0.69,-1.0
2018,35,0.71,0.0
2018,34,0.74,1.0
2018,33,0.73,1.0
2018,32,0.72,1.0
2018,31,0.71,1.0
2018,30,0.73,2.0
2018,29,0.72,2.0
2018,28,0.75,3.0
2018,27,0.74,2.0
2018,26,0.73,2.0
2018,25,0.76,3.0
2018,24,0.79,4.0
2018,23,0.78,4.0
2018,22,0.77,3.0
2018,21,0.81,4.0
2018,20,0.85,4.0
2018,19,0.89,4.0
2018,18,0.89,4.0
2018,17,0.88,3.0
2018,16,0.88,3.0
2018,15,0.87,3.5
2018,14,0.86,3.0
2018,13,0.85,2.5
2018,12,0.83,2.5
2018,11,0.82,2.0
2018,10,0.9,2.0
2018,9,0.89,2.5
2018,8,0.88,2.5
2018,7,0.86,2.0
2018,6,0.83,1.0
2018,5,0.8,1.0
2018,4,0.75,1.0
2018,3,0.67,0.0
2018,2,0.5,-1.0
2018,1,0.0,-1.0
2017,162,0.57,2.0
2017,161,0.58,2.0
2017,160,0.57,2.0
2017,159,0.58,3.0
2017,158,0.58,3.0
2017,157,0.58,3.0
2017,156,0.58,4.0
2017,155,0.59,5.0
2017,154,0.58,4.0
2017,153,0.58,4.0
2017,152,0.58,3.0
2017,151,0.58,3.0
2017,150,0.57,3.0
2017,149,0.57,3.0
2017,148,0.57,3.0
2017,147,0.57,3.0
2017,146,0.57,3.0
2017,145,0.57,3.0
2017,144,0.57,4.0
2017,143,0.57,3.5
2017,142,0.57,4.5
2017,141,0.57,4.5
2017,140,0.56,4.0
2017,139,0.56,3.5
2017,138,0.56,2.5
2017,137,0.56,3.5
2017,136,0.57,4.5
2017,135,0.57,5.5
2017,134,0.57,4.5
2017,133,0.57,5.5
2017,132,0.57,4.0
2017,131,0.56,3.5
2017,130,0.56,2.5
2017,129,0.57,3.5
2017,128,0.57,4.5
2017,127,0.57,4.5
2017,126,0.58,4.5
2017,125,0.58,4.5
2017,124,0.57,4.5
2017,123,0.58,5.0
2017,122,0.57,4.0
2017,121,0.58,5.0
2017,120,0.57,4.5
2017,119,0.57,4.5
2017,118,0.57,4.5
2017,117,0.57,5.5
2017,116,0.57,4.5
2017,115,0.57,3.5
2017,114,0.57,4.0
2017,113,0.57,4.0
2017,112,0.56,3.0
2017,111,0.56,3.0
2017,110,0.55,3.0
2017,109,0.55,2.0
2017,108,0.55,0.5
2017,107,0.54,-0.5
2017,106,0.54,-0.5
2017,105,0.54,-0.5
2017,104,0.54,-0.5
2017,103,0.54,1.0
2017,102,0.54,1.0
2017,101,0.54,2.0
2017,100,0.55,2.5
2017,99,0.56,3.5
2017,98,0.56,3.5
2017,97,0.56,2.5
2017,96,0.56,3.0
2017,95,0.56,2.0
2017,94,0.55,2.0
2017,93,0.56,3.0
2017,92,0.55,3.0
2017,91,0.56,2.5
2017,90,0.57,3.5
2017,89,0.56,3.5
2017,88,0.57,3.5
2017,87,0.57,4.5
2017,86,0.57,3.5
2017,85,0.58,4.0
2017,84,0.58,4.0
2017,83,0.58,3.0
2017,82,0.57,3.0
2017,81,0.57,2.0
2017,80,0.56,1.0
2017,79,0.56,1.0
2017,78,0.55,0.0
2017,77,0.56,1.0
2017,76,0.55,0.0
2017,75,0.55,0.0
2017,74,0.55,0.0
2017,73,0.56,0.0
2017,72,0.56,-0.5
2017,71,0.56,0.5
2017,70,0.56,-0.5
2017,69,0.57,0.0
2017,68,0.56,-1.0
2017,67,0.57,-1.0
2017,66,0.56,-2.0
2017,65,0.57,-2.0
2017,64,0.56,-3.0
2017,63,0.56,-4.0
2017,62,0.55,-4.0
2017,61,0.56,-3.0
2017,60,0.55,-3.0
2017,59,0.54,-3.0
2017,58,0.55,-2.0
2017,57,0.56,-1.0
2017,56,0.55,-2.0
2017,55,0.55,-3.0
2017,54,0.54,-3.0
2017,53,0.55,-3.0
2017,52,0.56,-2.0
2017,51,0.55,-3.0
2017,50,0.54,-3.0
2017,49,0.55,-3.0
2017,48,0.56,-2.0
2017,47,0.55,-2.0
2017,46,0.54,-3.0
2017,45,0.53,-3.5
2017,44,0.52,-3.5
2017,43,0.51,-4.0
2017,42,0.5,-4.5
2017,41,0.51,-4.0
2017,40,0.52,-4.0
2017,39,0.54,-4.0
2017,38,0.53,-4.0
2017,37,0.51,-4.0
2017,36,0.53,-3.5
2017,35,0.51,-4.5
2017,34,0.53,-4.5
2017,33,0.52,-5.0
2017,32,0.53,-5.0
2017,31,0.55,-4.0
2017,30,0.53,-4.0
2017,29,0.52,-4.0
2017,28,0.54,-3.0
2017,27,0.56,-2.5
2017,26,0.54,-2.5
2017,25,0.52,-3.5
2017,24,0.54,-2.5
2017,23,0.52,-3.5
2017,22,0.55,-2.5
2017,21,0.52,-3.5
2017,20,0.55,-3.0
2017,19,0.58,-2.0
2017,18,0.56,-3.0
2017,17,0.59,-2.0
2017,16,0.62,-1.0
2017,15,0.6,-1.0
2017,14,0.64,0.0
2017,13,0.62,-1.0
2017,12,0.58,-1.5
2017,11,0.55,-1.5
2017,10,0.5,-2.5
2017,9,0.56,-1.5
2017,8,0.5,-1.5
2017,7,0.57,-0.5
2017,6,0.5,-1.5
2017,5,0.6,-1.0
2017,4,0.5,-2.0
2017,3,0.67,-1.0
2017,2,1.0,0.0
2017,1,1.0,0.0
2016,162,0.57,4.0
2016,161,0.58,5.0
2016,160,0.58,5.0
2016,159,0.58,5.0
2016,158,0.58,5.0
2016,157,0.59,5.0
2016,156,0.59,5.5
2016,155,0.59,5.5
2016,154,0.58,5.5
2016,153,0.58,5.5
2016,152,0.58,5.0
2016,151,0.58,4.0
2016,150,0.57,4.0
2016,149,0.57,3.0
2016,148,0.57,3.0
2016,147,0.56,2.0
2016,146,0.56,2.0
2016,145,0.56,1.0
2016,144,0.56,2.0
2016,143,0.57,2.0
2016,142,0.56,2.0
2016,141,0.56,1.0
2016,140,0.56,2.0
2016,139,0.56,1.0
2016,138,0.56,0.0
2016,137,0.55,-1.0
2016,136,0.56,-1.0
2016,135,0.56,0.0
2016,134,0.56,-1.0
2016,133,0.56,-2.0
2016,132,0.55,-2.0
2016,131,0.56,-2.0
2016,130,0.55,-2.0
2016,129,0.56,-1.0
2016,128,0.55,-1.0
2016,127,0.56,0.0
2016,126,0.56,0.0
2016,125,0.57,0.0
2016,124,0.56,0.0
2016,123,0.56,-0.5
2016,122,0.57,-0.5
2016,121,0.56,-0.5
2016,120,0.56,-1.5
2016,119,0.56,-1.0
2016,118,0.56,-1.0
2016,117,0.56,-1.0
2016,116,0.55,-2.0
2016,115,0.55,-2.0
2016,114,0.54,-2.5
2016,113,0.54,-3.0
2016,112,0.54,-2.5
2016,111,0.55,-1.5
2016,110,0.55,-3.0
2016,109,0.55,-2.0
2016,108,0.56,-2.0
2016,107,0.55,-2.0
2016,106,0.55,-3.0
2016,105,0.55,-2.0
2016,104,0.56,-1.0
2016,103,0.55,-1.5
2016,102,0.55,-2.0
2016,101,0.55,-1.5
2016,100,0.55,-2.5
2016,99,0.56,-2.5
2016,98,0.56,-2.5
2016,97,0.57,-2.5
2016,96,0.57,-1.5
2016,95,0.57,-1.5
2016,94,0.57,-0.5
2016,93,0.58,0.5
2016,92,0.58,0.5
2016,91,0.57,-0.5
2016,90,0.57,-2.0
2016,89,0.57,-2.0
2016,88,0.57,-2.0
2016,87,0.56,-2.0
2016,86,0.56,-2.0
2016,85,0.55,-2.0
2016,84,0.55,-3.0
2016,83,0.54,-3.0
2016,82,0.55,-2.0
2016,81,0.54,-3.0
2016,80,0.54,-4.0
2016,79,0.54,-4.0
2016,78,0.54,-5.5
2016,77,0.55,-4.5
2016,76,0.54,-4.5
2016,75,0.55,-4.0
2016,74,0.55,-3.0
2016,73,0.56,-1.5
2016,72,0.56,-1.5
2016,71,0.55,-2.0
2016,70,0.56,-1.0
2016,69,0.57,-1.0
2016,68,0.57,-1.0
2016,67,0.57,-1.0
2016,66,0.56,-1.0
2016,65,0.57,-1.0
2016,64,0.58,0.0
2016,63,0.57,-1.0
2016,62,0.58,0.0
2016,61,0.59,0.0
2016,60,0.58,-1.0
2016,59,0.58,-1.5
2016,58,0.59,-0.5
2016,57,0.58,0.0
2016,56,0.59,1.0
2016,55,0.58,0.0
2016,54,0.59,1.0
2016,53,0.6,2.0
2016,52,0.62,3.0
2016,51,0.61,2.0
2016,50,0.6,1.0
2016,49,0.59,1.0
2016,48,0.6,1.0
2016,47,0.62,2.0
2016,46,0.63,2.0
2016,45,0.62,1.0
2016,44,0.61,0.0
2016,43,0.6,-1.0
2016,42,0.6,-1.0
2016,41,0.61,-0.5
2016,40,0.6,-0.5
2016,39,0.62,0.0
2016,38,0.63,0.0
2016,37,0.62,-1.0
2016,36,0.61,-1.0
2016,35,0.63,0.0
2016,34,0.62,0.0
2016,33,0.61,0.0
2016,32,0.59,0.0
2016,31,0.58,-0.5
2016,30,0.57,-0.5
2016,29,0.59,0.0
2016,28,0.61,0.5
2016,27,0.59,0.5
2016,26,0.58,-0.5
2016,25,0.6,0.5
2016,24,0.58,-0.5
2016,23,0.57,-1.5
2016,22,0.55,-1.5
2016,21,0.57,-0.5
2016,20,0.55,-0.5
2016,19,0.53,-1.5
2016,18,0.5,-2.5
2016,17,0.47,-3.5
2016,16,0.5,-2.5
2016,15,0.47,-3.5
2016,14,0.5,-2.5
2016,13,0.46,-2.5
2016,12,0.5,-2.5
2016,11,0.55,-2.0
2016,10,0.6,-1.5
2016,9,0.56,-2.5
2016,8,0.5,-3.0
2016,7,0.43,-4.0
2016,6,0.5,-3.0
2016,5,0.6,-2.0
2016,4,0.75,-1.0
2016,3,0.67,-1.5
2016,2,0.5,-1.0
2016,1,1.0,0.0
2015,162,0.48,-15.0
2015,161,0.48,-15.0
2015,160,0.49,-15.0
2015,159,0.49,-14.0
2015,158,0.49,-14.0
2015,157,0.49,-14.5
2015,156,0.49,-15.0
2015,155,0.48,-15.0
2015,154,0.48,-15.0
2015,153,0.48,-15.0
2015,152,0.47,-15.0
2015,151,0.48,-14.5
2015,150,0.48,-13.5
2015,149,0.48,-13.5
2015,148,0.48,-13.5
2015,147,0.48,-14.5
2015,146,0.47,-15.5
2015,145,0.48,-14.0
2015,144,0.47,-14.0
2015,143,0.48,-14.0
2015,142,0.48,-13.5
2015,141,0.48,-14.5
2015,140,0.47,-14.0
2015,139,0.47,-13.0
2015,138,0.47,-14.0
2015,137,0.47,-13.0
2015,136,0.47,-14.0
2015,135,0.47,-14.0
2015,134,0.46,-14.0
2015,133,0.46,-15.0
2015,132,0.46,-14.0
2015,131,0.47,-13.0
2015,130,0.46,-14.0
2015,129,0.47,-13.0
2015,128,0.46,-13.0
2015,127,0.46,-13.5
2015,126,0.45,-13.5
2015,125,0.46,-12.5
2015,124,0.45,-13.0
2015,123,0.46,-12.5
2015,122,0.46,-11.5
2015,121,0.45,-12.5
2015,120,0.45,-13.5
2015,119,0.45,-13.5
2015,118,0.44,-13.5
2015,117,0.44,-12.5
2015,116,0.45,-12.5
2015,115,0.44,-12.5
2015,114,0.44,-12.5
2015,113,0.44,-12.0
2015,112,0.45,-12.0
2015,111,0.44,-13.0
2015,110,0.45,-13.0
2015,109,0.44,-14.0
2015,108,0.44,-13.0
2015,107,0.44,-14.0
2015,106,0.44,-13.0
2015,105,0.45,-12.0
2015,104,0.44,-13.0
2015,103,0.44,-13.0
2015,102,0.43,-14.0
2015,101,0.44,-14.0
2015,100,0.44,-13.0
2015,99,0.44,-12.0
2015,98,0.44,-12.0
2015,97,0.44,-11.0
2015,96,0.44,-12.0
2015,95,0.44,-11.0
2015,94,0.45,-10.0
2015,93,0.45,-9.0
2015,92,0.46,-9.0
2015,91,0.46,-7.5
2015,90,0.47,-7.5
2015,89,0.47,-6.5
2015,88,0.48,-5.5
2015,87,0.47,-6.5
2015,86,0.48,-5.0
2015,85,0.47,-5.0
2015,84,0.46,-6.0
2015,83,0.46,-7.0
2015,82,0.45,-7.0
2015,81,0.46,-6.0
2015,80,0.45,-7.0
2015,79,0.46,-6.0
2015,78,0.45,-7.0
2015,77,0.44,-8.0
2015,76,0.43,-9.0
2015,75,0.44,-8.0
2015,74,0.43,-9.0
2015,73,0.44,-8.5
2015,72,0.43,-9.5
2015,71,0.44,-9.0
2015,70,0.43,-10.0
2015,69,0.43,-9.0
2015,68,0.43,-9.0
2015,67,0.42,-9.0
2015,66,0.42,-8.0
2015,65,0.42,-9.0
2015,64,0.42,-8.0
2015,63,0.43,-7.0
2015,62,0.44,-7.0
2015,61,0.44,-7.0
2015,60,0.45,-6.5
2015,59,0.46,-6.5
2015,58,0.47,-5.5
2015,57,0.46,-5.5
2015,56,0.45,-5.5
2015,55,0.44,-5.5
2015,54,0.44,-5.0
2015,53,0.45,-5.0
2015,52,0.44,-4.5
2015,51,0.43,-4.0
2015,50,0.44,-4.0
2015,49,0.45,-3.0
2015,48,0.46,-3.0
2015,47,0.45,-4.0
2015,46,0.46,-3.0
2015,45,0.47,-2.5
2015,44,0.48,-2.5
2015,43,0.47,-3.5
2015,42,0.45,-4.5
2015,41,0.46,-3.5
2015,40,0.48,-2.5
2015,39,0.49,-2.5
2015,38,0.47,-3.5
2015,37,0.49,-3.5
2015,36,0.47,-3.5
2015,35,0.49,-3.5
2015,34,0.47,-4.5
2015,33,0.45,-5.5
2015,32,0.47,-5.5
2015,31,0.45,-5.5
2015,30,0.43,-5.5
2015,29,0.45,-5.5
2015,28,0.46,-4.0
2015,27,0.48,-4.0
2015,26,0.46,-4.0
2015,25,0.48,-4.0
2015,24,0.5,-3.0
2015,23,0.52,-2.0
2015,22,0.55,-1.0
2015,21,0.52,-2.0
2015,20,0.55,-1.0
2015,19,0.53,-1.0
2015,18,0.56,0.0
2015,17,0.59,0.0
2015,16,0.56,0.0
2015,15,0.6,1.0
2015,14,0.64,2.0
2015,13,0.62,1.0
2015,12,0.58,0.0
2015,11,0.64,1.0
2015,10,0.7,1.5
2015,9,0.67,1.0
2015,8,0.75,1.0
2015,7,0.71,1.0
2015,6,0.67,0.0
2015,5,0.8,1.0
2015,4,0.75,0.0
2015,3,0.67,0.0
2015,2,0.5,-0.5
2015,1,1.0,0.0
2014,162,0.44,-25.0
2014,161,0.44,-24.0
2014,160,0.44,-25.0
2014,159,0.44,-25.0
2014,158,0.44,-26.0
2014,157,0.43,-26.0
2014,156,0.44,-25.5
2014,155,0.43,-26.5
2014,154,0.44,-25.5
2014,153,0.43,-26.5
2014,152,0.43,-26.0
2014,151,0.44,-25.0
2014,150,0.44,-23.5
2014,149,0.44,-23.5
2014,148,0.44,-23.5
2014,147,0.44,-23.0
2014,146,0.43,-23.5
2014,145,0.43,-22.5
2014,144,0.44,-21.5
2014,143,0.44,-20.5
2014,142,0.44,-19.5
2014,141,0.44,-20.5
2014,140,0.44,-21.5
2014,139,0.44,-20.5
2014,138,0.44,-19.5
2014,137,0.44,-19.5
2014,136,0.44,-19.5
2014,135,0.44,-19.5
2014,134,0.44,-18.5
2014,133,0.44,-18.0
2014,132,0.44,-18.0
2014,131,0.44,-18.0
2014,130,0.43,-18.0
2014,129,0.43,-18.0
2014,128,0.44,-18.0
2014,127,0.44,-18.0
2014,126,0.44,-17.5
2014,125,0.45,-16.5
2014,124,0.45,-15.5
2014,123,0.46,-14.5
2014,122,0.46,-13.5
2014,121,0.45,-14.5
2014,120,0.46,-14.5
2014,119,0.45,-15.0
2014,118,0.45,-15.0
2014,117,0.44,-15.0
2014,116,0.44,-16.0
2014,115,0.44,-15.0
2014,114,0.44,-15.0
2014,113,0.44,-14.0
2014,112,0.44,-15.0
2014,111,0.44,-13.5
2014,110,0.45,-12.5
2014,109,0.45,-12.5
2014,108,0.44,-13.0
2014,107,0.45,-12.0
2014,106,0.45,-11.0
2014,105,0.46,-10.5
2014,104,0.45,-10.5
2014,103,0.46,-10.5
2014,102,0.46,-9.5
2014,101,0.47,-8.5
2014,100,0.47,-8.5
2014,99,0.47,-7.5
2014,98,0.47,-7.5
2014,97,0.46,-8.5
2014,96,0.46,-8.5
2014,95,0.45,-9.5
2014,94,0.45,-9.5
2014,93,0.45,-9.5
2014,92,0.45,-9.5
2014,91,0.44,-9.5
2014,90,0.43,-10.5
2014,89,0.44,-10.0
2014,88,0.44,-9.0
2014,87,0.45,-8.0
2014,86,0.45,-8.0
2014,85,0.45,-8.5
2014,84,0.45,-7.5
2014,83,0.46,-6.5
2014,82,0.46,-6.0
2014,81,0.46,-7.0
2014,80,0.45,-8.0
2014,79,0.46,-7.5
2014,78,0.45,-8.5
2014,77,0.45,-7.5
2014,76,0.46,-6.5
2014,75,0.45,-7.5
2014,74,0.46,-7.5
2014,73,0.47,-6.5
2014,72,0.47,-6.5
2014,71,0.46,-7.5
2014,70,0.46,-8.5
2014,69,0.45,-9.0
2014,68,0.46,-8.0
2014,67,0.46,-8.0
2014,66,0.45,-8.0
2014,65,0.45,-9.0
2014,64,0.45,-9.0
2014,63,0.44,-10.0
2014,62,0.45,-9.0
2014,61,0.44,-10.0
2014,60,0.45,-10.0
2014,59,0.46,-8.5
2014,58,0.47,-7.5
2014,57,0.47,-6.5
2014,56,0.48,-6.0
2014,55,0.47,-6.0
2014,54,0.46,-6.0
2014,53,0.45,-7.0
2014,52,0.44,-8.0
2014,51,0.43,-8.0
2014,50,0.42,-8.0
2014,49,0.41,-8.0
2014,48,0.42,-7.0
2014,47,0.43,-6.0
2014,46,0.43,-5.0
2014,45,0.44,-4.0
2014,44,0.45,-3.5
2014,43,0.47,-3.0
2014,42,0.48,-2.5
2014,41,0.49,-2.5
2014,40,0.5,-1.5
2014,39,0.51,-0.5
2014,38,0.5,-1.5
2014,37,0.51,-2.0
2014,36,0.5,-3.0
2014,35,0.49,-3.0
2014,34,0.5,-1.5
2014,33,0.48,-1.5
2014,32,0.47,-2.0
2014,31,0.48,-2.0
2014,30,0.47,-2.5
2014,29,0.45,-3.0
2014,28,0.46,-3.0
2014,27,0.48,-2.5
2014,26,0.46,-3.5
2014,25,0.48,-2.5
2014,24,0.46,-2.5
2014,23,0.43,-3.5
2014,22,0.45,-2.5
2014,21,0.43,-3.5
2014,20,0.45,-2.5
2014,19,0.47,-2.0
2014,18,0.44,-2.0
2014,17,0.41,-3.0
2014,16,0.44,-3.0
2014,15,0.4,-3.0
2014,14,0.36,-3.0
2014,13,0.38,-2.0
2014,12,0.42,-2.0
2014,11,0.45,-1.0
2014,10,0.4,-1.0
2014,9,0.44,-1.0
2014,8,0.38,-1.5
2014,7,0.43,-1.0
2014,6,0.33,-1.5
2014,5,0.4,-1.5
2014,4,0.5,-0.5
2014,3,0.67,0.5
2014,2,0.5,-0.5
2014,1,0.0,-1.0
2013,162,0.6,6.0
2013,161,0.6,7.0
2013,160,0.61,7.0
2013,159,0.6,6.5
2013,158,0.6,6.5
2013,157,0.61,8.0
2013,156,0.6,8.0
2013,155,0.61,9.0
2013,154,0.6,9.0
2013,153,0.6,8.0
2013,152,0.61,9.0
2013,151,0.61,9.5
2013,150,0.61,8.5
2013,149,0.6,8.5
2013,148,0.6,8.5
2013,147,0.61,9.5
2013,146,0.6,8.5
2013,145,0.6,7.5
2013,144,0.6,8.5
2013,143,0.6,7.5
2013,142,0.6,6.5
2013,141,0.6,5.5
2013,140,0.59,5.5
2013,139,0.59,5.5
2013,138,0.59,5.5
2013,137,0.59,4.5
2013,136,0.59,3.5
2013,135,0.59,2.5
2013,134,0.59,2.5
2013,133,0.59,2.5
2013,132,0.58,1.0
2013,131,0.58,0.0
2013,130,0.58,0.0
2013,129,0.58,1.0
2013,128,0.58,0.0
2013,127,0.58,1.0
2013,126,0.58,1.0
2013,125,0.58,2.0
2013,124,0.58,1.0
2013,123,0.59,2.0
2013,122,0.59,3.0
2013,121,0.6,4.0
2013,120,0.59,3.0
2013,119,0.6,3.0
2013,118,0.59,2.0
2013,117,0.6,2.0
2013,116,0.6,2.5
2013,115,0.6,1.5
2013,114,0.6,0.5
2013,113,0.6,1.0
2013,112,0.6,1.0
2013,111,0.59,1.0
2013,110,0.6,1.0
2013,109,0.6,0.5
2013,108,0.59,-0.5
2013,107,0.59,-0.5
2013,106,0.59,0.5
2013,105,0.59,-0.5
2013,104,0.59,-0.5
2013,103,0.59,0.5
2013,102,0.6,1.5
2013,101,0.59,0.5
2013,100,0.6,1.5
2013,99,0.6,1.5
2013,98,0.6,2.5
2013,97,0.6,2.5
2013,96,0.6,3.5
2013,95,0.61,4.5
2013,94,0.61,3.5
2013,93,0.6,3.5
2013,92,0.6,3.5
2013,91,0.59,3.5
2013,90,0.6,4.5
2013,89,0.61,5.0
2013,88,0.61,5.5
2013,87,0.61,4.5
2013,86,0.6,3.5
2013,85,0.6,3.5
2013,84,0.6,2.5
2013,83,0.59,2.5
2013,82,0.6,3.5
2013,81,0.59,3.5
2013,80,0.59,3.5
2013,79,0.58,2.5
2013,78,0.58,2.0
2013,77,0.58,2.0
2013,76,0.59,2.0
2013,75,0.59,1.0
2013,74,0.59,1.5
2013,73,0.6,2.5
2013,72,0.6,2.5
2013,71,0.59,1.5
2013,70,0.6,2.5
2013,69,0.59,1.5
2013,68,0.6,2.5
2013,67,0.61,3.0
2013,66,0.61,2.0
2013,65,0.62,2.0
2013,64,0.61,1.5
2013,63,0.6,1.5
2013,62,0.6,1.5
2013,61,0.61,1.5
2013,60,0.6,1.5
2013,59,0.61,2.5
2013,58,0.6,2.5
2013,57,0.6,2.0
2013,56,0.59,1.0
2013,55,0.6,2.0
2013,54,0.59,1.0
2013,53,0.6,1.0
2013,52,0.62,1.0
2013,51,0.61,0.0
2013,50,0.6,-1.0
2013,49,0.59,-1.0
2013,48,0.58,-1.0
2013,47,0.6,-0.5
2013,46,0.59,-1.5
2013,45,0.6,-1.5
2013,44,0.61,-0.5
2013,43,0.6,-1.0
2013,42,0.6,-1.0
2013,41,0.59,-1.0
2013,40,0.57,-2.0
2013,39,0.56,-3.0
2013,38,0.58,-2.0
2013,37,0.59,-1.0
2013,36,0.61,0.0
2013,35,0.6,0.0
2013,34,0.62,0.0
2013,33,0.64,1.0
2013,32,0.66,2.0
2013,31,0.65,1.5
2013,30,0.67,1.5
2013,29,0.69,2.5
2013,28,0.71,2.5
2013,27,0.7,2.0
2013,26,0.69,2.0
2013,25,0.72,2.5
2013,24,0.71,2.0
2013,23,0.7,2.0
2013,22,0.68,2.0
2013,21,0.67,2.0
2013,20,0.65,1.0
2013,19,0.68,2.0
2013,18,0.67,1.5
2013,17,0.71,1.5
2013,16,0.75,2.0
2013,15,0.73,2.5
2013,14,0.71,1.5
2013,13,0.69,1.5
2013,12,0.67,1.5
2013,11,0.64,1.0
2013,10,0.6,0.5
2013,9,0.56,0.0
2013,8,0.62,1.0
2013,7,0.71,2.0
2013,6,0.67,1.0
2013,5,0.6,0.0
2013,4,0.75,0.0
2013,3,0.67,0.0
2013,2,1.0,1.0
2013,1,1.0,0.5
2012,162,0.43,-26.0
2012,161,0.43,-25.0
2012,160,0.43,-24.0
2012,159,0.43,-23.0
2012,158,0.44,-22.0
2012,157,0.44,-22.0
2012,156,0.44,-21.5
2012,155,0.45,-20.5
2012,154,0.45,-20.0
2012,153,0.44,-21.0
2012,152,0.45,-20.0
2012,151,0.45,-19.0
2012,150,0.45,-18.0
2012,149,0.46,-16.5
2012,148,0.45,-17.0
2012,147,0.45,-17.5
2012,146,0.45,-16.5
2012,145,0.45,-16.5
2012,144,0.44,-17.5
2012,143,0.45,-16.5
2012,142,0.45,-15.5
2012,141,0.45,-16.5
2012,140,0.45,-15.5
2012,139,0.45,-15.5
2012,138,0.46,-15.0
2012,137,0.46,-14.0
2012,136,0.46,-15.0
2012,135,0.46,-15.0
2012,134,0.46,-15.0
2012,133,0.47,-14.0
2012,132,0.47,-14.0
2012,131,0.47,-13.5
2012,130,0.48,-13.5
2012,129,0.48,-12.5
2012,128,0.48,-13.5
2012,127,0.47,-13.5
2012,126,0.48,-13.5
2012,125,0.47,-13.5
2012,124,0.48,-13.0
2012,123,0.48,-13.0
2012,122,0.48,-13.5
2012,121,0.49,-12.5
2012,120,0.48,-13.5
2012,119,0.49,-12.5
2012,118,0.48,-13.5
2012,117,0.49,-12.5
2012,116,0.49,-11.0
2012,115,0.49,-12.0
2012,114,0.49,-11.0
2012,113,0.49,-11.0
2012,112,0.49,-10.0
2012,111,0.5,-9.0
2012,110,0.5,-9.0
2012,109,0.5,-10.0
2012,108,0.49,-10.0
2012,107,0.5,-10.0
2012,106,0.5,-9.0
2012,105,0.5,-8.5
2012,104,0.51,-7.5
2012,103,0.5,-8.5
2012,102,0.5,-9.5
2012,101,0.5,-10.5
2012,100,0.49,-11.5
2012,99,0.49,-10.5
2012,98,0.5,-9.5
2012,97,0.49,-10.5
2012,96,0.5,-9.5
2012,95,0.51,-9.5
2012,94,0.51,-9.5
2012,93,0.52,-9.5
2012,92,0.51,-10.5
2012,91,0.51,-10.5
2012,90,0.51,-9.5
2012,89,0.51,-9.5
2012,88,0.5,-10.5
2012,87,0.51,-9.5
2012,86,0.5,-9.5
2012,85,0.51,-8.5
2012,84,0.5,-8.5
2012,83,0.51,-8.5
2012,82,0.51,-7.5
2012,81,0.52,-6.5
2012,80,0.52,-6.5
2012,79,0.53,-6.5
2012,78,0.53,-6.5
2012,77,0.53,-5.5
2012,76,0.53,-6.5
2012,75,0.53,-6.5
2012,74,0.53,-6.5
2012,73,0.52,-6.5
2012,72,0.53,-5.5
2012,71,0.52,-5.5
2012,70,0.51,-5.5
2012,69,0.52,-5.5
2012,68,0.51,-6.0
2012,67,0.51,-7.0
2012,66,0.5,-7.5
2012,65,0.49,-7.5
2012,64,0.48,-7.5
2012,63,0.49,-6.5
2012,62,0.48,-6.5
2012,61,0.48,-6.5
2012,60,0.48,-6.0
2012,59,0.49,-5.0
2012,58,0.5,-4.0
2012,57,0.51,-3.0
2012,56,0.5,-4.0
2012,55,0.51,-3.0
2012,54,0.52,-3.0
2012,53,0.53,-2.0
2012,52,0.52,-3.0
2012,51,0.51,-3.0
2012,50,0.52,-2.5
2012,49,0.51,-3.5
2012,48,0.5,-4.5
2012,47,0.49,-5.5
2012,46,0.5,-5.5
2012,45,0.49,-6.5
2012,44,0.5,-5.5
2012,43,0.49,-6.5
2012,42,0.5,-5.5
2012,41,0.49,-6.5
2012,40,0.48,-7.5
2012,39,0.46,-7.5
2012,38,0.47,-6.5
2012,37,0.46,-6.5
2012,36,0.47,-5.5
2012,35,0.46,-5.5
2012,34,0.44,-6.5
2012,33,0.42,-7.5
2012,32,0.41,-7.5
2012,31,0.39,-7.5
2012,30,0.4,-7.5
2012,29,0.41,-6.5
2012,28,0.43,-6.5
2012,27,0.41,-7.5
2012,26,0.42,-7.0
2012,25,0.44,-7.0
2012,24,0.46,-5.5
2012,23,0.48,-4.5
2012,22,0.5,-3.5
2012,21,0.48,-3.5
2012,20,0.5,-2.5
2012,19,0.47,-3.5
2012,18,0.44,-3.5
2012,17,0.41,-3.5
2012,16,0.38,-3.5
2012,15,0.33,-4.5
2012,14,0.29,-4.5
2012,13,0.31,-3.5
2012,12,0.33,-3.0
2012,11,0.36,-3.0
2012,10,0.4,-2.0
2012,9,0.44,-1.0
2012,8,0.38,-2.0
2012,7,0.29,-2.0
2012,6,0.17,-3.5
2012,5,0.2,-2.5
2012,4,0.25,-2.5
2012,3,0.0,-3.0
2012,2,0.0,-2.0
2012,1,0.0,-1.0
2011,162,0.56,-7.0
2011,161,0.56,-7.0
2011,160,0.56,-8.0
2011,159,0.56,-8.0
2011,158,0.56,-8.0
2011,157,0.56,-8.0
2011,156,0.56,-7.5
2011,155,0.57,-6.0
2011,154,0.57,-5.0
2011,153,0.57,-5.0
2011,152,0.57,-4.5
2011,151,0.58,-4.5
2011,150,0.58,-3.5
2011,149,0.58,-4.5
2011,148,0.58,-4.0
2011,147,0.59,-4.0
2011,146,0.58,-3.5
2011,145,0.59,-2.5
2011,144,0.59,-2.5
2011,143,0.59,-2.5
2011,142,0.6,-2.5
2011,141,0.6,-2.5
2011,140,0.6,-2.5
2011,139,0.6,-1.5
2011,138,0.61,-0.5
2011,137,0.61,-0.5
2011,136,0.61,0.5
2011,135,0.61,1.5
2011,134,0.61,0.5
2011,133,0.62,2.0
2011,132,0.61,2.0
2011,131,0.61,1.0
2011,130,0.62,1.0
2011,129,0.61,1.0
2011,128,0.61,0.0
2011,127,0.61,-1.0
2011,126,0.61,-0.5
2011,125,0.61,-0.5
2011,124,0.61,-0.5
2011,123,0.61,-0.5
2011,122,0.61,-0.5
2011,121,0.61,-0.5
2011,120,0.62,-0.5
2011,119,0.61,0.5
2011,118,0.62,1.0
2011,117,0.62,2.0
2011,116,0.62,1.5
2011,115,0.63,2.5
2011,114,0.62,1.5
2011,113,0.62,1.0
2011,112,0.62,0.0
2011,111,0.61,-1.0
2011,110,0.62,0.0
2011,109,0.62,1.0
2011,108,0.62,1.0
2011,107,0.62,1.0
2011,106,0.62,2.0
2011,105,0.62,2.0
2011,104,0.62,2.5
2011,103,0.62,2.5
2011,102,0.63,3.0
2011,101,0.62,2.0
2011,100,0.62,2.0
2011,99,0.63,3.0
2011,98,0.62,3.0
2011,97,0.62,2.0
2011,96,0.61,1.5
2011,95,0.61,1.5
2011,94,0.62,1.5
2011,93,0.61,1.5
2011,92,0.61,1.5
2011,91,0.6,1.5
2011,90,0.61,1.0
2011,89,0.61,1.0
2011,88,0.6,1.0
2011,87,0.6,0.5
2011,86,0.59,-0.5
2011,85,0.59,-1.5
2011,84,0.58,-1.5
2011,83,0.59,-1.5
2011,82,0.59,-2.5
2011,81,0.58,-2.5
2011,80,0.57,-2.5
2011,79,0.57,-2.5
2011,78,0.58,-1.5
2011,77,0.58,-0.5
2011,76,0.58,-0.5
2011,75,0.59,0.5
2011,74,0.59,0.5
2011,73,0.6,1.0
2011,72,0.61,1.5
2011,71,0.61,1.5
2011,70,0.6,1.5
2011,69,0.61,2.5
2011,68,0.6,1.5
2011,67,0.6,1.5
2011,66,0.59,1.5
2011,65,0.6,2.0
2011,64,0.59,2.0
2011,63,0.59,2.0
2011,62,0.58,2.0
2011,61,0.57,1.0
2011,60,0.57,0.0
2011,59,0.56,-1.0
2011,58,0.55,-1.0
2011,57,0.54,-1.0
2011,56,0.54,-2.0
2011,55,0.55,-1.0
2011,54,0.56,0.0
2011,53,0.57,1.0
2011,52,0.58,1.0
2011,51,0.57,1.0
2011,50,0.56,0.0
2011,49,0.55,-0.5
2011,48,0.54,-0.5
2011,47,0.53,-0.5
2011,46,0.54,-0.5
2011,45,0.53,-0.5
2011,44,0.55,-0.5
2011,43,0.53,-1.5
2011,42,0.52,-2.5
2011,41,0.51,-3.0
2011,40,0.5,-3.0
2011,39,0.49,-4.0
2011,38,0.47,-5.0
2011,37,0.46,-4.5
2011,36,0.47,-4.5
2011,35,0.49,-3.5
2011,34,0.47,-4.0
2011,33,0.45,-4.0
2011,32,0.44,-5.0
2011,31,0.45,-4.0
2011,30,0.47,-4.0
2011,29,0.48,-4.0
2011,28,0.46,-5.0
2011,27,0.44,-5.0
2011,26,0.42,-5.0
2011,25,0.44,-4.0
2011,24,0.46,-4.0
2011,23,0.43,-4.0
2011,22,0.45,-3.0
2011,21,0.48,-3.5
2011,20,0.45,-3.5
2011,19,0.42,-3.5
2011,18,0.39,-4.0
2011,17,0.35,-4.5
2011,16,0.31,-4.5
2011,15,0.33,-4.5
2011,14,0.29,-5.0
2011,13,0.23,-5.0
2011,12,0.17,-5.0
2011,11,0.18,-5.0
2011,10,0.2,-4.5
2011,9,0.22,-4.0
2011,8,0.12,-5.0
2011,7,0.14,-4.5
2011,6,0.0,-5.0
2011,5,0.0,-4.0
2011,4,0.0,-4.0
2011,3,0.0,-3.0
2011,2,0.0,-2.0
2011,1,0.0,-1.0
2010,162,0.55,-7.0
2010,161,0.55,-7.0
2010,160,0.54,-7.0
2010,159,0.55,-7.0
2010,158,0.55,-7.0
2010,157,0.55,-7.0
2010,156,0.56,-6.0
2010,155,0.55,-7.0
2010,154,0.56,-7.0
2010,153,0.56,-7.0
2010,152,0.55,-8.0
2010,151,0.55,-9.0
2010,150,0.55,-8.0
2010,149,0.56,-7.0
2010,148,0.55,-8.0
2010,147,0.56,-7.0
2010,146,0.56,-6.5
2010,145,0.56,-7.0
2010,144,0.56,-7.5
2010,143,0.55,-8.0
2010,142,0.55,-9.0
2010,141,0.55,-9.0
2010,140,0.56,-9.0
2010,139,0.55,-9.0
2010,138,0.56,-9.0
2010,137,0.55,-10.0
2010,135,0.56,-10.0
2010,136,0.56,-10.0
2010,134,0.57,-8.0
2010,133,0.56,-8.0
2010,132,0.56,-8.0
2010,131,0.56,-6.5
2010,130,0.57,-5.5
2010,129,0.57,-4.5
2010,128,0.57,-5.5
2010,127,0.57,-5.5
2010,126,0.57,-5.5
2010,125,0.57,-6.5
2010,124,0.56,-6.5
2010,123,0.56,-6.5
2010,122,0.57,-6.5
2010,121,0.57,-5.5
2010,120,0.57,-5.5
2010,119,0.56,-6.0
2010,118,0.57,-6.0
2010,117,0.56,-6.0
2010,116,0.57,-6.0
2010,115,0.57,-5.0
2010,114,0.57,-5.0
2010,113,0.57,-6.0
2010,112,0.56,-7.0
2010,111,0.57,-6.0
2010,110,0.57,-5.0
2010,109,0.57,-6.0
2010,108,0.56,-6.5
2010,107,0.57,-6.5
2010,106,0.57,-6.5
2010,105,0.57,-6.5
2010,104,0.57,-7.5
2010,103,0.56,-7.5
2010,102,0.57,-7.0
2010,101,0.56,-7.0
2010,100,0.56,-8.0
2010,99,0.56,-8.0
2010,98,0.56,-7.0
2010,97,0.57,-7.0
2010,96,0.56,-7.0
2010,95,0.56,-7.0
2010,94,0.56,-6.0
2010,93,0.57,-6.0
2010,92,0.57,-6.5
2010,91,0.57,-5.5
2010,90,0.57,-6.5
2010,89,0.57,-5.5
2010,88,0.58,-5.0
2010,87,0.57,-5.0
2010,86,0.58,-5.0
2010,85,0.58,-4.5
2010,84,0.58,-3.5
2010,83,0.59,-2.5
2010,82,0.6,-1.5
2010,81,0.6,-0.5
2010,80,0.6,-0.5
2010,79,0.59,-1.0
2010,78,0.6,-1.0
2010,77,0.6,-2.0
2010,76,0.59,-2.0
2010,75,0.59,-3.0
2010,74,0.59,-2.0
2010,73,0.59,-2.5
2010,72,0.6,-1.5
2010,71,0.61,-1.0
2010,70,0.6,-1.0
2010,69,0.59,-1.0
2010,68,0.59,-2.0
2010,67,0.58,-3.0
2010,66,0.58,-4.0
2010,65,0.57,-4.0
2010,64,0.58,-4.0
2010,63,0.57,-4.0
2010,62,0.56,-5.0
2010,61,0.57,-5.0
2010,60,0.58,-4.0
2010,59,0.58,-4.0
2010,58,0.57,-4.5
2010,57,0.58,-3.5
2010,56,0.57,-4.5
2010,55,0.56,-5.5
2010,54,0.57,-5.0
2010,53,0.57,-5.0
2010,52,0.56,-5.5
2010,51,0.55,-6.5
2010,50,0.54,-6.5
2010,49,0.55,-6.5
2010,48,0.56,-5.5
2010,47,0.55,-6.5
2010,46,0.54,-7.5
2010,45,0.53,-8.5
2010,44,0.52,-8.5
2010,43,0.51,-8.5
2010,42,0.52,-8.5
2010,41,0.51,-8.5
2010,40,0.5,-8.5
2010,39,0.49,-8.5
2010,38,0.5,-7.5
2010,37,0.51,-6.5
2010,36,0.53,-5.5
2010,35,0.51,-6.5
2010,34,0.53,-5.5
2010,33,0.52,-5.5
2010,32,0.5,-6.5
2010,31,0.48,-7.5
2010,30,0.5,-7.5
2010,29,0.52,-6.5
2010,28,0.5,-6.5
2010,27,0.48,-6.5
2010,26,0.46,-6.5
2010,25,0.44,-7.0
2010,24,0.46,-6.0
2010,23,0.48,-6.0
2010,22,0.5,-5.5
2010,21,0.48,-5.5
2010,20,0.45,-5.5
2010,19,0.42,-6.0
2010,18,0.44,-5.0
2010,17,0.41,-5.0
2010,16,0.38,-6.0
2010,15,0.4,-5.5
2010,14,0.36,-5.5
2010,13,0.31,-6.0
2010,12,0.33,-5.0
2010,11,0.36,-4.0
2010,10,0.4,-3.0
2010,9,0.44,-2.5
2010,8,0.5,-1.5
2010,7,0.43,-2.0
2010,6,0.5,-2.0
2010,5,0.4,-2.0
2010,4,0.25,-2.0
2010,3,0.33,-1.5
2010,2,0.5,-0.5
2010,1,1.0,0.5
2009,162,0.59,-8.0
2009,161,0.58,-8.0
2009,160,0.58,-9.0
2009,159,0.58,-10.0
2009,158,0.58,-10.5
2009,157,0.58,-10.5
2009,156,0.58,-9.5
2009,155,0.59,-8.5
2009,154,0.59,-7.5
2009,153,0.59,-6.5
2009,152,0.6,-5.5
2009,151,0.6,-6.0
2009,150,0.59,-6.0
2009,149,0.6,-5.0
2009,148,0.6,-5.0
2009,147,0.6,-6.0
2009,146,0.6,-6.0
2009,145,0.59,-7.0
2009,144,0.6,-6.5
2009,143,0.59,-6.5
2009,142,0.59,-7.0
2009,141,0.59,-7.0
2009,140,0.59,-7.5
2009,139,0.58,-9.0
2009,138,0.58,-9.0
2009,137,0.58,-9.0
2009,136,0.58,-7.5
2009,135,0.58,-8.5
2009,134,0.58,-7.5
2009,133,0.59,-7.5
2009,132,0.58,-7.5
2009,131,0.59,-6.5
2009,130,0.58,-6.0
2009,129,0.58,-6.0
2009,128,0.58,-6.0
2009,127,0.57,-6.0
2009,126,0.58,-6.0
2009,125,0.58,-6.0
2009,124,0.57,-7.0
2009,123,0.57,-7.5
2009,122,0.57,-6.5
2009,121,0.57,-7.5
2009,120,0.57,-6.5
2009,119,0.57,-7.0
2009,118,0.57,-7.0
2009,117,0.56,-7.5
2009,116,0.57,-7.5
2009,115,0.57,-6.5
2009,114,0.57,-6.5
2009,113,0.58,-5.5
2009,112,0.57,-5.5
2009,111,0.57,-5.5
2009,110,0.56,-6.5
2009,109,0.57,-5.5
2009,108,0.57,-4.5
2009,107,0.58,-3.5
2009,106,0.58,-2.5
2009,105,0.59,-1.5
2009,104,0.6,-0.5
2009,103,0.59,-0.5
2009,102,0.59,-1.5
2009,101,0.58,-2.5
2009,100,0.58,-3.5
2009,99,0.59,-2.5
2009,98,0.59,-2.5
2009,97,0.59,-2.5
2009,96,0.59,-1.5
2009,95,0.59,-2.5
2009,94,0.59,-2.0
2009,93,0.59,-1.0
2009,92,0.6,0.0
2009,91,0.6,1.0
2009,90,0.61,2.0
2009,89,0.62,3.0
2009,88,0.61,3.0
2009,87,0.61,2.0
2009,86,0.6,1.0
2009,85,0.6,0.0
2009,84,0.61,1.0
2009,83,0.6,1.0
2009,82,0.6,1.0
2009,81,0.6,1.0
2009,80,0.6,1.0
2009,79,0.61,2.0
2009,78,0.62,2.5
2009,77,0.61,2.5
2009,76,0.62,3.5
2009,75,0.61,3.0
2009,74,0.62,4.0
2009,73,0.62,4.0
2009,72,0.61,4.0
2009,71,0.62,5.0
2009,70,0.61,5.0
2009,69,0.61,4.0
2009,68,0.6,3.0
2009,67,0.6,2.0
2009,66,0.61,3.0
2009,65,0.62,3.0
2009,64,0.61,2.0
2009,63,0.6,2.0
2009,62,0.61,3.0
2009,61,0.61,2.0
2009,60,0.6,2.0
2009,59,0.59,1.0
2009,58,0.59,0.0
2009,57,0.58,-0.5
2009,56,0.59,0.5
2009,55,0.58,-0.5
2009,54,0.59,0.0
2009,53,0.58,0.0
2009,52,0.58,-1.0
2009,51,0.57,-0.5
2009,50,0.56,-1.5
2009,49,0.57,-0.5
2009,48,0.58,0.5
2009,47,0.57,0.0
2009,46,0.59,1.0
2009,45,0.6,1.0
2009,44,0.59,0.5
2009,43,0.58,-0.5
2009,42,0.6,-0.5
2009,41,0.61,-0.5
2009,40,0.6,-1.5
2009,39,0.59,-2.5
2009,38,0.58,-3.0
2009,37,0.59,-2.0
2009,36,0.58,-2.0
2009,35,0.6,-1.0
2009,34,0.62,-1.0
2009,33,0.64,-1.0
2009,32,0.62,-1.0
2009,31,0.61,-1.0
2009,30,0.63,0.0
2009,29,0.62,-1.0
2009,28,0.61,-2.0
2009,27,0.63,-1.0
2009,26,0.62,-1.0
2009,25,0.6,-2.0
2009,24,0.62,-1.0
2009,23,0.61,-1.0
2009,22,0.64,0.0
2009,21,0.67,0.0
2009,20,0.65,-1.0
2009,19,0.68,0.0
2009,18,0.67,-1.0
2009,17,0.65,-1.0
2009,16,0.62,-2.0
2009,15,0.6,-1.5
2009,14,0.57,-1.5
2009,13,0.54,-2.5
2009,12,0.5,-3.0
2009,11,0.45,-3.0
2009,10,0.4,-3.0
2009,9,0.33,-3.5
2009,8,0.25,-4.0
2009,7,0.29,-3.5
2009,6,0.33,-2.5
2009,5,0.4,-2.5
2009,4,0.25,-2.5
2009,3,0.33,-1.5
2009,2,0.5,-1.0
2009,1,1.0,-0.5
2008,162,0.59,-2.0
2008,161,0.58,-2.0
2008,160,0.59,-2.0
2008,159,0.59,-2.0
2008,158,0.59,-3.0
2008,157,0.59,-3.0
2008,156,0.58,-2.5
2008,155,0.59,-1.5
2008,154,0.58,-2.5
2008,153,0.59,-1.5
2008,152,0.59,-2.0
2008,151,0.59,-1.0
2008,150,0.59,0.0
2008,149,0.59,-1.0
2008,147,0.59,-2.0
2008,148,0.59,-2.0
2008,146,0.59,-2.0
2008,145,0.59,-2.5
2008,144,0.59,-1.5
2008,143,0.59,-0.5
2008,142,0.59,-1.5
2008,141,0.59,-2.5
2008,140,0.59,-2.5
2008,139,0.59,-3.0
2008,138,0.59,-4.0
2008,137,0.58,-5.0
2008,136,0.58,-5.5
2008,135,0.59,-4.5
2008,134,0.58,-4.5
2008,133,0.58,-4.5
2008,132,0.58,-3.5
2008,131,0.58,-3.5
2008,130,0.58,-4.5
2008,129,0.57,-5.5
2008,128,0.58,-4.5
2008,127,0.57,-4.5
2008,126,0.58,-4.5
2008,125,0.58,-4.5
2008,124,0.57,-4.5
2008,123,0.58,-3.5
2008,122,0.58,-3.0
2008,121,0.58,-3.0
2008,120,0.57,-3.0
2008,119,0.57,-4.0
2008,118,0.57,-4.5
2008,117,0.57,-3.5
2008,116,0.57,-3.5
2008,115,0.57,-3.0
2008,114,0.57,-3.0
2008,113,0.57,-3.0
2008,112,0.57,-3.0
2008,111,0.57,-3.0
2008,110,0.56,-3.0
2008,109,0.56,-3.0
2008,108,0.56,-2.0
2008,107,0.57,-1.0
2008,106,0.58,-1.0
2008,105,0.57,-2.0
2008,104,0.58,-1.0
2008,103,0.58,-0.5
2008,102,0.58,-0.5
2008,101,0.57,-1.5
2008,100,0.57,-1.5
2008,99,0.58,-1.5
2008,98,0.58,-0.5
2008,97,0.59,0.5
2008,96,0.58,-0.5
2008,95,0.58,-1.5
2008,94,0.59,-2.0
2008,93,0.58,-3.0
2008,92,0.58,-4.0
2008,91,0.57,-5.0
2008,90,0.58,-4.0
2008,89,0.58,-3.0
2008,88,0.58,-3.0
2008,87,0.57,-3.5
2008,86,0.58,-2.5
2008,85,0.59,-1.5
2008,84,0.6,-0.5
2008,83,0.6,0.5
2008,82,0.61,0.5
2008,81,0.6,1.0
2008,80,0.6,1.0
2008,79,0.59,1.0
2008,78,0.6,1.5
2008,77,0.6,0.5
2008,76,0.61,1.5
2008,75,0.61,2.0
2008,74,0.61,2.0
2008,73,0.6,2.0
2008,72,0.61,2.5
2008,71,0.61,1.5
2008,70,0.6,1.5
2008,69,0.61,2.5
2008,68,0.6,2.0
2008,67,0.6,1.0
2008,66,0.61,1.5
2008,65,0.6,0.5
2008,64,0.59,0.5
2008,63,0.6,1.5
2008,62,0.6,0.5
2008,61,0.59,-0.5
2008,60,0.58,-1.5
2008,59,0.59,-1.0
2008,58,0.59,-1.0
2008,57,0.58,-1.0
2008,56,0.57,-1.5
2008,55,0.58,-0.5
2008,54,0.59,-0.5
2008,53,0.58,-0.5
2008,52,0.6,0.5
2008,51,0.61,1.5
2008,50,0.62,2.5
2008,49,0.61,2.0
2008,48,0.6,1.0
2008,47,0.6,1.0
2008,46,0.59,1.0
2008,44,0.57,0.0
2008,45,0.58,0.0
2008,43,0.56,-0.5
2008,42,0.57,-0.5
2008,41,0.59,0.5
2008,40,0.6,1.5
2008,39,0.62,2.5
2008,38,0.61,2.5
2008,37,0.62,3.5
2008,36,0.61,3.5
2008,35,0.63,3.5
2008,34,0.62,3.5
2008,33,0.61,2.5
2008,32,0.59,1.5
2008,31,0.58,0.5
2008,30,0.57,0.0
2008,29,0.59,0.5
2008,28,0.57,-0.5
2008,27,0.56,0.0
2008,26,0.58,0.0
2008,25,0.6,0.5
2008,24,0.62,1.0
2008,23,0.65,2.0
2008,22,0.68,3.0
2008,21,0.67,2.0
2008,20,0.65,1.5
2008,19,0.63,0.5
2008,18,0.61,0.5
2008,17,0.59,0.5
2008,16,0.56,0.0
2008,15,0.6,0.5
2008,14,0.57,-0.5
2008,13,0.54,-0.5
2008,12,0.5,-1.5
2008,11,0.45,-1.5
2008,10,0.5,-1.5
2008,9,0.44,-3.0
2008,8,0.5,-2.5
2008,7,0.43,-2.0
2008,6,0.5,-1.0
2008,5,0.6,0.0
2008,4,0.75,1.0
2008,3,0.67,0.0
2008,2,0.5,0.0
2008,1,1.0,0.5
2007,162,0.59,2.0
2007,161,0.6,3.0
2007,160,0.59,3.0
2007,159,0.59,2.0
2007,158,0.59,3.0
2007,157,0.59,3.0
2007,156,0.59,1.5
2007,155,0.59,2.5
2007,154,0.59,2.5
2007,153,0.59,1.5
2007,152,0.59,2.5
2007,151,0.6,3.5
2007,150,0.6,4.5
2007,149,0.6,5.5
2007,148,0.6,4.5
2007,147,0.61,5.0
2007,146,0.6,5.0
2007,145,0.6,5.0
2007,144,0.6,5.5
2007,143,0.6,5.5
2007,142,0.61,6.5
2007,141,0.6,6.5
2007,140,0.6,6.0
2007,139,0.6,7.0
2007,138,0.6,7.0
2007,137,0.6,6.0
2007,136,0.6,5.0
2007,135,0.59,5.0
2007,134,0.6,5.0
2007,133,0.6,6.0
2007,132,0.61,7.0
2007,131,0.61,7.5
2007,130,0.61,6.5
2007,128,0.6,6.5
2007,129,0.6,6.5
2007,127,0.6,5.0
2007,126,0.6,6.0
2007,125,0.6,5.0
2007,124,0.6,4.0
2007,123,0.6,5.0
2007,122,0.6,5.0
2007,121,0.6,5.0
2007,120,0.6,5.0
2007,119,0.61,5.0
2007,118,0.6,4.0
2007,117,0.6,4.0
2007,116,0.6,5.0
2007,115,0.6,5.0
2007,114,0.61,6.0
2007,113,0.6,5.0
2007,112,0.61,6.0
2007,111,0.61,7.0
2007,110,0.61,7.0
2007,109,0.61,7.0
2007,108,0.61,8.0
2007,107,0.61,7.0
2007,106,0.6,7.0
2007,105,0.61,8.0
2007,104,0.62,9.0
2007,103,0.61,8.0
2007,102,0.61,7.0
2007,101,0.6,6.0
2007,100,0.61,7.0
2007,99,0.61,7.0
2007,98,0.6,7.0
2007,97,0.6,7.0
2007,96,0.59,7.5
2007,95,0.59,6.5
2007,94,0.6,6.5
2007,93,0.6,7.5
2007,92,0.61,8.5
2007,91,0.6,8.5
2007,90,0.61,9.5
2007,89,0.61,9.5
2007,88,0.61,9.5
2007,87,0.61,9.5
2007,86,0.62,10.5
2007,85,0.62,10.5
2007,84,0.63,11.5
2007,83,0.63,11.5
2007,82,0.62,10.5
2007,81,0.62,10.5
2007,80,0.61,10.5
2007,79,0.62,10.5
2007,78,0.63,10.5
2007,77,0.62,9.0
2007,76,0.63,10.0
2007,75,0.64,10.0
2007,74,0.65,11.0
2007,73,0.64,10.5
2007,72,0.65,10.5
2007,71,0.65,10.0
2007,70,0.64,9.0
2007,69,0.64,8.0
2007,68,0.65,8.5
2007,67,0.64,8.5
2007,66,0.64,8.5
2007,65,0.63,7.5
2007,64,0.64,8.5
2007,63,0.65,9.5
2007,62,0.65,9.5
2007,61,0.66,10.5
2007,60,0.65,10.5
2007,59,0.64,10.0
2007,58,0.64,9.0
2007,57,0.65,9.0
2007,56,0.66,10.0
2007,55,0.67,10.5
2007,54,0.69,11.0
2007,53,0.68,10.0
2007,52,0.69,10.5
2007,51,0.71,11.5
2007,50,0.7,11.5
2007,49,0.69,11.5
2007,48,0.69,11.0
2007,47,0.68,10.5
2007,46,0.67,9.5
2007,45,0.69,10.5
2007,44,0.68,9.5
2007,43,0.7,10.5
2007,41,0.71,9.5
2007,42,0.69,9.5
2007,39,0.69,9.5
2007,40,0.7,9.5
2007,38,0.68,8.0
2007,37,0.7,8.5
2007,36,0.69,8.0
2007,35,0.69,7.0
2007,34,0.68,6.0
2007,33,0.7,7.0
2007,32,0.69,6.0
2007,31,0.68,6.0
2007,30,0.67,5.5
2007,29,0.66,5.5
2007,28,0.68,6.5
2007,27,0.67,5.5
2007,26,0.65,4.5
2007,25,0.64,3.5
2007,24,0.67,4.0
2007,23,0.65,3.5
2007,22,0.68,4.0
2007,21,0.67,3.0
2007,20,0.65,2.5
2007,19,0.63,1.5
2007,18,0.67,1.5
2007,17,0.71,1.5
2007,16,0.69,1.5
2007,15,0.67,1.5
2007,14,0.64,1.0
2007,13,0.62,0.5
2007,12,0.58,-0.5
2007,11,0.64,0.5
2007,10,0.6,0.5
2007,9,0.56,-0.5
2007,8,0.5,-1.0
2007,7,0.57,0.0
2007,6,0.5,-0.5
2007,5,0.4,-0.5
2007,4,0.5,-0.5
2007,3,0.67,0.5
2007,2,0.5,-0.5
2007,1,0.0,-1.0
2006,162,0.53,-11.0
2006,161,0.53,-12.0
2006,160,0.53,-12.0
2006,159,0.53,-12.5
2006,158,0.53,-11.5
2006,157,0.53,-11.5
2006,156,0.53,-10.5
2006,155,0.54,-10.5
2006,154,0.54,-10.5
2006,153,0.54,-10.5
2006,152,0.53,-11.0
2006,151,0.54,-11.0
2006,150,0.54,-9.5
2006,149,0.54,-9.5
2006,147,0.54,-11.5
2006,148,0.53,-11.5
2006,146,0.53,-11.5
2006,145,0.53,-11.5
2006,144,0.53,-10.5
2006,143,0.53,-10.0
2006,142,0.53,-10.0
2006,141,0.53,-9.0
2006,140,0.54,-9.0
2006,139,0.54,-8.0
2006,138,0.54,-9.0
2006,137,0.53,-9.0
2006,136,0.54,-8.0
2006,135,0.54,-8.0
2006,134,0.54,-8.0
2006,133,0.53,-8.0
2006,132,0.54,-7.5
2006,131,0.54,-7.0
2006,130,0.55,-6.5
2006,129,0.55,-5.5
2006,128,0.55,-5.5
2006,127,0.56,-5.5
2006,126,0.56,-6.5
2006,125,0.55,-6.5
2006,124,0.56,-6.5
2006,123,0.56,-5.5
2006,122,0.57,-4.5
2006,120,0.57,-3.5
2006,121,0.57,-3.5
2006,119,0.58,-2.0
2006,118,0.58,-3.0
2006,117,0.58,-2.0
2006,116,0.59,-1.0
2006,115,0.58,-2.0
2006,114,0.58,-2.0
2006,113,0.58,-3.0
2006,112,0.58,-3.0
2006,111,0.59,-2.0
2006,110,0.59,-2.0
2006,109,0.6,-1.0
2006,108,0.6,-1.0
2006,107,0.6,-1.0
2006,106,0.6,0.0
2006,105,0.6,0.0
2006,104,0.61,1.0
2006,103,0.6,0.5
2006,102,0.61,1.5
2006,101,0.6,0.5
2006,100,0.61,1.5
2006,99,0.62,2.5
2006,98,0.61,2.5
2006,97,0.61,2.5
2006,96,0.61,2.5
2006,95,0.62,3.5
2006,94,0.62,2.5
2006,93,0.61,1.5
2006,92,0.61,0.5
2006,91,0.6,0.5
2006,90,0.6,0.5
2006,89,0.61,1.5
2006,88,0.6,1.5
2006,87,0.61,2.5
2006,86,0.62,3.0
2006,85,0.62,3.0
2006,84,0.62,3.0
2006,83,0.61,3.0
2006,82,0.61,3.0
2006,81,0.62,4.0
2006,80,0.62,4.0
2006,79,0.63,4.0
2006,78,0.63,4.0
2006,77,0.62,3.0
2006,76,0.63,4.0
2006,75,0.63,3.5
2006,74,0.62,3.5
2006,73,0.62,2.5
2006,72,0.61,2.5
2006,71,0.61,2.0
2006,70,0.6,2.0
2006,69,0.59,2.0
2006,68,0.59,2.0
2006,67,0.58,1.0
2006,66,0.58,0.0
2006,65,0.57,-1.0
2006,64,0.56,-1.0
2006,63,0.57,-1.0
2006,62,0.58,0.0
2006,61,0.59,1.0
2006,60,0.6,1.0
2006,59,0.59,0.5
2006,58,0.6,0.5
2006,57,0.6,-0.5
2006,56,0.59,-1.5
2006,55,0.6,-0.5
2006,54,0.61,0.5
2006,53,0.6,-0.5
2006,52,0.62,0.5
2006,51,0.61,0.0
2006,50,0.6,0.0
2006,49,0.61,1.0
2006,48,0.62,2.0
2006,47,0.62,2.0
2006,46,0.61,2.0
2006,45,0.6,1.0
2006,44,0.59,0.5
2006,43,0.6,1.5
2006,42,0.62,2.5
2006,41,0.61,1.5
2006,40,0.62,1.5
2006,39,0.62,1.5
2006,38,0.61,0.0
2006,37,0.62,1.0
2006,36,0.61,1.0
2006,35,0.6,0.0
2006,34,0.62,1.0
2006,33,0.61,0.0
2006,32,0.62,1.0
2006,31,0.61,0.0
2006,30,0.6,0.0
2006,29,0.59,0.0
2006,28,0.57,0.0
2006,27,0.56,0.0
2006,26,0.58,1.0
2006,25,0.56,0.0
2006,24,0.58,1.0
2006,23,0.57,0.0
2006,22,0.59,1.0
2006,21,0.62,1.0
2006,20,0.65,2.0
2006,19,0.63,1.5
2006,18,0.61,0.5
2006,17,0.65,0.5
2006,16,0.69,1.5
2006,15,0.73,2.5
2006,14,0.71,2.5
2006,13,0.69,1.5
2006,12,0.67,1.5
2006,11,0.64,0.5
2006,10,0.7,1.0
2006,9,0.67,1.0
2006,8,0.75,2.0
2006,7,0.86,2.5
2006,6,0.83,2.0
2006,5,0.8,1.0
2006,4,0.75,1.0
2006,3,0.67,-0.5
2006,2,0.5,-0.5
2006,1,1.0,0.0
2005,162,0.59,0.0
2005,161,0.58,-1.0
2005,160,0.59,0.0
2005,159,0.58,-1.0
2005,158,0.58,-1.0
2005,157,0.59,0.0
2005,156,0.59,0.0
2005,155,0.59,0.0
2005,154,0.58,0.0
2005,153,0.58,-1.0
2005,152,0.58,-0.5
2005,151,0.58,0.5
2005,150,0.58,0.5
2005,149,0.58,1.5
2005,148,0.59,1.5
2005,147,0.59,1.5
2005,146,0.58,1.5
2005,145,0.59,2.5
2005,144,0.58,2.5
2005,143,0.59,3.5
2005,142,0.58,3.0
2005,141,0.59,4.0
2005,140,0.59,3.0
2005,139,0.59,4.0
2005,138,0.59,4.0
2005,137,0.59,4.0
2005,136,0.59,3.0
2005,135,0.59,3.5
2005,134,0.59,3.5
2005,133,0.59,3.5
2005,132,0.59,3.5
2005,131,0.59,2.5
2005,130,0.58,2.5
2005,129,0.58,1.5
2005,128,0.58,1.5
2005,127,0.57,1.5
2005,126,0.58,2.5
2005,125,0.58,2.5
2005,124,0.58,3.5
2005,123,0.59,3.5
2005,122,0.58,4.0
2005,121,0.58,3.0
2005,120,0.58,4.0
2005,119,0.58,4.0
2005,118,0.58,4.5
2005,117,0.59,4.5
2005,116,0.59,3.5
2005,115,0.59,5.0
2005,114,0.59,5.0
2005,113,0.58,5.5
2005,112,0.58,4.5
2005,111,0.58,3.5
2005,110,0.57,3.5
2005,109,0.57,3.5
2005,108,0.57,3.5
2005,107,0.58,4.5
2005,106,0.58,4.5
2005,105,0.57,3.5
2005,104,0.57,2.5
2005,103,0.56,2.5
2005,102,0.56,2.5
2005,101,0.55,2.0
2005,100,0.55,1.0
2005,99,0.55,1.0
2005,98,0.55,1.5
2005,97,0.56,2.5
2005,96,0.55,1.5
2005,95,0.56,1.5
2005,94,0.55,0.5
2005,93,0.55,0.5
2005,92,0.54,-0.5
2005,91,0.55,0.5
2005,90,0.56,1.0
2005,89,0.56,1.0
2005,88,0.56,1.0
2005,87,0.56,2.0
2005,86,0.57,3.0
2005,85,0.58,3.5
2005,84,0.57,3.0
2005,83,0.58,4.0
2005,82,0.57,3.5
2005,81,0.57,2.5
2005,80,0.57,2.5
2005,79,0.58,2.5
2005,78,0.58,2.5
2005,77,0.58,2.0
2005,76,0.58,1.5
2005,75,0.59,2.5
2005,74,0.59,2.5
2005,73,0.59,1.5
2005,72,0.58,0.5
2005,71,0.58,-1.0
2005,70,0.57,-2.0
2005,69,0.57,-2.0
2005,68,0.56,-3.0
2005,67,0.55,-3.0
2005,66,0.56,-2.0
2005,65,0.55,-3.0
2005,64,0.55,-3.0
2005,63,0.54,-3.0
2005,62,0.53,-3.0
2005,61,0.52,-4.0
2005,60,0.53,-4.0
2005,59,0.54,-3.0
2005,58,0.53,-4.0
2005,57,0.54,-4.0
2005,56,0.55,-3.0
2005,55,0.55,-3.0
2005,54,0.56,-2.0
2005,53,0.55,-3.0
2005,52,0.54,-4.0
2005,51,0.55,-3.0
2005,50,0.54,-4.0
2005,49,0.55,-3.0
2005,48,0.54,-4.0
2005,47,0.53,-5.0
2005,46,0.54,-5.0
2005,45,0.56,-4.0
2005,44,0.57,-3.0
2005,43,0.58,-2.0
2005,42,0.57,-3.0
2005,41,0.59,-2.0
2005,40,0.57,-3.5
2005,39,0.59,-2.5
2005,38,0.58,-2.5
2005,37,0.59,-2.0
2005,36,0.61,-1.0
2005,35,0.6,-1.0
2005,34,0.62,-1.5
2005,33,0.61,-1.5
2005,32,0.59,-2.5
2005,31,0.58,-2.5
2005,30,0.6,-2.5
2005,29,0.59,-2.5
2005,28,0.57,-2.5
2005,27,0.56,-3.0
2005,26,0.54,-3.0
2005,25,0.52,-4.0
2005,24,0.54,-4.0
2005,23,0.52,-4.0
2005,22,0.5,-4.0
2005,21,0.52,-3.0
2005,20,0.55,-2.0
2005,19,0.58,-1.0
2005,18,0.56,-1.0
2005,17,0.59,0.0
2005,16,0.62,1.0
2005,15,0.6,0.0
2005,14,0.57,-1.0
2005,13,0.62,0.0
2005,12,0.58,-1.0
2005,11,0.55,-1.5
2005,10,0.5,-1.5
2005,9,0.44,-2.5
2005,8,0.38,-2.5
2005,7,0.43,-2.0
2005,6,0.33,-2.0
2005,5,0.4,-1.0
2005,4,0.5,0.0
2005,3,0.33,-1.0
2005,2,0.0,-2.0
2005,1,0.0,-1.0
2004,162,0.6,-3.0
2004,161,0.61,-2.0
2004,160,0.61,-2.0
2004,159,0.6,-3.5
2004,158,0.6,-4.0
2004,157,0.61,-2.5
2004,156,0.6,-3.0
2004,155,0.6,-3.5
2004,154,0.6,-4.5
2004,153,0.59,-5.5
2004,152,0.6,-4.5
2004,151,0.6,-3.5
2004,150,0.6,-4.5
2004,149,0.6,-4.5
2004,148,0.6,-4.5
2004,147,0.61,-3.5
2004,146,0.61,-2.5
2004,145,0.61,-3.5
2004,144,0.6,-4.0
2004,143,0.6,-4.0
2004,142,0.61,-3.5
2004,141,0.61,-2.5
2004,140,0.61,-2.5
2004,139,0.6,-3.5
2004,138,0.61,-2.0
2004,137,0.61,-2.5
2004,136,0.6,-2.5
2004,135,0.6,-2.5
2004,134,0.6,-2.5
2004,133,0.6,-2.5
2004,132,0.6,-3.5
2004,131,0.6,-3.5
2004,130,0.59,-3.5
2004,129,0.59,-4.5
2004,128,0.59,-5.5
2004,127,0.58,-5.5
2004,126,0.58,-5.5
2004,125,0.58,-5.5
2004,124,0.57,-6.5
2004,123,0.57,-6.5
2004,122,0.57,-5.5
2004,121,0.57,-6.5
2004,120,0.57,-7.5
2004,119,0.56,-8.0
2004,118,0.56,-9.0
2004,117,0.56,-10.0
2004,116,0.55,-10.5
2004,115,0.56,-10.5
2004,114,0.55,-10.5
2004,113,0.56,-9.5
2004,112,0.55,-9.5
2004,111,0.55,-9.5
2004,110,0.55,-10.5
2004,109,0.55,-10.5
2004,108,0.55,-10.5
2004,107,0.54,-10.5
2004,106,0.55,-9.0
2004,105,0.55,-8.0
2004,104,0.55,-9.0
2004,103,0.54,-9.5
2004,102,0.55,-8.5
2004,101,0.55,-7.5
2004,100,0.55,-8.0
2004,99,0.56,-7.5
2004,98,0.55,-7.5
2004,97,0.55,-8.5
2004,96,0.54,-9.5
2004,94,0.54,-8.5
2004,95,0.55,-8.5
2004,93,0.55,-8.0
2004,92,0.55,-7.0
2004,91,0.55,-7.0
2004,90,0.56,-7.0
2004,89,0.55,-8.0
2004,88,0.56,-7.0
2004,87,0.55,-8.0
2004,86,0.56,-7.0
2004,85,0.56,-6.0
2004,84,0.56,-6.0
2004,83,0.55,-6.0
2004,82,0.55,-6.0
2004,81,0.54,-7.0
2004,80,0.54,-7.5
2004,79,0.54,-7.5
2004,78,0.54,-8.5
2004,77,0.55,-8.5
2004,76,0.55,-7.5
2004,75,0.56,-6.5
2004,74,0.57,-5.5
2004,73,0.56,-5.0
2004,72,0.57,-5.0
2004,71,0.56,-5.5
2004,70,0.57,-4.5
2004,69,0.58,-4.5
2004,68,0.57,-4.5
2004,67,0.58,-4.5
2004,66,0.59,-3.5
2004,65,0.58,-4.5
2004,64,0.58,-5.5
2004,63,0.59,-4.5
2004,62,0.6,-3.5
2004,61,0.59,-3.5
2004,60,0.6,-2.5
2004,59,0.59,-3.5
2004,58,0.59,-3.5
2004,57,0.6,-2.5
2004,56,0.59,-2.5
2004,55,0.58,-2.5
2004,54,0.57,-3.5
2004,53,0.58,-2.0
2004,52,0.6,-1.0
2004,51,0.61,0.0
2004,50,0.62,0.5
2004,49,0.61,-0.5
2004,48,0.62,0.5
2004,47,0.62,0.5
2004,46,0.63,1.5
2004,45,0.62,1.5
2004,44,0.61,1.5
2004,43,0.6,1.5
2004,42,0.6,0.5
2004,41,0.59,-0.5
2004,40,0.6,0.5
2004,39,0.59,0.5
2004,38,0.58,-0.5
2004,37,0.59,0.5
2004,36,0.58,-0.5
2004,35,0.57,-0.5
2004,34,0.59,0.5
2004,33,0.61,0.5
2004,32,0.59,0.5
2004,31,0.61,1.0
2004,30,0.63,2.0
2004,29,0.62,2.0
2004,28,0.61,1.0
2004,27,0.59,0.0
2004,26,0.58,0.0
2004,25,0.6,1.0
2004,24,0.62,1.5
2004,23,0.65,2.5
2004,22,0.68,2.5
2004,21,0.71,2.5
2004,20,0.7,2.5
2004,19,0.68,2.0
2004,18,0.67,1.5
2004,17,0.65,0.5
2004,16,0.62,-0.5
2004,15,0.6,-0.5
2004,14,0.64,0.5
2004,13,0.62,-0.5
2004,12,0.58,-0.5
2004,11,0.55,-1.0
2004,10,0.6,0.0
2004,9,0.56,0.0
2004,8,0.5,-0.5
2004,7,0.57,0.0
2004,6,0.5,0.0
2004,5,0.4,-1.0
2004,4,0.5,-0.5
2004,3,0.67,0.5
2004,2,0.5,-0.5
2004,1,0.0,-1.0
2003,162,0.59,-6.0
2003,161,0.59,-5.0
2003,160,0.59,-4.0
2003,159,0.59,-4.5
2003,158,0.59,-5.0
2003,157,0.59,-5.0
2003,156,0.59,-5.0
2003,155,0.59,-6.0
2003,154,0.58,-6.0
2003,153,0.59,-5.0
2003,152,0.59,-5.0
2003,151,0.58,-5.5
2003,150,0.59,-5.5
2003,149,0.58,-5.5
2003,148,0.58,-5.5
2003,147,0.59,-5.5
2003,146,0.59,-4.0
2003,145,0.59,-3.5
2003,144,0.58,-3.5
2003,143,0.58,-3.5
2003,142,0.58,-2.5
2003,141,0.59,-1.5
2003,140,0.59,-2.5
2003,139,0.58,-3.0
2003,138,0.58,-4.0
2003,137,0.58,-4.5
2003,136,0.57,-5.5
2003,135,0.58,-4.5
2003,134,0.58,-3.5
2003,133,0.58,-4.0
2003,132,0.58,-5.0
2003,131,0.58,-5.0
2003,130,0.58,-5.0
2003,129,0.57,-5.0
2003,128,0.57,-6.0
2003,127,0.57,-7.0
2003,126,0.56,-7.5
2003,125,0.57,-6.5
2003,124,0.57,-5.0
2003,123,0.58,-4.0
2003,122,0.57,-4.0
2003,121,0.58,-3.0
2003,120,0.57,-3.0
2003,119,0.57,-4.0
2003,118,0.58,-3.0
2003,117,0.58,-3.0
2003,116,0.59,-3.0
2003,115,0.58,-4.0
2003,114,0.59,-4.0
2003,113,0.59,-2.5
2003,112,0.59,-2.5
2003,111,0.59,-3.5
2003,110,0.58,-3.5
2003,109,0.58,-4.5
2003,108,0.58,-3.5
2003,107,0.59,-3.5
2003,106,0.59,-2.5
2003,105,0.6,-1.5
2003,104,0.6,-1.5
2003,103,0.59,-2.5
2003,102,0.59,-3.5
2003,101,0.59,-2.5
2003,100,0.6,-2.5
2003,99,0.6,-2.5
2003,98,0.59,-3.0
2003,97,0.59,-4.0
2003,96,0.58,-4.0
2003,95,0.58,-4.0
2003,94,0.59,-3.0
2003,93,0.59,-2.0
2003,92,0.6,-1.0
2003,91,0.59,-2.0
2003,90,0.59,-2.0
2003,89,0.58,-3.0
2003,88,0.58,-3.0
2003,87,0.57,-4.0
2003,86,0.58,-3.0
2003,85,0.59,-2.0
2003,84,0.58,-3.0
2003,83,0.58,-4.0
2003,82,0.59,-3.5
2003,81,0.58,-4.0
2003,80,0.59,-3.5
2003,79,0.58,-3.5
2003,78,0.59,-2.0
2003,77,0.58,-2.0
2003,76,0.58,-2.0
2003,75,0.57,-2.0
2003,74,0.57,-2.0
2003,73,0.56,-3.0
2003,72,0.57,-2.0
2003,71,0.58,-1.0
2003,70,0.57,-1.5
2003,69,0.58,-0.5
2003,68,0.57,-1.0
2003,67,0.58,-0.5
2003,66,0.58,-0.5
2003,65,0.57,-0.5
2003,64,0.56,-0.5
2003,63,0.57,0.5
2003,62,0.56,-0.5
2003,61,0.57,0.5
2003,60,0.57,-0.5
2003,59,0.56,-1.5
2003,58,0.57,-0.5
2003,57,0.58,0.5
2003,56,0.57,0.5
2003,55,0.56,-1.5
2003,54,0.57,-0.5
2003,53,0.58,-0.5
2003,52,0.6,0.5
2003,51,0.61,1.5
2003,50,0.62,2.5
2003,49,0.61,1.5
2003,48,0.62,1.5
2003,47,0.62,0.5
2003,46,0.61,-1.0
2003,45,0.62,0.0
2003,44,0.61,-1.0
2003,43,0.63,0.0
2003,42,0.62,-1.0
2003,41,0.63,-1.0
2003,40,0.65,-1.0
2003,39,0.64,-1.0
2003,38,0.63,-2.0
2003,37,0.62,-3.0
2003,36,0.64,-3.0
2003,35,0.63,-3.0
2003,34,0.65,-2.5
2003,33,0.64,-2.5
2003,32,0.62,-3.5
2003,31,0.65,-3.0
2003,30,0.67,-3.0
2003,29,0.66,-4.0
2003,28,0.68,-3.0
2003,27,0.67,-3.0
2003,26,0.65,-3.0
2003,25,0.64,-4.0
2003,24,0.62,-5.0
2003,23,0.65,-4.0
2003,22,0.64,-4.0
2003,21,0.67,-4.0
2003,20,0.7,-3.0
2003,19,0.68,-3.0
2003,18,0.72,-2.0
2003,17,0.71,-2.0
2003,16,0.69,-2.0
2003,15,0.67,-2.0
2003,14,0.64,-2.0
2003,13,0.62,-3.0
2003,12,0.58,-2.5
2003,11,0.55,-3.5
2003,10,0.6,-2.5
2003,9,0.56,-2.5
2003,8,0.62,-1.5
2003,7,0.71,-0.5
2003,6,0.67,-0.5
2003,5,0.8,-0.5
2003,4,0.75,-0.5
2003,3,0.67,-1.0
2003,2,0.5,-1.0
2003,1,0.0,-1.0
2002,162,0.57,-10.5
2002,161,0.57,-10.5
2002,160,0.57,-9.5
2002,159,0.57,-9.5
2002,158,0.58,-9.0
2002,157,0.58,-8.0
2002,156,0.58,-8.0
2002,155,0.57,-9.0
2002,154,0.57,-9.0
2002,153,0.57,-9.0
2002,152,0.57,-9.5
2002,151,0.57,-8.5
2002,150,0.57,-9.5
2002,149,0.57,-9.5
2002,148,0.57,-9.5
2002,147,0.57,-8.5
2002,146,0.57,-9.5
2002,145,0.57,-9.5
2002,144,0.57,-9.5
2002,143,0.57,-9.5
2002,142,0.56,-9.0
2002,141,0.56,-9.5
2002,140,0.56,-8.5
2002,139,0.56,-9.5
2002,138,0.56,-9.5
2002,137,0.56,-8.5
2002,136,0.57,-7.5
2002,135,0.57,-6.5
2002,134,0.57,-7.5
2002,133,0.56,-8.5
2002,132,0.57,-8.5
2002,131,0.56,-9.0
2002,130,0.57,-8.0
2002,129,0.57,-7.0
2002,128,0.57,-7.0
2002,127,0.57,-7.0
2002,126,0.58,-6.0
2002,125,0.58,-7.0
2002,124,0.57,-7.0
2002,123,0.57,-8.0
2002,122,0.57,-7.0
2002,121,0.58,-7.0
2002,120,0.57,-7.0
2002,119,0.58,-6.0
2002,118,0.58,-5.0
2002,117,0.58,-5.0
2002,116,0.59,-4.0
2002,115,0.58,-4.0
2002,114,0.58,-5.0
2002,113,0.58,-5.0
2002,112,0.58,-5.0
2002,111,0.59,-4.0
2002,110,0.59,-4.0
2002,109,0.59,-4.0
2002,108,0.59,-4.0
2002,107,0.59,-4.0
2002,106,0.59,-4.0
2002,105,0.59,-5.0
2002,104,0.59,-5.0
2002,103,0.59,-4.0
2002,102,0.59,-4.0
2002,101,0.58,-5.0
2002,100,0.59,-4.0
2002,99,0.59,-4.5
2002,98,0.59,-3.5
2002,97,0.6,-3.5
2002,96,0.59,-4.0
2002,95,0.6,-3.0
2002,94,0.61,-2.0
2002,93,0.6,-3.0
2002,92,0.6,-3.0
2002,91,0.59,-3.0
2002,90,0.59,-3.0
2002,89,0.6,-3.0
2002,88,0.6,-3.0
2002,87,0.61,-2.0
2002,86,0.62,-2.0
2002,85,0.61,-2.0
2002,84,0.62,-1.0
2002,83,0.61,-2.0
2002,82,0.62,-1.0
2002,81,0.62,-1.0
2002,80,0.61,-1.0
2002,79,0.61,-1.0
2002,78,0.6,-1.5
2002,77,0.6,-2.0
2002,76,0.61,-1.0
2002,75,0.61,-1.0
2002,74,0.62,0.5
2002,73,0.62,-0.5
2002,72,0.62,-0.5
2002,71,0.63,0.5
2002,70,0.64,1.5
2002,69,0.65,1.5
2002,68,0.65,0.5
2002,67,0.66,1.5
2002,66,0.65,1.5
2002,65,0.65,0.5
2002,64,0.66,0.5
2002,63,0.67,1.5
2002,62,0.66,0.5
2002,61,0.67,1.5
2002,60,0.67,1.5
2002,59,0.68,2.5
2002,58,0.69,2.5
2002,57,0.7,3.5
2002,56,0.7,3.0
2002,55,0.69,2.0
2002,54,0.69,2.0
2002,53,0.7,2.0
2002,52,0.69,1.0
2002,51,0.71,2.0
2002,50,0.7,1.0
2002,49,0.69,1.0
2002,48,0.69,1.0
2002,47,0.68,1.0
2002,46,0.7,2.0
2002,45,0.71,3.0
2002,44,0.7,2.0
2002,43,0.7,1.0
2002,42,0.71,1.0
2002,41,0.73,2.0
2002,40,0.72,2.0
2002,39,0.72,2.0
2002,38,0.71,2.0
2002,37,0.73,3.0
2002,36,0.75,4.0
2002,35,0.74,3.0
2002,34,0.74,3.0
2002,33,0.73,3.0
2002,32,0.75,4.0
2002,31,0.77,5.0
2002,30,0.77,5.0
2002,29,0.76,5.0
2002,28,0.75,5.0
2002,27,0.74,4.5
2002,26,0.73,3.5
2002,25,0.72,2.5
2002,24,0.71,2.0
2002,23,0.7,1.0
2002,22,0.68,1.0
2002,21,0.71,2.0
2002,20,0.7,1.0
2002,19,0.68,1.0
2002,18,0.67,0.0
2002,17,0.71,1.0
2002,16,0.75,2.0
2002,15,0.73,2.0
2002,14,0.71,1.0
2002,13,0.69,1.5
2002,12,0.67,1.5
2002,11,0.64,0.5
2002,10,0.6,-0.5
2002,9,0.67,0.5
2002,8,0.62,-0.5
2002,7,0.57,-1.5
2002,6,0.67,-1.5
2002,5,0.8,-1.5
2002,4,0.75,-1.0
2002,3,0.67,-1.0
2002,2,0.5,-1.0
2002,1,0.0,-1.0
2001,161,0.51,-13.0
2001,160,0.51,-14.0
2001,159,0.5,-14.0
2001,158,0.5,-15.5
2001,157,0.5,-16.5
2001,156,0.49,-16.5
2001,155,0.5,-15.5
2001,154,0.5,-14.5
2001,153,0.5,-15.0
2001,152,0.5,-15.0
2001,151,0.5,-14.0
2001,150,0.51,-13.5
2001,149,0.5,-13.5
2001,148,0.51,-13.5
2001,147,0.51,-13.0
2001,146,0.51,-12.0
2001,145,0.52,-12.0
2001,144,0.51,-13.0
2001,143,0.51,-14.0
2001,142,0.51,-13.0
2001,141,0.51,-13.0
2001,140,0.51,-12.0
2001,139,0.52,-11.0
2001,138,0.52,-10.0
2001,137,0.53,-9.5
2001,136,0.52,-9.5
2001,135,0.53,-9.0
2001,134,0.53,-8.0
2001,133,0.53,-7.0
2001,132,0.54,-6.0
2001,131,0.54,-5.0
2001,130,0.55,-5.0
2001,129,0.55,-4.0
2001,128,0.55,-4.0
2001,127,0.56,-3.0
2001,126,0.56,-4.0
2001,125,0.55,-4.0
2001,124,0.56,-4.0
2001,123,0.55,-5.0
2001,122,0.55,-5.0
2001,121,0.55,-5.0
2001,120,0.55,-6.0
2001,119,0.55,-5.0
2001,118,0.55,-5.0
2001,117,0.56,-4.0
2001,116,0.56,-3.0
2001,115,0.56,-4.0
2001,114,0.56,-4.5
2001,113,0.57,-3.5
2001,112,0.57,-2.5
2001,111,0.58,-2.5
2001,110,0.57,-3.5
2001,109,0.57,-4.5
2001,108,0.56,-4.5
2001,107,0.56,-4.5
2001,106,0.57,-4.5
2001,105,0.57,-3.5
2001,104,0.58,-3.5
2001,103,0.57,-3.5
2001,102,0.58,-2.5
2001,101,0.57,-2.5
2001,100,0.57,-2.5
2001,99,0.58,-1.5
2001,98,0.57,-1.0
2001,97,0.58,0.0
2001,96,0.58,0.0
2001,95,0.58,-1.0
2001,94,0.59,-1.0
2001,93,0.58,-1.5
2001,92,0.59,-0.5
2001,91,0.58,-0.5
2001,90,0.58,-1.5
2001,89,0.58,-0.5
2001,88,0.58,-1.5
2001,87,0.59,-1.5
2001,86,0.59,-0.5
2001,85,0.59,-1.5
2001,84,0.6,-0.5
2001,83,0.59,-0.5
2001,82,0.59,-0.5
2001,81,0.59,0.5
2001,80,0.59,0.5
2001,79,0.58,0.5
2001,78,0.58,0.5
2001,77,0.58,1.5
2001,76,0.59,2.0
2001,75,0.6,3.0
2001,74,0.59,2.0
2001,73,0.59,2.0
2001,72,0.6,2.0
2001,71,0.61,3.0
2001,70,0.61,4.0
2001,69,0.61,3.5
2001,68,0.6,2.5
2001,67,0.6,2.0
2001,66,0.59,1.0
2001,65,0.6,2.0
2001,64,0.59,2.0
2001,63,0.59,2.0
2001,62,0.6,3.0
2001,61,0.59,2.0
2001,60,0.58,1.0
2001,59,0.59,1.0
2001,58,0.59,1.0
2001,57,0.58,1.0
2001,56,0.59,2.0
2001,55,0.58,1.0
2001,54,0.59,2.0
2001,53,0.58,1.0
2001,52,0.58,1.0
2001,51,0.57,0.0
2001,50,0.56,-0.5
2001,49,0.55,-1.5
2001,48,0.56,-0.5
2001,47,0.55,-0.5
2001,46,0.57,0.5
2001,45,0.56,-0.5
2001,44,0.57,0.5
2001,43,0.58,1.5
2001,42,0.57,0.5
2001,41,0.59,1.5
2001,40,0.57,1.5
2001,39,0.59,1.5
2001,38,0.61,1.5
2001,37,0.59,0.5
2001,36,0.58,-0.5
2001,35,0.57,-0.5
2001,34,0.59,0.5
2001,33,0.61,0.5
2001,32,0.62,1.0
2001,31,0.61,0.0
2001,30,0.6,0.0
2001,29,0.59,-1.0
2001,28,0.61,0.0
2001,27,0.63,0.0
2001,26,0.65,0.0
2001,25,0.64,-0.5
2001,24,0.67,0.5
2001,23,0.7,0.5
2001,22,0.68,0.5
2001,21,0.67,0.0
2001,20,0.7,1.0
2001,19,0.68,1.0
2001,18,0.72,1.0
2001,17,0.71,0.0
2001,16,0.75,1.0
2001,15,0.73,0.0
2001,14,0.71,0.0
2001,13,0.69,0.0
2001,12,0.67,-0.5
2001,11,0.64,-1.5
2001,10,0.7,-0.5
2001,9,0.67,-1.0
2001,8,0.62,-1.5
2001,7,0.71,-1.0
2001,6,0.67,-0.5
2001,5,0.6,-1.5
2001,4,0.5,-1.5
2001,3,0.33,-2.0
2001,2,0.5,-1.0
2001,1,0.0,-1.0
2000,162,0.52,-2.5
2000,161,0.53,-2.5
2000,160,0.52,-3.5
2000,159,0.53,-3.5
2000,158,0.53,-4.5
2000,157,0.52,-5.5
2000,156,0.52,-7.0
2000,155,0.52,-6.0
2000,154,0.52,-6.0
2000,153,0.52,-6.0
2000,152,0.53,-6.0
2000,151,0.52,-6.5
2000,150,0.53,-6.5
2000,149,0.53,-6.0
2000,148,0.53,-7.5
2000,146,0.53,-7.5
2000,147,0.53,-7.5
2000,145,0.53,-7.0
2000,144,0.53,-8.0
2000,143,0.52,-9.0
2000,142,0.53,-8.0
2000,141,0.52,-8.0
2000,140,0.52,-9.0
2000,139,0.53,-8.0
2000,138,0.53,-7.0
2000,137,0.53,-6.0
2000,136,0.53,-6.0
2000,135,0.53,-6.0
2000,134,0.53,-6.0
2000,133,0.53,-6.0
2000,132,0.53,-6.0
2000,131,0.53,-5.0
2000,130,0.53,-5.0
2000,129,0.53,-4.0
2000,128,0.53,-5.0
2000,127,0.54,-4.0
2000,126,0.54,-3.0
2000,125,0.54,-3.0
2000,124,0.54,-3.0
2000,123,0.54,-3.0
2000,122,0.53,-3.0
2000,121,0.54,-3.0
2000,120,0.53,-3.0
2000,119,0.54,-3.0
2000,118,0.53,-3.0
2000,117,0.53,-4.0
2000,116,0.53,-4.0
2000,115,0.52,-5.0
2000,114,0.53,-4.0
2000,113,0.52,-4.0
2000,112,0.52,-4.0
2000,111,0.52,-4.0
2000,110,0.52,-4.5
2000,109,0.51,-4.5
2000,108,0.52,-3.5
2000,107,0.52,-3.5
2000,106,0.53,-3.5
2000,105,0.53,-3.5
2000,104,0.53,-3.0
2000,103,0.52,-4.0
2000,102,0.53,-3.0
2000,101,0.52,-3.5
2000,100,0.53,-2.5
2000,99,0.54,-2.5
2000,98,0.53,-2.5
2000,97,0.53,-3.0
2000,96,0.53,-2.0
2000,95,0.54,-1.0
2000,94,0.53,-1.0
2000,93,0.53,-2.0
2000,92,0.53,-1.0
2000,91,0.54,-1.0
2000,90,0.53,-1.0
2000,89,0.53,-1.0
2000,88,0.52,-2.0
2000,87,0.52,-2.0
2000,86,0.51,-2.5
2000,85,0.52,-1.5
2000,84,0.51,-2.5
2000,83,0.51,-3.5
2000,82,0.51,-2.0
2000,81,0.52,-1.5
2000,80,0.51,-1.5
2000,79,0.51,-2.5
2000,78,0.5,-3.5
2000,77,0.49,-3.5
2000,76,0.5,-3.5
2000,75,0.51,-3.5
2000,74,0.51,-3.5
2000,73,0.51,-3.5
2000,72,0.51,-2.5
2000,71,0.52,-2.5
2000,70,0.53,-1.5
2000,69,0.54,-0.5
2000,68,0.54,0.5
2000,67,0.54,-0.5
2000,66,0.53,-1.5
2000,65,0.54,-0.5
2000,64,0.55,0.5
2000,63,0.56,0.5
2000,62,0.56,0.5
2000,61,0.56,-1.0
2000,60,0.57,0.0
2000,59,0.56,-1.0
2000,58,0.55,-1.5
2000,57,0.56,-0.5
2000,56,0.57,-0.5
2000,55,0.56,-1.0
2000,54,0.57,0.0
2000,53,0.57,0.0
2000,52,0.56,-1.0
2000,51,0.57,0.0
2000,50,0.58,0.0
2000,49,0.59,1.0
2000,48,0.6,1.5
2000,47,0.62,1.5
2000,46,0.61,1.0
2000,45,0.6,0.0
2000,44,0.61,1.0
2000,43,0.6,0.0
2000,42,0.62,1.0
2000,41,0.61,1.0
2000,40,0.62,1.0
2000,39,0.64,1.0
2000,38,0.66,1.0
2000,37,0.65,1.0
2000,36,0.64,1.0
2000,35,0.66,1.0
2000,34,0.65,0.5
2000,33,0.64,-0.5
2000,32,0.62,-1.5
2000,31,0.61,-2.5
2000,30,0.6,-3.5
2000,29,0.59,-4.0
2000,28,0.61,-3.0
2000,27,0.59,-3.0
2000,26,0.58,-4.0
2000,25,0.6,-3.0
2000,24,0.58,-3.0
2000,23,0.57,-3.0
2000,22,0.59,-2.0
2000,21,0.57,-2.0
2000,20,0.55,-2.0
2000,19,0.58,-2.0
2000,18,0.61,-1.0
2000,17,0.59,-1.0
2000,16,0.56,-2.0
2000,15,0.6,-2.5
2000,14,0.57,-2.5
2000,13,0.54,-2.5
2000,12,0.58,-1.5
2000,11,0.55,-1.5
2000,10,0.5,-1.5
2000,9,0.56,-0.5
2000,8,0.5,-1.0
2000,7,0.43,-2.0
2000,6,0.33,-3.0
2000,5,0.2,-3.0
2000,4,0.25,-2.0
2000,3,0.33,-1.0
2000,2,0.5,-0.5
2000,1,1.0,-0.5
1999,162,0.58,-4.0
1999,161,0.58,-5.0
1999,160,0.57,-5.0
1999,159,0.57,-5.0
1999,158,0.58,-4.5
1999,157,0.58,-4.5
1999,156,0.58,-4.0
1999,155,0.57,-5.0
1999,154,0.58,-5.0
1999,153,0.58,-6.0
1999,152,0.58,-5.0
1999,151,0.58,-4.0
1999,150,0.59,-3.0
1999,149,0.58,-3.0
1999,148,0.58,-3.0
1999,147,0.58,-4.0
1999,146,0.58,-3.5
1999,145,0.57,-3.5
1999,144,0.57,-3.5
1999,143,0.57,-3.5
1999,142,0.57,-4.5
1999,141,0.57,-5.5
1999,140,0.56,-6.5
1999,139,0.57,-5.5
1999,138,0.57,-6.5
1999,137,0.56,-7.5
1999,136,0.56,-7.5
1999,135,0.56,-7.5
1999,134,0.56,-7.5
1999,133,0.56,-6.5
1999,132,0.56,-7.5
1999,131,0.56,-8.5
1999,130,0.55,-8.5
1999,129,0.55,-8.5
1999,128,0.55,-8.5
1999,127,0.54,-8.5
1999,126,0.55,-8.5
1999,125,0.54,-8.5
1999,124,0.54,-8.5
1999,123,0.54,-7.5
1999,122,0.55,-7.5
1999,121,0.55,-6.5
1999,120,0.56,-6.5
1999,119,0.55,-7.5
1999,118,0.56,-6.5
1999,117,0.56,-6.5
1999,116,0.56,-6.5
1999,115,0.56,-7.5
1999,114,0.55,-7.5
1999,113,0.55,-7.5
1999,112,0.54,-8.5
1999,111,0.55,-7.5
1999,110,0.55,-7.5
1999,109,0.54,-7.5
1999,108,0.54,-7.5
1999,107,0.54,-6.5
1999,106,0.54,-6.5
1999,105,0.54,-6.5
1999,104,0.55,-5.5
1999,103,0.54,-6.5
1999,102,0.54,-7.5
1999,101,0.54,-7.0
1999,100,0.54,-8.0
1999,99,0.54,-8.0
1999,98,0.54,-7.0
1999,97,0.54,-7.0
1999,96,0.54,-6.0
1999,95,0.55,-5.0
1999,94,0.55,-4.0
1999,93,0.55,-4.0
1999,92,0.55,-4.0
1999,91,0.55,-4.0
1999,90,0.56,-3.0
1999,89,0.56,-3.0
1999,88,0.56,-4.0
1999,87,0.56,-3.0
1999,86,0.57,-3.0
1999,85,0.56,-4.0
1999,84,0.57,-3.0
1999,83,0.58,-3.0
1999,82,0.59,-2.0
1999,81,0.58,-3.0
1999,80,0.57,-4.0
1999,79,0.58,-3.0
1999,78,0.58,-3.0
1999,77,0.58,-2.0
1999,76,0.59,-1.5
1999,75,0.59,-2.0
1999,74,0.59,-1.0
1999,73,0.59,-1.0
1999,72,0.58,-1.0
1999,71,0.58,-1.0
1999,70,0.57,-1.0
1999,69,0.58,0.0
1999,68,0.57,-0.5
1999,67,0.57,-1.5
1999,66,0.56,-1.5
1999,65,0.57,-0.5
1999,64,0.58,-0.5
1999,63,0.57,-1.5
1999,62,0.56,-1.5
1999,61,0.56,-1.5
1999,60,0.57,-1.5
1999,59,0.58,-0.5
1999,58,0.57,-0.5
1999,57,0.58,0.5
1999,56,0.59,0.5
1999,55,0.6,0.5
1999,54,0.61,0.5
1999,53,0.62,1.5
1999,52,0.62,1.5
1999,51,0.63,1.5
1999,50,0.62,1.5
1999,49,0.61,0.5
1999,48,0.6,0.5
1999,47,0.6,0.5
1999,46,0.59,0.5
1999,45,0.6,1.5
1999,44,0.61,2.5
1999,43,0.6,1.5
1999,42,0.6,1.5
1999,41,0.59,1.0
1999,40,0.57,0.5
1999,39,0.59,1.5
1999,38,0.58,0.5
1999,37,0.57,-0.5
1999,36,0.56,-1.0
1999,35,0.57,0.0
1999,34,0.56,-1.0
1999,33,0.55,-2.5
1999,32,0.53,-3.5
1999,31,0.55,-3.5
1999,30,0.53,-4.0
1999,29,0.52,-4.0
1999,28,0.5,-5.0
1999,27,0.48,-5.0
1999,26,0.46,-5.0
1999,25,0.48,-4.5
1999,24,0.5,-4.5
1999,23,0.52,-3.5
1999,22,0.5,-3.5
1999,21,0.52,-3.0
1999,20,0.5,-4.0
1999,19,0.53,-3.0
1999,18,0.56,-2.5
1999,17,0.53,-2.5
1999,16,0.5,-3.5
1999,15,0.53,-3.5
1999,14,0.57,-2.5
1999,13,0.62,-1.5
1999,12,0.58,-1.5
1999,11,0.64,-1.0
1999,10,0.7,0.0
1999,9,0.67,-0.5
1999,8,0.75,-0.5
1999,7,0.86,0.0
1999,6,0.83,0.0
1999,5,1.0,1.0
1999,4,1.0,1.0
1999,3,1.0,1.0
1999,2,1.0,0.5
1999,1,1.0,0.0
1998,162,0.57,-22.0
1998,161,0.57,-22.0
1998,160,0.57,-21.0
1998,159,0.57,-21.0
1998,158,0.56,-21.0
1998,157,0.56,-21.0
1998,155,0.56,-20.5
1998,156,0.56,-20.5
1998,154,0.56,-21.0
1998,153,0.56,-20.0
1998,152,0.57,-20.0
1998,151,0.57,-19.0
1998,150,0.57,-19.0
1998,149,0.56,-20.0
1998,148,0.56,-21.0
1998,147,0.56,-20.0
1998,146,0.57,-20.0
1998,145,0.57,-20.0
1998,144,0.57,-20.5
1998,143,0.57,-19.5
1998,142,0.58,-18.5
1998,141,0.57,-19.5
1998,140,0.58,-19.5
1998,139,0.58,-19.5
1998,138,0.59,-18.5
1998,137,0.59,-18.0
1998,136,0.59,-19.0
1998,135,0.59,-18.0
1998,134,0.59,-18.5
1998,133,0.59,-18.5
1998,132,0.59,-18.5
1998,131,0.6,-17.5
1998,130,0.6,-16.5
1998,129,0.6,-17.0
1998,128,0.59,-18.5
1998,127,0.59,-19.5
1998,126,0.6,-18.5
1998,125,0.59,-18.5
1998,124,0.6,-18.5
1998,122,0.59,-19.5
1998,123,0.59,-19.5
1998,121,0.59,-19.5
1998,120,0.59,-18.5
1998,119,0.6,-18.5
1998,118,0.59,-18.5
1998,117,0.59,-18.5
1998,116,0.59,-17.5
1998,115,0.59,-17.0
1998,114,0.59,-17.0
1998,113,0.58,-17.0
1998,112,0.59,-15.5
1998,111,0.59,-15.5
1998,110,0.59,-15.0
1998,109,0.6,-14.0
1998,108,0.59,-15.0
1998,107,0.59,-15.0
1998,106,0.58,-15.0
1998,105,0.59,-14.0
1998,104,0.59,-15.0
1998,103,0.58,-15.0
1998,102,0.58,-15.0
1998,101,0.57,-16.0
1998,100,0.58,-15.0
1998,99,0.58,-15.5
1998,98,0.58,-14.5
1998,97,0.59,-14.5
1998,96,0.58,-14.0
1998,95,0.59,-14.0
1998,94,0.59,-14.0
1998,93,0.59,-14.0
1998,92,0.59,-15.0
1998,91,0.58,-15.0
1998,90,0.59,-14.0
1998,89,0.58,-15.0
1998,88,0.59,-14.0
1998,87,0.6,-13.0
1998,86,0.6,-12.0
1998,85,0.61,-11.0
1998,84,0.61,-11.0
1998,83,0.61,-10.0
1998,82,0.61,-10.0
1998,81,0.6,-10.0
1998,80,0.6,-10.0
1998,79,0.59,-10.0
1998,78,0.6,-10.0
1998,77,0.6,-10.0
1998,76,0.59,-10.0
1998,75,0.59,-10.0
1998,74,0.59,-9.0
1998,73,0.6,-9.0
1998,72,0.61,-8.0
1998,71,0.61,-9.0
1998,70,0.61,-8.0
1998,69,0.61,-9.0
1998,68,0.6,-9.0
1998,67,0.6,-9.0
1998,66,0.59,-10.0
1998,65,0.6,-10.0
1998,64,0.59,-10.0
1998,63,0.59,-11.0
1998,62,0.58,-11.0
1998,61,0.57,-11.0
1998,60,0.58,-10.5
1998,59,0.58,-10.5
1998,58,0.59,-9.5
1998,57,0.6,-8.5
1998,56,0.59,-8.5
1998,55,0.6,-7.5
1998,54,0.59,-7.5
1998,53,0.58,-7.5
1998,52,0.58,-8.5
1998,51,0.57,-9.5
1998,50,0.58,-8.5
1998,49,0.59,-8.0
1998,48,0.6,-7.0
1998,47,0.62,-6.0
1998,46,0.63,-5.0
1998,45,0.64,-4.0
1998,44,0.64,-4.5
1998,43,0.63,-4.5
1998,42,0.64,-3.5
1998,41,0.63,-3.5
1998,40,0.62,-3.5
1998,39,0.62,-4.5
1998,38,0.63,-4.5
1998,37,0.65,-3.5
1998,36,0.67,-2.5
1998,35,0.69,-2.0
1998,34,0.68,-2.0
1998,33,0.67,-3.0
1998,32,0.66,-3.0
1998,31,0.68,-2.5
1998,30,0.7,-1.5
1998,29,0.69,-1.5
1998,28,0.68,-1.5
1998,27,0.7,-0.5
1998,26,0.69,-0.5
1998,25,0.72,0.5
1998,24,0.71,0.5
1998,23,0.74,0.5
1998,22,0.73,0.5
1998,21,0.71,0.5
1998,20,0.7,0.5
1998,19,0.68,0.5
1998,18,0.67,0.5
1998,17,0.65,0.0
1998,16,0.62,-1.0
1998,15,0.67,0.0
1998,14,0.64,-1.5
1998,13,0.62,-2.5
1998,12,0.58,-2.5
1998,11,0.55,-3.0
1998,10,0.5,-3.0
1998,9,0.44,-3.0
1998,8,0.38,-3.5
1998,7,0.43,-3.0
1998,6,0.5,-2.0
1998,5,0.6,-1.5
1998,4,0.5,-1.5
1998,3,0.67,-0.5
1998,2,1.0,0.5
1998,1,1.0,0.0
1997,162,0.48,-20.0
1997,161,0.48,-19.0
1997,160,0.49,-18.0
1997,159,0.49,-18.0
1997,158,0.49,-19.0
1997,157,0.48,-19.0
1997,156,0.49,-18.5
1997,155,0.48,-19.5
1997,154,0.49,-18.5
1997,153,0.49,-18.5
1997,152,0.49,-18.5
1997,151,0.48,-19.5
1997,150,0.49,-19.5
1997,149,0.49,-18.5
1997,148,0.49,-18.0
1997,147,0.49,-19.0
1997,146,0.49,-19.0
1997,145,0.48,-20.5
1997,144,0.48,-21.0
1997,143,0.48,-20.5
1997,142,0.48,-21.5
1997,141,0.48,-21.5
1997,140,0.48,-20.0
1997,139,0.48,-20.0
1997,138,0.49,-20.0
1997,137,0.49,-20.0
1997,136,0.49,-20.0
1997,135,0.5,-20.0
1997,134,0.5,-19.5
1997,133,0.5,-19.5
1997,132,0.5,-19.5
1997,131,0.5,-20.0
1997,130,0.49,-20.0
1997,129,0.5,-19.0
1997,128,0.5,-18.0
1997,127,0.5,-17.0
1997,126,0.5,-17.0
1997,125,0.5,-17.0
1997,124,0.49,-17.0
1997,123,0.49,-17.0
1997,122,0.48,-17.5
1997,121,0.48,-18.0
1997,120,0.48,-18.0
1997,119,0.49,-17.0
1997,118,0.49,-16.5
1997,117,0.49,-16.5
1997,116,0.49,-16.5
1997,115,0.49,-16.5
1997,114,0.48,-17.0
1997,113,0.48,-17.0
1997,112,0.47,-18.0
1997,111,0.47,-18.5
1997,110,0.47,-17.5
1997,109,0.48,-16.5
1997,108,0.47,-17.5
1997,107,0.48,-16.5
1997,106,0.47,-16.5
1997,105,0.47,-16.0
1997,104,0.46,-16.0
1997,103,0.46,-16.0
1997,102,0.46,-16.0
1997,101,0.47,-15.5
1997,100,0.46,-16.0
1997,99,0.46,-15.0
1997,98,0.46,-15.0
1997,97,0.45,-15.0
1997,96,0.46,-15.0
1997,95,0.45,-15.0
1997,94,0.45,-16.0
1997,93,0.44,-17.0
1997,92,0.43,-18.0
1997,91,0.44,-17.0
1997,90,0.43,-17.0
1997,89,0.44,-17.0
1997,88,0.44,-17.0
1997,87,0.45,-17.0
1997,86,0.44,-17.5
1997,85,0.45,-17.5
1997,84,0.45,-17.5
1997,83,0.46,-17.0
1997,82,0.45,-17.0
1997,81,0.46,-16.0
1997,80,0.45,-16.0
1997,79,0.46,-15.0
1997,78,0.45,-16.0
1997,77,0.45,-16.0
1997,76,0.46,-16.0
1997,75,0.47,-16.0
1997,74,0.46,-16.0
1997,73,0.45,-16.0
1997,72,0.44,-17.0
1997,71,0.44,-17.0
1997,70,0.44,-16.0
1997,69,0.45,-16.0
1997,68,0.44,-17.0
1997,67,0.43,-17.0
1997,66,0.42,-18.0
1997,65,0.42,-18.0
1997,64,0.42,-17.0
1997,63,0.41,-17.0
1997,62,0.4,-18.0
1997,61,0.39,-19.0
1997,60,0.4,-19.0
1997,59,0.41,-16.5
1997,58,0.4,-16.5
1997,57,0.4,-16.5
1997,56,0.41,-16.5
1997,55,0.4,-17.0
1997,54,0.41,-16.0
1997,53,0.42,-15.0
1997,52,0.42,-14.5
1997,51,0.43,-14.0
1997,50,0.44,-13.0
1997,49,0.43,-13.0
1997,48,0.44,-12.5
1997,47,0.43,-12.5
1997,46,0.41,-12.5
1997,45,0.4,-13.0
1997,44,0.41,-12.0
1997,43,0.4,-13.0
1997,42,0.38,-13.5
1997,41,0.39,-12.5
1997,40,0.4,-11.5
1997,39,0.41,-10.5
1997,38,0.39,-10.5
1997,37,0.41,-10.0
1997,36,0.42,-10.0
1997,35,0.43,-8.5
1997,34,0.44,-7.5
1997,33,0.45,-7.5
1997,32,0.47,-7.5
1997,31,0.48,-6.5
1997,30,0.47,-6.5
1997,29,0.48,-5.5
1997,28,0.5,-5.5
1997,27,0.52,-4.5
1997,26,0.54,-4.5
1997,25,0.52,-4.0
1997,24,0.5,-4.0
1997,23,0.52,-3.0
1997,22,0.5,-4.0
1997,21,0.52,-3.0
1997,20,0.55,-2.0
1997,19,0.53,-3.0
1997,18,0.56,-3.0
1997,17,0.53,-3.0
1997,16,0.5,-4.0
1997,15,0.53,-3.0
1997,14,0.57,-2.0
1997,13,0.54,-3.0
1997,12,0.5,-3.0
1997,11,0.45,-3.0
1997,10,0.4,-3.0
1997,9,0.44,-2.5
1997,8,0.5,-1.5
1997,7,0.57,-0.5
1997,6,0.5,-1.0
1997,5,0.6,-1.0
1997,4,0.75,-1.0
1997,3,0.67,-1.0
1997,2,0.5,-1.0
1997,1,1.0,0.0
1996,162,0.52,-7.0
1996,161,0.52,-8.0
1996,160,0.52,-7.0
1996,159,0.52,-8.0
1996,158,0.52,-9.0
1996,157,0.52,-7.5
1996,156,0.52,-8.0
1996,155,0.52,-9.0
1996,154,0.52,-8.0
1996,153,0.52,-7.0
1996,152,0.52,-8.0
1996,151,0.52,-8.5
1996,150,0.51,-8.5
1996,149,0.51,-8.5
1996,148,0.51,-9.5
1996,147,0.51,-8.5
1996,146,0.51,-8.0
1996,145,0.5,-8.0
1996,144,0.51,-7.0
1996,143,0.51,-6.5
1996,142,0.51,-6.5
1996,141,0.52,-6.5
1996,140,0.51,-6.5
1996,139,0.51,-6.5
1996,138,0.51,-6.5
1996,137,0.51,-6.5
1996,136,0.51,-7.5
1996,135,0.51,-6.5
1996,134,0.51,-6.0
1996,133,0.51,-7.0
1996,132,0.51,-8.0
1996,131,0.5,-9.0
1996,130,0.5,-10.0
1996,129,0.5,-10.0
1996,128,0.5,-9.0
1996,127,0.5,-10.0
1996,126,0.49,-11.0
1996,125,0.49,-11.0
1996,124,0.48,-11.0
1996,123,0.49,-11.0
1996,122,0.48,-12.0
1996,121,0.49,-12.0
1996,120,0.48,-12.0
1996,119,0.48,-13.0
1996,118,0.48,-13.0
1996,117,0.48,-13.0
1996,116,0.47,-14.0
1996,115,0.47,-14.0
1996,114,0.46,-15.5
1996,113,0.47,-14.5
1996,112,0.46,-15.5
1996,111,0.46,-15.5
1996,110,0.45,-15.5
1996,109,0.45,-15.5
1996,108,0.45,-15.5
1996,107,0.45,-16.0
1996,106,0.44,-17.0
1996,105,0.45,-16.0
1996,104,0.44,-17.0
1996,103,0.45,-17.0
1996,102,0.45,-16.0
1996,101,0.45,-16.0
1996,100,0.45,-15.0
1996,99,0.45,-15.0
1996,98,0.45,-15.0
1996,97,0.45,-14.0
1996,96,0.46,-14.0
1996,95,0.46,-14.0
1996,94,0.46,-14.0
1996,93,0.45,-15.0
1996,92,0.46,-15.0
1996,91,0.45,-16.0
1996,90,0.46,-15.0
1996,89,0.45,-16.0
1996,88,0.44,-16.0
1996,87,0.44,-15.5
1996,86,0.43,-16.0
1996,85,0.42,-16.0
1996,84,0.42,-17.0
1996,83,0.42,-16.0
1996,82,0.41,-16.0
1996,81,0.42,-15.0
1996,80,0.42,-14.0
1996,79,0.43,-13.0
1996,78,0.42,-14.0
1996,77,0.42,-14.0
1996,76,0.41,-15.0
1996,75,0.41,-14.0
1996,74,0.41,-14.0
1996,73,0.41,-14.0
1996,72,0.4,-14.0
1996,71,0.41,-13.0
1996,70,0.41,-11.5
1996,69,0.42,-11.0
1996,68,0.43,-10.5
1996,67,0.43,-10.0
1996,66,0.42,-10.0
1996,65,0.43,-10.0
1996,64,0.42,-10.0
1996,63,0.41,-11.0
1996,62,0.4,-12.0
1996,61,0.39,-12.0
1996,60,0.4,-11.0
1996,59,0.41,-10.0
1996,58,0.41,-10.0
1996,57,0.4,-11.0
1996,56,0.39,-11.0
1996,55,0.4,-11.0
1996,54,0.41,-10.0
1996,53,0.42,-9.0
1996,52,0.4,-9.0
1996,51,0.41,-8.0
1996,50,0.4,-8.5
1996,49,0.41,-8.5
1996,48,0.42,-8.5
1996,47,0.4,-8.5
1996,46,0.41,-8.5
1996,45,0.4,-8.5
1996,44,0.41,-8.5
1996,43,0.4,-8.5
1996,42,0.4,-8.5
1996,41,0.41,-7.5
1996,40,0.4,-8.0
1996,39,0.38,-9.0
1996,38,0.39,-8.0
1996,37,0.38,-8.0
1996,36,0.36,-9.0
1996,35,0.34,-9.0
1996,34,0.35,-8.0
1996,33,0.36,-8.0
1996,32,0.34,-9.0
1996,31,0.35,-8.5
1996,30,0.33,-8.0
1996,29,0.34,-7.0
1996,28,0.32,-8.0
1996,27,0.3,-7.5
1996,26,0.27,-7.5
1996,25,0.24,-7.5
1996,24,0.25,-7.5
1996,23,0.26,-7.5
1996,22,0.27,-7.5
1996,21,0.24,-7.5
1996,20,0.2,-7.5
1996,19,0.21,-7.5
1996,18,0.17,-8.5
1996,17,0.18,-8.5
1996,16,0.19,-8.5
1996,15,0.2,-8.5
1996,14,0.14,-9.5
1996,13,0.15,-8.5
1996,12,0.17,-7.5
1996,11,0.18,-7.0
1996,10,0.2,-7.0
1996,9,0.22,-6.0
1996,8,0.25,-5.0
1996,7,0.29,-3.5
1996,6,0.17,-4.0
1996,5,0.0,-4.0
1996,4,0.0,-4.0
1996,3,0.0,-3.0
1996,2,0.0,-2.0
1996,1,0.0,-1.0
1995,144,0.6,7.0
1995,143,0.6,8.0
1995,142,0.6,8.0
1995,141,0.6,8.0
1995,140,0.59,7.5
1995,139,0.6,8.5
1995,138,0.59,8.5
1995,137,0.6,9.0
1995,136,0.6,9.0
1995,135,0.61,9.0
1995,134,0.6,10.5
1995,133,0.6,10.5
1995,132,0.6,10.5
1995,131,0.6,11.5
1995,130,0.6,10.5
1995,129,0.6,11.5
1995,128,0.6,10.5
1995,127,0.61,11.5
1995,126,0.6,10.5
1995,125,0.61,11.5
1995,124,0.61,12.5
1995,123,0.62,13.5
1995,122,0.62,14.5
1995,121,0.63,15.5
1995,120,0.62,15.5
1995,119,0.62,15.0
1995,118,0.62,14.0
1995,117,0.62,14.0
1995,116,0.61,14.0
1995,115,0.62,15.0
1995,114,0.61,15.0
1995,113,0.62,15.5
1995,112,0.62,15.5
1995,111,0.62,15.5
1995,110,0.63,15.5
1995,109,0.62,14.5
1995,108,0.62,13.5
1995,107,0.62,12.5
1995,106,0.61,11.5
1995,105,0.61,10.5
1995,104,0.61,9.5
1995,103,0.61,10.5
1995,102,0.61,10.0
1995,101,0.6,9.0
1995,100,0.61,10.0
1995,99,0.61,9.0
1995,98,0.6,9.0
1995,97,0.6,9.0
1995,96,0.59,8.0
1995,95,0.59,6.5
1995,94,0.59,5.5
1995,93,0.58,5.5
1995,92,0.58,5.5
1995,91,0.57,4.5
1995,90,0.57,4.5
1995,89,0.56,4.5
1995,88,0.56,4.5
1995,87,0.56,4.5
1995,86,0.56,4.5
1995,85,0.56,5.5
1995,84,0.56,4.5
1995,83,0.55,4.5
1995,82,0.56,4.5
1995,81,0.56,4.5
1995,80,0.56,5.5
1995,79,0.56,5.0
1995,78,0.56,6.0
1995,77,0.57,6.0
1995,76,0.57,6.0
1995,75,0.56,5.0
1995,74,0.55,4.0
1995,73,0.55,4.0
1995,72,0.56,4.0
1995,71,0.56,3.5
1995,70,0.57,4.0
1995,69,0.57,3.0
1995,68,0.57,3.0
1995,67,0.57,3.0
1995,66,0.58,3.0
1995,65,0.57,3.0
1995,64,0.58,4.0
1995,63,0.59,5.0
1995,62,0.58,5.0
1995,61,0.57,5.0
1995,60,0.57,4.0
1995,59,0.58,5.0
1995,58,0.59,6.0
1995,57,0.58,5.0
1995,56,0.59,6.0
1995,55,0.58,5.0
1995,54,0.57,4.0
1995,53,0.58,5.0
1995,52,0.58,5.0
1995,51,0.59,6.0
1995,50,0.58,5.5
1995,49,0.57,5.5
1995,48,0.58,5.5
1995,47,0.6,5.5
1995,46,0.59,5.5
1995,45,0.6,6.5
1995,44,0.61,8.0
1995,43,0.63,8.0
1995,42,0.62,7.0
1995,41,0.63,7.0
1995,40,0.65,7.0
1995,39,0.67,8.0
1995,38,0.66,8.0
1995,37,0.68,9.0
1995,36,0.67,8.0
1995,35,0.69,9.0
1995,34,0.68,8.0
1995,33,0.67,7.0
1995,32,0.66,6.5
1995,31,0.65,6.0
1995,30,0.63,5.0
1995,29,0.62,4.5
1995,28,0.61,3.5
1995,27,0.63,4.0
1995,26,0.62,3.0
1995,25,0.6,2.5
1995,24,0.62,2.5
1995,23,0.65,2.5
1995,22,0.64,1.5
1995,21,0.67,2.5
1995,20,0.7,3.5
1995,19,0.74,3.5
1995,18,0.72,3.0
1995,17,0.71,2.5
1995,16,0.69,1.5
1995,15,0.67,0.5
1995,14,0.64,-0.5
1995,13,0.69,1.0
1995,12,0.67,1.0
1995,11,0.64,0.0
1995,10,0.6,-1.0
1995,9,0.56,-2.0
1995,8,0.5,-2.0
1995,7,0.57,-1.0
1995,6,0.67,0.0
1995,5,0.6,-1.0
1995,4,0.75,0.0
1995,3,1.0,0.0
1995,2,1.0,0.0
1995,1,1.0,0.0
1994,115,0.47,-17.5
1994,114,0.47,-17.5
1994,113,0.48,-17.5
1994,112,0.48,-16.5
1994,111,0.49,-16.5
1994,109,0.49,-17.0
1994,110,0.48,-17.0
1994,108,0.48,-17.0
1994,107,0.49,-16.0
1994,106,0.48,-16.0
1994,105,0.49,-15.0
1994,104,0.48,-15.0
1994,103,0.49,-14.5
1994,102,0.49,-13.5
1994,101,0.5,-12.5
1994,100,0.49,-12.5
1994,99,0.48,-13.5
1994,98,0.49,-12.5
1994,97,0.48,-13.5
1994,95,0.48,-13.5
1994,96,0.48,-13.5
1994,94,0.48,-13.0
1994,93,0.48,-11.5
1994,92,0.49,-10.5
1994,91,0.49,-10.5
1994,90,0.5,-9.5
1994,89,0.49,-9.5
1994,88,0.5,-8.5
1994,87,0.49,-8.5
1994,86,0.49,-8.5
1994,85,0.48,-9.5
1994,84,0.49,-9.5
1994,83,0.48,-9.5
1994,82,0.49,-8.5
1994,81,0.49,-8.5
1994,80,0.5,-8.5
1994,79,0.49,-9.5
1994,78,0.5,-8.5
1994,77,0.49,-9.5
1994,76,0.5,-9.5
1994,75,0.49,-10.5
1994,74,0.5,-9.5
1994,73,0.51,-8.5
1994,72,0.51,-7.5
1994,71,0.52,-6.5
1994,70,0.51,-7.0
1994,69,0.51,-7.0
1994,68,0.5,-7.0
1994,67,0.49,-7.0
1994,66,0.48,-7.0
1994,65,0.49,-7.0
1994,64,0.5,-6.0
1994,63,0.51,-6.0
1994,62,0.52,-5.0
1994,61,0.52,-5.0
1994,60,0.53,-4.0
1994,59,0.54,-3.0
1994,58,0.55,-3.0
1994,57,0.56,-2.0
1994,56,0.57,-2.5
1994,55,0.58,-2.5
1994,54,0.57,-3.5
1994,53,0.58,-2.5
1994,52,0.6,-2.5
1994,51,0.61,-2.5
1994,50,0.62,-2.5
1994,49,0.61,-3.5
1994,48,0.62,-2.5
1994,47,0.62,-3.5
1994,46,0.63,-3.5
1994,45,0.62,-3.5
1994,44,0.64,-2.5
1994,43,0.63,-2.5
1994,42,0.64,-1.5
1994,41,0.63,-2.5
1994,40,0.65,-1.5
1994,39,0.67,-0.5
1994,38,0.66,-1.0
1994,37,0.65,-2.0
1994,36,0.67,-1.5
1994,35,0.66,-1.5
1994,34,0.65,-1.5
1994,33,0.64,-1.5
1994,32,0.62,-1.5
1994,31,0.65,-0.5
1994,30,0.67,0.5
1994,29,0.69,1.5
1994,28,0.71,2.5
1994,27,0.74,2.5
1994,26,0.73,2.5
1994,25,0.72,2.5
1994,24,0.71,1.5
1994,23,0.7,1.5
1994,22,0.68,0.5
1994,21,0.67,0.5
1994,20,0.65,0.0
1994,19,0.68,0.5
1994,18,0.72,1.0
1994,17,0.71,0.0
1994,16,0.69,0.0
1994,15,0.67,0.0
1994,14,0.64,-0.5
1994,13,0.62,-0.5
1994,12,0.58,-0.5
1994,11,0.64,0.0
1994,10,0.7,1.5
1994,9,0.67,0.0
1994,8,0.75,0.0
1994,7,0.71,-1.0
1994,6,0.67,-1.0
1994,5,0.8,0.0
1994,4,1.0,0.5
1994,3,1.0,0.5
1994,2,1.0,0.0
1994,1,1.0,0.0
1993,162,0.49,-15.0
1993,161,0.5,-14.0
1993,160,0.5,-14.0
1993,159,0.5,-14.0
1993,158,0.51,-13.0
1993,157,0.51,-12.0
1993,156,0.51,-12.0
1993,155,0.51,-11.0
1993,154,0.51,-11.0
1993,153,0.52,-10.0
1993,152,0.51,-10.0
1993,151,0.52,-9.0
1993,150,0.51,-10.0
1993,149,0.52,-9.0
1993,148,0.51,-9.0
1993,147,0.52,-8.0
1993,146,0.52,-7.0
1993,145,0.52,-7.5
1993,144,0.51,-7.5
1993,143,0.52,-6.5
1993,142,0.51,-7.0
1993,141,0.51,-7.0
1993,139,0.51,-6.0
1993,140,0.51,-6.0
1993,138,0.51,-6.0
1993,137,0.52,-6.0
1993,136,0.51,-7.0
1993,135,0.51,-7.5
1993,134,0.51,-7.5
1993,133,0.52,-7.5
1993,132,0.52,-7.5
1993,131,0.53,-6.5
1993,130,0.53,-5.5
1993,129,0.53,-5.5
1993,128,0.53,-4.5
1993,127,0.53,-5.5
1993,126,0.52,-6.5
1993,125,0.52,-7.5
1993,124,0.52,-6.5
1993,123,0.53,-6.0
1993,122,0.53,-5.0
1993,121,0.54,-5.0
1993,120,0.54,-5.0
1993,119,0.55,-4.5
1993,118,0.54,-4.5
1993,117,0.55,-3.0
1993,116,0.55,-2.0
1993,115,0.56,-1.0
1993,114,0.55,-2.0
1993,113,0.56,-2.0
1993,112,0.56,-1.0
1993,111,0.56,-1.0
1993,110,0.56,-1.0
1993,109,0.56,-2.0
1993,108,0.56,-1.0
1993,107,0.56,-2.0
1993,106,0.56,-3.0
1993,105,0.56,-1.5
1993,104,0.56,-1.5
1993,103,0.56,-0.5
1993,102,0.56,-1.5
1993,101,0.55,-1.5
1993,100,0.55,-1.5
1993,99,0.56,-0.5
1993,98,0.56,0.0
1993,97,0.56,0.0
1993,96,0.55,0.0
1993,95,0.55,-1.0
1993,94,0.54,-1.0
1993,93,0.54,-1.5
1993,92,0.53,-2.0
1993,91,0.53,-2.0
1993,90,0.52,-2.0
1993,89,0.52,-3.0
1993,88,0.51,-4.0
1993,87,0.52,-3.0
1993,86,0.51,-4.0
1993,85,0.51,-5.0
1993,84,0.51,-5.0
1993,83,0.51,-6.0
1993,82,0.51,-6.0
1993,81,0.52,-5.0
1993,80,0.51,-6.0
1993,79,0.51,-7.0
1993,78,0.5,-8.0
1993,77,0.49,-9.0
1993,76,0.49,-10.0
1993,75,0.49,-9.0
1993,74,0.49,-9.0
1993,73,0.48,-9.0
1993,72,0.47,-9.0
1993,71,0.46,-10.5
1993,70,0.46,-11.5
1993,69,0.45,-12.5
1993,68,0.44,-13.0
1993,67,0.45,-12.0
1993,66,0.45,-11.0
1993,65,0.46,-11.0
1993,64,0.47,-10.0
1993,63,0.46,-11.0
1993,62,0.47,-10.0
1993,61,0.48,-9.0
1993,60,0.47,-10.0
1993,59,0.47,-9.0
1993,58,0.48,-8.0
1993,57,0.49,-7.0
1993,56,0.5,-6.0
1993,55,0.51,-5.5
1993,54,0.52,-4.5
1993,53,0.53,-3.5
1993,52,0.52,-4.0
1993,51,0.53,-4.0
1993,50,0.54,-4.0
1993,49,0.55,-3.5
1993,48,0.54,-4.5
1993,47,0.53,-4.5
1993,46,0.52,-5.5
1993,45,0.53,-4.5
1993,44,0.55,-3.5
1993,43,0.53,-4.5
1993,42,0.52,-4.5
1993,41,0.54,-3.5
1993,40,0.52,-4.5
1993,39,0.54,-3.5
1993,38,0.53,-3.0
1993,37,0.54,-2.5
1993,36,0.53,-3.5
1993,35,0.54,-2.5
1993,34,0.56,-2.0
1993,33,0.55,-2.0
1993,32,0.53,-2.0
1993,31,0.55,-1.0
1993,30,0.57,-1.0
1993,29,0.59,-1.0
1993,28,0.57,-1.0
1993,27,0.59,-0.5
1993,26,0.58,-1.5
1993,25,0.6,-0.5
1993,24,0.62,0.0
1993,23,0.61,-1.0
1993,22,0.59,-2.0
1993,21,0.57,-1.5
1993,20,0.55,-2.5
1993,19,0.58,-2.0
1993,18,0.61,-1.0
1993,17,0.65,0.0
1993,16,0.69,1.0
1993,15,0.73,1.5
1993,14,0.79,2.5
1993,13,0.77,2.5
1993,12,0.75,1.5
1993,11,0.73,1.5
1993,10,0.7,1.0
1993,9,0.78,1.5
1993,8,0.75,1.0
1993,7,0.71,0.5
1993,6,0.67,0.5
1993,5,0.8,0.5
1993,4,0.75,0.5
1993,3,1.0,1.0
1993,2,1.0,1.0
1993,1,1.0,0.0
1992,162,0.45,-23.0
1992,161,0.45,-23.0
1992,160,0.44,-23.0
1992,159,0.45,-22.0
1992,158,0.44,-23.0
1992,157,0.45,-22.0
1992,156,0.45,-21.5
1992,155,0.45,-21.5
1992,154,0.45,-21.5
1992,153,0.44,-21.5
1992,152,0.44,-21.5
1992,151,0.44,-21.5
1992,150,0.45,-20.5
1992,149,0.45,-20.0
1992,148,0.45,-21.0
1992,147,0.45,-20.0
1992,146,0.45,-19.0
1992,145,0.46,-18.0
1992,144,0.45,-19.0
1992,143,0.45,-18.0
1992,142,0.46,-18.0
1992,141,0.46,-17.0
1992,140,0.46,-16.0
1992,139,0.46,-16.5
1992,138,0.46,-15.5
1992,137,0.47,-14.5
1992,136,0.46,-15.5
1992,135,0.47,-14.5
1992,134,0.46,-14.5
1992,133,0.46,-14.5
1992,132,0.45,-15.5
1992,131,0.46,-14.5
1992,130,0.46,-13.5
1992,129,0.46,-13.5
1992,128,0.46,-13.5
1992,127,0.46,-14.0
1992,126,0.45,-14.0
1992,125,0.45,-15.0
1992,124,0.45,-15.0
1992,123,0.46,-15.0
1992,122,0.45,-15.0
1992,121,0.45,-15.0
1992,120,0.46,-15.0
1992,119,0.46,-15.0
1992,118,0.46,-15.0
1992,117,0.46,-14.5
1992,116,0.46,-15.0
1992,115,0.46,-15.0
1992,114,0.46,-13.5
1992,113,0.46,-13.5
1992,112,0.46,-13.5
1992,111,0.47,-13.5
1992,110,0.47,-12.5
1992,109,0.48,-12.5
1992,108,0.47,-13.5
1992,107,0.48,-13.5
1992,106,0.47,-13.5
1992,105,0.48,-12.5
1992,104,0.47,-13.5
1992,103,0.47,-14.5
1992,102,0.47,-13.5
1992,101,0.48,-12.5
1992,100,0.48,-12.5
1992,99,0.47,-11.5
1992,98,0.47,-12.5
1992,97,0.47,-11.5
1992,96,0.47,-12.0
1992,95,0.47,-12.0
1992,94,0.48,-12.0
1992,93,0.47,-12.0
1992,92,0.48,-12.0
1992,91,0.48,-12.0
1992,90,0.49,-11.0
1992,89,0.48,-12.0
1992,88,0.49,-11.0
1992,87,0.48,-11.0
1992,86,0.49,-11.0
1992,85,0.49,-10.0
1992,84,0.49,-11.0
1992,83,0.48,-12.0
1992,82,0.48,-13.0
1992,81,0.48,-12.0
1992,80,0.48,-12.0
1992,79,0.47,-12.0
1992,78,0.47,-11.0
1992,77,0.48,-10.0
1992,76,0.47,-10.0
1992,75,0.48,-9.0
1992,74,0.49,-8.5
1992,73,0.48,-8.5
1992,72,0.47,-9.5
1992,71,0.48,-8.5
1992,70,0.49,-8.5
1992,69,0.48,-9.5
1992,68,0.47,-9.5
1992,67,0.48,-8.5
1992,66,0.48,-8.0
1992,65,0.49,-7.0
1992,64,0.5,-7.0
1992,63,0.51,-6.0
1992,62,0.52,-6.0
1992,61,0.52,-6.0
1992,60,0.52,-6.0
1992,59,0.51,-7.0
1992,58,0.5,-7.5
1992,57,0.51,-6.5
1992,56,0.5,-7.5
1992,55,0.49,-8.5
1992,54,0.5,-7.5
1992,53,0.51,-6.5
1992,52,0.5,-6.5
1992,51,0.51,-5.5
1992,49,0.51,-6.5
1992,50,0.5,-6.5
1992,48,0.5,-6.5
1992,47,0.51,-6.5
1992,46,0.52,-5.5
1992,45,0.53,-4.5
1992,44,0.52,-4.5
1992,43,0.53,-3.5
1992,42,0.55,-2.5
1992,41,0.54,-3.0
1992,40,0.52,-4.0
1992,39,0.51,-4.5
1992,38,0.53,-4.0
1992,37,0.51,-5.0
1992,36,0.53,-4.0
1992,35,0.51,-4.5
1992,34,0.5,-5.5
1992,33,0.48,-6.5
1992,32,0.5,-6.5
1992,31,0.48,-7.0
1992,30,0.47,-7.5
1992,29,0.48,-6.5
1992,28,0.5,-5.5
1992,27,0.48,-5.5
1992,26,0.46,-6.5
1992,25,0.48,-6.5
1992,24,0.5,-5.5
1992,23,0.52,-4.5
1992,22,0.5,-4.5
1992,21,0.52,-3.5
1992,20,0.55,-2.5
1992,19,0.53,-3.5
1992,18,0.5,-5.0
1992,17,0.47,-5.0
1992,16,0.44,-6.0
1992,15,0.47,-6.0
1992,14,0.5,-5.0
1992,13,0.46,-5.0
1992,12,0.5,-4.5
1992,11,0.45,-4.5
1992,10,0.5,-3.5
1992,9,0.44,-4.5
1992,8,0.5,-3.5
1992,7,0.43,-4.0
1992,6,0.33,-4.0
1992,5,0.4,-3.5
1992,4,0.25,-3.5
1992,3,0.33,-3.0
1992,2,0.0,-2.5
1992,1,0.0,-1.0
1991,162,0.52,-7.0
1991,161,0.52,-6.0
1991,160,0.52,-6.0
1991,159,0.53,-5.0
1991,158,0.53,-4.5
1991,157,0.53,-4.5
1991,156,0.53,-3.5
1991,155,0.53,-4.5
1991,154,0.53,-3.5
1991,153,0.54,-3.5
1991,151,0.54,-2.5
1991,152,0.54,-2.5
1991,150,0.54,-1.5
1991,149,0.54,-1.5
1991,148,0.55,-0.5
1991,147,0.54,-1.5
1991,146,0.54,-2.5
1991,145,0.54,-2.5
1991,144,0.53,-3.5
1991,143,0.54,-3.5
1991,142,0.54,-4.5
1991,141,0.54,-3.5
1991,140,0.54,-3.5
1991,139,0.53,-4.0
1991,138,0.54,-4.0
1991,137,0.53,-5.0
1991,136,0.53,-5.5
1991,135,0.53,-5.5
1991,134,0.52,-5.5
1991,133,0.52,-5.5
1991,132,0.52,-5.5
1991,131,0.51,-5.5
1991,130,0.52,-5.0
1991,129,0.51,-6.0
1991,128,0.51,-6.0
1991,127,0.5,-6.5
1991,126,0.51,-5.5
1991,125,0.5,-5.5
1991,124,0.5,-5.5
1991,123,0.5,-4.5
1991,122,0.51,-4.5
1991,121,0.51,-3.5
1991,119,0.5,-4.5
1991,120,0.51,-4.5
1991,118,0.5,-5.5
1991,117,0.5,-5.5
1991,116,0.5,-4.5
1991,115,0.5,-5.5
1991,114,0.49,-5.5
1991,113,0.49,-6.5
1991,112,0.48,-6.5
1991,111,0.49,-7.0
1991,110,0.48,-8.0
1991,109,0.48,-9.0
1991,108,0.47,-10.0
1991,107,0.47,-11.5
1991,106,0.47,-10.5
1991,105,0.48,-9.5
1991,104,0.48,-9.0
1991,103,0.49,-8.0
1991,102,0.48,-9.0
1991,101,0.48,-10.0
1991,100,0.48,-9.0
1991,99,0.47,-9.0
1991,98,0.47,-10.0
1991,97,0.47,-10.0
1991,96,0.48,-10.0
1991,95,0.48,-10.0
1991,94,0.49,-9.5
1991,93,0.48,-9.5
1991,92,0.49,-9.5
1991,91,0.49,-9.0
1991,90,0.5,-9.0
1991,89,0.51,-9.0
1991,88,0.51,-8.0
1991,87,0.52,-7.0
1991,86,0.51,-7.5
1991,85,0.51,-8.5
1991,84,0.51,-7.5
1991,83,0.51,-8.5
1991,82,0.51,-7.5
1991,81,0.52,-6.5
1991,80,0.52,-5.5
1991,79,0.53,-4.5
1991,78,0.53,-4.5
1991,77,0.52,-4.5
1991,76,0.53,-4.5
1991,75,0.52,-4.5
1991,74,0.51,-4.5
1991,73,0.51,-4.5
1991,72,0.51,-3.5
1991,71,0.52,-2.5
1991,70,0.51,-3.5
1991,69,0.52,-2.5
1991,68,0.53,-1.5
1991,67,0.54,-1.0
1991,66,0.55,0.0
1991,65,0.54,0.0
1991,64,0.53,0.0
1991,63,0.52,0.0
1991,62,0.53,0.0
1991,61,0.54,0.0
1991,60,0.55,0.5
1991,59,0.54,-0.5
1991,58,0.53,-1.5
1991,57,0.53,-1.0
1991,56,0.54,0.0
1991,55,0.53,-1.0
1991,54,0.52,-1.5
1991,53,0.53,-0.5
1991,52,0.52,-0.5
1991,51,0.51,-1.5
1991,50,0.52,-1.5
1991,49,0.53,-0.5
1991,48,0.54,0.0
1991,47,0.55,0.0
1991,46,0.57,0.0
1991,45,0.56,0.0
1991,44,0.57,0.0
1991,43,0.58,1.0
1991,42,0.57,0.0
1991,41,0.59,0.5
1991,40,0.6,0.5
1991,39,0.62,0.5
1991,38,0.61,0.5
1991,37,0.62,1.0
1991,36,0.61,0.0
1991,35,0.6,0.0
1991,34,0.59,0.0
1991,33,0.61,0.0
1991,32,0.62,1.0
1991,31,0.65,1.0
1991,30,0.63,0.0
1991,29,0.62,0.0
1991,28,0.64,1.0
1991,27,0.67,2.0
1991,26,0.65,1.5
1991,25,0.64,0.5
1991,24,0.62,0.5
1991,23,0.61,0.5
1991,22,0.64,1.0
1991,21,0.62,1.0
1991,20,0.6,0.0
1991,19,0.58,0.5
1991,18,0.61,0.5
1991,17,0.59,-0.5
1991,16,0.56,-0.5
1991,15,0.53,-1.5
1991,14,0.57,0.0
1991,13,0.62,1.0
1991,12,0.58,0.0
1991,11,0.55,-1.5
1991,10,0.5,-1.0
1991,9,0.44,-1.5
1991,8,0.38,-2.5
1991,7,0.29,-3.5
1991,6,0.33,-2.5
1991,5,0.4,-1.5
1991,4,0.25,-2.0
1991,3,0.33,-1.5
1991,2,0.5,-0.5
1991,1,1.0,0.0
1990,162,0.54,2.0
1990,161,0.54,1.0
1990,160,0.54,2.0
1990,159,0.54,1.0
1990,158,0.54,2.0
1990,157,0.54,1.0
1990,156,0.54,0.0
1990,155,0.54,-0.5
1990,154,0.53,-1.5
1990,153,0.54,-1.0
1990,152,0.54,0.0
1990,151,0.54,0.0
1990,150,0.54,-1.0
1990,149,0.54,0.0
1990,148,0.55,1.0
1990,147,0.54,1.0
1990,146,0.55,2.0
1990,145,0.55,3.0
1990,144,0.56,4.0
1990,143,0.56,4.0
1990,142,0.56,3.0
1990,140,0.56,4.0
1990,141,0.56,4.0
1990,139,0.56,4.5
1990,138,0.57,5.5
1990,137,0.56,5.5
1990,136,0.56,5.5
1990,135,0.56,6.5
1990,134,0.57,6.5
1990,133,0.57,6.5
1990,132,0.57,6.5
1990,131,0.56,6.5
1990,130,0.56,6.5
1990,129,0.56,6.0
1990,128,0.55,6.0
1990,127,0.55,5.0
1990,126,0.55,4.0
1990,125,0.54,3.0
1990,124,0.54,2.0
1990,123,0.54,1.0
1990,122,0.54,2.0
1990,121,0.54,1.0
1990,120,0.54,1.0
1990,119,0.54,0.0
1990,118,0.53,0.0
1990,117,0.54,1.0
1990,116,0.54,2.0
1990,115,0.55,2.0
1990,114,0.54,2.0
1990,113,0.55,3.0
1990,112,0.54,2.0
1990,111,0.54,2.0
1990,110,0.55,2.0
1990,109,0.54,1.0
1990,108,0.55,2.0
1990,107,0.54,1.5
1990,106,0.55,2.5
1990,105,0.54,1.5
1990,104,0.54,0.0
1990,103,0.53,0.0
1990,102,0.53,-1.0
1990,101,0.52,-1.0
1990,100,0.52,-1.0
1990,99,0.53,-1.0
1990,98,0.52,-1.0
1990,97,0.53,0.0
1990,96,0.52,-1.0
1990,95,0.53,-1.0
1990,94,0.53,-0.5
1990,93,0.54,-0.5
1990,91,0.54,0.5
1990,92,0.54,0.5
1990,90,0.54,1.0
1990,89,0.55,1.5
1990,88,0.55,0.5
1990,87,0.54,-0.5
1990,86,0.55,0.5
1990,84,0.55,0.5
1990,85,0.55,0.5
1990,83,0.55,0.0
1990,82,0.56,0.5
1990,81,0.57,0.5
1990,80,0.57,1.5
1990,79,0.58,2.5
1990,78,0.59,3.5
1990,77,0.58,3.5
1990,76,0.59,4.5
1990,75,0.59,3.5
1990,74,0.58,3.5
1990,73,0.59,3.5
1990,72,0.6,3.5
1990,71,0.59,2.5
1990,70,0.59,1.5
1990,69,0.58,0.5
1990,68,0.57,-0.5
1990,67,0.57,-0.5
1990,66,0.56,-0.5
1990,65,0.55,-2.0
1990,64,0.56,-1.0
1990,63,0.56,-2.0
1990,62,0.56,-1.5
1990,61,0.56,-1.5
1990,60,0.55,-1.5
1990,59,0.54,-1.5
1990,58,0.55,-0.5
1990,57,0.54,-0.5
1990,56,0.55,0.5
1990,55,0.56,0.5
1990,54,0.57,1.5
1990,53,0.57,1.5
1990,52,0.56,1.5
1990,51,0.55,1.5
1990,50,0.54,0.5
1990,49,0.53,0.5
1990,48,0.52,-0.5
1990,47,0.51,-1.5
1990,46,0.52,-0.5
1990,45,0.51,-1.0
1990,44,0.52,-1.0
1990,43,0.51,-1.0
1990,42,0.5,-1.5
1990,41,0.51,-1.5
1990,40,0.52,-1.5
1990,39,0.54,-1.5
1990,38,0.53,-2.5
1990,37,0.54,-2.5
1990,36,0.56,-1.5
1990,35,0.54,-2.5
1990,34,0.56,-1.5
1990,33,0.55,-2.5
1990,32,0.56,-1.0
1990,31,0.55,-2.0
1990,30,0.57,-1.0
1990,29,0.59,-1.0
1990,28,0.57,-2.0
1990,27,0.56,-2.0
1990,26,0.54,-3.0
1990,25,0.56,-2.0
1990,24,0.54,-2.0
1990,23,0.57,-2.0
1990,22,0.55,-3.0
1990,21,0.57,-2.0
1990,20,0.6,-1.5
1990,19,0.58,-1.5
1990,18,0.56,-1.5
1990,17,0.59,-0.5
1990,16,0.56,-1.5
1990,15,0.53,-2.0
1990,14,0.5,-3.0
1990,13,0.54,-2.0
1990,12,0.5,-1.5
1990,11,0.45,-2.5
1990,10,0.5,-1.5
1990,9,0.56,-0.5
1990,8,0.5,-1.5
1990,7,0.57,-0.5
1990,6,0.67,0.5
1990,5,0.6,-0.5
1990,4,0.75,0.5
1990,3,1.0,1.5
1990,2,1.0,0.5
1990,1,1.0,0.0
1989,162,0.51,-6.0
1989,161,0.51,-7.0
1989,160,0.51,-6.0
1989,159,0.51,-6.0
1989,158,0.51,-6.5
1989,157,0.51,-5.5
1989,156,0.51,-6.5
1989,155,0.5,-6.5
1989,154,0.5,-7.5
1989,153,0.5,-8.5
1989,152,0.49,-8.5
1989,151,0.49,-9.5
1989,150,0.49,-8.5
1989,149,0.49,-9.5
1989,148,0.49,-9.5
1989,147,0.48,-9.5
1989,146,0.48,-10.0
1989,145,0.48,-10.0
1989,144,0.49,-10.0
1989,143,0.49,-9.5
1989,142,0.49,-8.5
1989,141,0.5,-7.5
1989,140,0.5,-7.0
1989,139,0.5,-6.0
1989,138,0.51,-5.0
1989,137,0.5,-5.0
1989,136,0.51,-5.0
1989,135,0.5,-5.0
1989,134,0.51,-4.0
1989,133,0.5,-5.0
1989,132,0.51,-4.0
1989,131,0.5,-4.0
1989,130,0.5,-5.5
1989,129,0.5,-6.0
1989,128,0.49,-6.0
1989,127,0.49,-6.0
1989,126,0.48,-6.0
1989,125,0.48,-6.5
1989,124,0.48,-6.5
1989,123,0.47,-6.5
1989,122,0.48,-5.5
1989,121,0.48,-4.5
1989,120,0.48,-5.5
1989,119,0.48,-5.5
1989,118,0.48,-4.5
1989,117,0.49,-4.5
1989,116,0.49,-3.5
1989,115,0.5,-2.5
1989,114,0.5,-1.5
1989,113,0.5,-2.5
1989,112,0.5,-2.5
1989,111,0.5,-2.5
1989,110,0.49,-3.5
1989,109,0.5,-2.5
1989,108,0.5,-2.5
1989,107,0.5,-2.5
1989,106,0.49,-2.5
1989,105,0.5,-2.5
1989,104,0.5,-2.0
1989,103,0.5,-1.0
1989,102,0.5,-1.0
1989,101,0.5,-3.0
1989,100,0.49,-4.0
1989,99,0.48,-5.0
1989,98,0.48,-6.0
1989,97,0.48,-6.0
1989,96,0.49,-4.5
1989,95,0.48,-5.5
1989,94,0.49,-5.5
1989,93,0.48,-6.5
1989,92,0.48,-7.5
1989,91,0.48,-7.5
1989,90,0.49,-8.0
1989,89,0.48,-9.0
1989,88,0.49,-8.0
1989,87,0.49,-7.0
1989,86,0.5,-6.0
1989,85,0.51,-5.0
1989,84,0.5,-5.0
1989,83,0.49,-6.0
1989,82,0.49,-7.0
1989,81,0.49,-6.0
1989,80,0.49,-7.0
1989,79,0.48,-7.5
1989,78,0.49,-6.5
1989,77,0.49,-5.5
1989,76,0.49,-6.5
1989,75,0.48,-6.5
1989,74,0.47,-7.5
1989,73,0.47,-8.5
1989,72,0.47,-7.5
1989,71,0.48,-6.5
1989,70,0.49,-6.5
1989,69,0.48,-6.5
1989,68,0.47,-8.0
1989,67,0.48,-8.0
1989,66,0.48,-7.0
1989,65,0.49,-6.0
1989,64,0.48,-6.0
1989,63,0.49,-5.0
1989,62,0.48,-5.0
1989,61,0.48,-5.0
1989,60,0.47,-5.0
1989,59,0.47,-5.0
1989,58,0.47,-5.0
1989,57,0.47,-5.0
1989,56,0.48,-4.5
1989,55,0.47,-5.0
1989,54,0.48,-5.0
1989,53,0.47,-5.5
1989,52,0.48,-5.5
1989,51,0.47,-5.5
1989,50,0.48,-4.5
1989,49,0.49,-3.5
1989,48,0.5,-2.0
1989,47,0.49,-2.0
1989,46,0.5,-1.0
1989,45,0.49,-1.0
1989,44,0.5,-0.5
1989,43,0.51,0.5
1989,42,0.5,0.0
1989,41,0.49,0.0
1989,40,0.48,-0.5
1989,39,0.49,0.5
1989,38,0.5,0.5
1989,37,0.49,0.5
1989,36,0.47,-0.5
1989,35,0.49,0.0
1989,34,0.5,0.0
1989,33,0.52,0.5
1989,32,0.53,0.5
1989,31,0.52,0.5
1989,30,0.53,0.5
1989,29,0.55,1.0
1989,28,0.54,0.5
1989,27,0.52,0.5
1989,26,0.5,0.0
1989,25,0.52,0.5
1989,24,0.5,-0.5
1989,23,0.48,-0.5
1989,22,0.45,-1.0
1989,21,0.48,0.0
1989,20,0.45,-1.0
1989,19,0.47,-1.0
1989,18,0.5,-1.0
1989,17,0.47,-1.0
1989,16,0.44,-1.5
1989,15,0.47,-0.5
1989,14,0.5,0.0
1989,13,0.54,0.5
1989,12,0.5,0.5
1989,11,0.45,-1.0
1989,10,0.4,-1.0
1989,9,0.44,-1.0
1989,8,0.38,-2.0
1989,7,0.29,-3.0
1989,6,0.33,-2.0
1989,5,0.2,-3.0
1989,4,0.0,-3.0
1989,3,0.0,-2.0
1989,2,0.0,-2.0
1989,1,0.0,-1.0
1988,162,0.55,1.0
1988,161,0.55,2.0
1988,160,0.56,3.0
1988,159,0.56,3.0
1988,158,0.56,2.5
1988,157,0.56,3.5
1988,156,0.56,3.5
1988,155,0.57,4.5
1988,154,0.56,4.5
1988,153,0.57,5.0
1988,152,0.57,4.0
1988,151,0.57,5.0
1988,150,0.57,5.0
1988,149,0.57,6.0
1988,148,0.57,5.0
1988,147,0.56,4.5
1988,146,0.56,3.5
1988,145,0.57,4.5
1988,144,0.56,4.5
1988,143,0.56,3.5
1988,142,0.56,3.5
1988,141,0.56,3.5
1988,140,0.56,2.5
1988,139,0.55,1.0
1988,138,0.56,2.0
1988,137,0.55,1.0
1988,136,0.55,0.0
1988,135,0.55,-1.0
1988,134,0.55,-1.0
1988,133,0.56,-1.0
1988,132,0.55,-2.0
1988,131,0.56,-1.0
1988,130,0.56,-1.0
1988,129,0.57,-1.0
1988,128,0.56,-2.0
1988,127,0.57,-2.0
1988,126,0.56,-2.0
1988,125,0.57,-2.0
1988,124,0.56,-3.0
1988,123,0.56,-4.0
1988,122,0.57,-3.0
1988,121,0.56,-3.0
1988,120,0.56,-3.0
1988,119,0.56,-2.0
1988,118,0.56,-3.0
1988,117,0.56,-3.5
1988,116,0.57,-2.5
1988,115,0.57,-3.5
1988,114,0.56,-4.5
1988,113,0.57,-4.0
1988,112,0.57,-3.0
1988,111,0.57,-3.0
1988,110,0.57,-3.0
1988,109,0.57,-4.0
1988,108,0.57,-3.0
1988,107,0.58,-3.0
1988,106,0.58,-1.0
1988,105,0.59,0.0
1988,104,0.59,-1.0
1988,103,0.58,-1.5
1988,102,0.58,-1.5
1988,101,0.57,-1.5
1988,100,0.57,-1.5
1988,99,0.57,-2.5
1988,98,0.56,-2.5
1988,97,0.57,-1.5
1988,96,0.56,-1.5
1988,95,0.56,-2.5
1988,94,0.55,-3.5
1988,93,0.55,-4.5
1988,92,0.54,-5.0
1988,91,0.54,-5.0
1988,90,0.53,-6.0
1988,89,0.53,-6.0
1988,88,0.52,-7.0
1988,87,0.52,-7.0
1988,86,0.51,-7.0
1988,85,0.51,-9.0
1988,83,0.51,-9.0
1988,84,0.51,-9.0
1988,81,0.51,-8.5
1988,82,0.51,-8.5
1988,80,0.51,-9.0
1988,79,0.51,-9.0
1988,78,0.51,-8.0
1988,77,0.52,-8.0
1988,76,0.51,-8.0
1988,75,0.52,-8.0
1988,74,0.53,-7.0
1988,73,0.53,-6.0
1988,72,0.53,-7.0
1988,71,0.52,-7.0
1988,70,0.51,-7.0
1988,69,0.51,-8.0
1988,68,0.5,-8.0
1988,67,0.51,-8.0
1988,66,0.52,-7.0
1988,65,0.51,-7.0
1988,64,0.5,-7.5
1988,63,0.49,-8.5
1988,62,0.48,-8.5
1988,61,0.49,-8.5
1988,60,0.5,-8.0
1988,59,0.49,-9.0
1988,58,0.48,-10.0
1988,57,0.49,-9.0
1988,56,0.48,-9.0
1988,55,0.49,-8.0
1988,54,0.5,-8.0
1988,53,0.49,-9.0
1988,52,0.5,-8.0
1988,51,0.49,-9.0
1988,50,0.5,-8.0
1988,49,0.51,-8.0
1988,48,0.52,-7.0
1988,47,0.53,-7.0
1988,46,0.52,-7.0
1988,45,0.51,-8.0
1988,44,0.52,-7.0
1988,43,0.53,-7.0
1988,42,0.55,-6.0
1988,41,0.54,-6.0
1988,40,0.55,-5.0
1988,39,0.56,-4.0
1988,38,0.55,-4.0
1988,37,0.54,-4.0
1988,36,0.56,-4.0
1988,35,0.54,-4.5
1988,34,0.56,-4.5
1988,33,0.58,-3.5
1988,32,0.59,-2.5
1988,31,0.58,-2.5
1988,30,0.57,-3.0
1988,29,0.59,-2.0
1988,28,0.57,-2.5
1988,27,0.56,-3.5
1988,26,0.58,-3.5
1988,25,0.6,-3.5
1988,24,0.58,-3.5
1988,23,0.61,-2.5
1988,22,0.64,-2.0
1988,21,0.67,-1.0
1988,20,0.7,-1.0
1988,19,0.68,-2.0
1988,18,0.67,-2.5
1988,17,0.71,-1.5
1988,16,0.69,-2.0
1988,15,0.67,-2.0
1988,14,0.64,-2.0
1988,13,0.62,-3.0
1988,12,0.58,-3.5
1988,11,0.55,-3.5
1988,10,0.6,-3.0
1988,9,0.67,-2.0
1988,8,0.62,-2.0
1988,7,0.57,-2.0
1988,6,0.5,-2.5
1988,5,0.6,-1.5
1988,4,0.5,-1.5
1988,3,0.33,-1.5
1988,2,0.5,-1.0
1988,1,0.0,-1.0
1987,162,0.48,-20.0
1987,161,0.48,-20.0
1987,160,0.48,-19.0
1987,159,0.48,-20.0
1987,158,0.47,-20.5
1987,157,0.47,-21.5
1987,156,0.47,-21.5
1987,155,0.48,-21.5
1987,154,0.48,-21.5
1987,153,0.48,-20.5
1987,152,0.48,-20.5
1987,151,0.48,-19.5
1987,150,0.49,-18.5
1987,149,0.49,-17.5
1987,148,0.49,-18.0
1987,147,0.48,-18.0
1987,146,0.48,-19.0
1987,145,0.48,-19.0
1987,144,0.48,-18.5
1987,143,0.48,-17.5
1987,142,0.49,-16.5
1987,141,0.49,-16.0
1987,140,0.49,-16.0
1987,139,0.48,-17.0
1987,138,0.48,-18.0
1987,137,0.47,-17.5
1987,136,0.47,-18.5
1987,135,0.47,-17.5
1987,134,0.48,-17.0
1987,133,0.48,-17.0
1987,132,0.48,-17.0
1987,131,0.48,-16.0
1987,130,0.48,-15.0
1987,129,0.48,-15.5
1987,127,0.48,-15.5
1987,128,0.48,-15.5
1987,126,0.48,-14.5
1987,125,0.49,-13.5
1987,124,0.48,-13.5
1987,123,0.49,-13.5
1987,122,0.48,-13.5
1987,121,0.48,-13.5
1987,120,0.48,-14.5
1987,119,0.48,-14.0
1987,118,0.47,-14.0
1987,117,0.48,-13.5
1987,116,0.47,-13.5
1987,115,0.47,-14.5
1987,114,0.47,-14.5
1987,113,0.47,-14.5
1987,112,0.47,-13.5
1987,111,0.48,-12.5
1987,110,0.47,-13.5
1987,109,0.48,-13.0
1987,108,0.47,-13.5
1987,107,0.47,-14.5
1987,106,0.47,-13.5
1987,105,0.47,-14.5
1987,104,0.46,-15.5
1987,103,0.47,-14.5
1987,102,0.47,-14.5
1987,101,0.47,-14.0
1987,100,0.46,-14.0
1987,99,0.46,-13.0
1987,98,0.47,-12.5
1987,97,0.46,-12.5
1987,96,0.46,-13.5
1987,95,0.45,-14.5
1987,94,0.46,-14.5
1987,93,0.45,-15.5
1987,92,0.46,-14.5
1987,91,0.46,-14.5
1987,90,0.46,-15.5
1987,89,0.46,-14.5
1987,88,0.47,-13.5
1987,87,0.47,-12.5
1987,86,0.47,-13.5
1987,85,0.46,-13.5
1987,84,0.46,-13.5
1987,83,0.47,-12.5
1987,82,0.48,-11.5
1987,81,0.48,-11.5
1987,80,0.49,-11.5
1987,79,0.49,-10.5
1987,78,0.49,-11.0
1987,77,0.49,-10.5
1987,76,0.49,-10.5
1987,75,0.48,-10.5
1987,74,0.47,-10.5
1987,73,0.47,-11.5
1987,72,0.47,-10.5
1987,71,0.48,-10.5
1987,70,0.47,-10.5
1987,69,0.46,-10.5
1987,68,0.46,-11.5
1987,67,0.45,-11.5
1987,66,0.44,-12.5
1987,65,0.45,-11.5
1987,64,0.45,-11.5
1987,63,0.44,-12.5
1987,62,0.45,-12.0
1987,61,0.46,-12.0
1987,60,0.47,-11.0
1987,59,0.47,-9.5
1987,58,0.47,-9.5
1987,57,0.46,-9.5
1987,56,0.45,-10.0
1987,55,0.45,-9.0
1987,54,0.46,-9.0
1987,53,0.47,-8.0
1987,52,0.46,-9.0
1987,51,0.45,-9.0
1987,50,0.44,-9.0
1987,49,0.45,-9.0
1987,48,0.44,-9.0
1987,47,0.45,-9.0
1987,46,0.46,-9.0
1987,45,0.44,-9.0
1987,44,0.43,-10.0
1987,43,0.42,-10.5
1987,42,0.4,-10.5
1987,41,0.41,-9.5
1987,40,0.42,-8.5
1987,39,0.44,-7.5
1987,38,0.42,-8.5
1987,37,0.43,-8.5
1987,36,0.44,-7.5
1987,35,0.46,-6.5
1987,34,0.44,-7.5
1987,33,0.45,-6.0
1987,32,0.47,-6.0
1987,31,0.45,-7.0
1987,30,0.47,-6.5
1987,29,0.45,-7.5
1987,28,0.46,-7.5
1987,27,0.44,-8.5
1987,26,0.42,-9.5
1987,25,0.4,-10.5
1987,24,0.42,-10.5
1987,23,0.43,-9.5
1987,22,0.41,-9.5
1987,21,0.43,-9.5
1987,20,0.4,-9.5
1987,19,0.42,-9.5
1987,18,0.44,-8.5
1987,17,0.47,-7.5
1987,16,0.5,-6.5
1987,15,0.53,-5.5
1987,14,0.5,-6.0
1987,13,0.46,-7.0
1987,12,0.5,-6.0
1987,11,0.45,-6.0
1987,10,0.4,-6.0
1987,9,0.44,-5.0
1987,8,0.5,-4.5
1987,7,0.43,-4.5
1987,6,0.33,-4.0
1987,5,0.2,-4.0
1987,4,0.25,-3.0
1987,3,0.0,-3.0
1987,2,0.0,-2.0
1987,1,0.0,-1.0
1986,161,0.59,5.5
1986,159,0.6,6.5
1986,160,0.59,6.5
1986,158,0.6,8.5
1986,157,0.61,9.5
1986,156,0.6,8.5
1986,155,0.61,9.5
1986,154,0.6,9.0
1986,153,0.6,8.0
1986,152,0.6,7.0
1986,151,0.6,9.0
1986,150,0.61,9.5
1986,149,0.6,8.5
1986,148,0.61,9.5
1986,147,0.61,10.5
1986,146,0.61,10.0
1986,145,0.61,9.0
1986,144,0.6,9.0
1986,143,0.6,9.0
1986,142,0.61,9.0
1986,141,0.61,10.0
1986,140,0.61,9.0
1986,139,0.61,8.5
1986,138,0.61,8.0
1986,137,0.61,7.0
1986,136,0.6,6.5
1986,135,0.6,5.5
1986,134,0.6,5.5
1986,133,0.59,4.5
1986,132,0.59,4.5
1986,131,0.59,3.5
1986,130,0.58,3.5
1986,129,0.58,3.5
1986,128,0.58,3.5
1986,127,0.58,5.0
1986,126,0.59,6.5
1986,125,0.58,6.0
1986,124,0.59,6.0
1986,123,0.59,6.0
1986,122,0.6,6.0
1986,121,0.6,6.0
1986,120,0.59,5.5
1986,119,0.59,5.5
1986,118,0.59,5.5
1986,117,0.59,5.0
1986,116,0.59,4.0
1986,115,0.59,4.0
1986,114,0.59,4.0
1986,113,0.58,3.5
1986,112,0.58,3.5
1986,111,0.59,3.5
1986,110,0.59,5.0
1986,109,0.6,6.0
1986,108,0.59,5.0
1986,107,0.59,5.0
1986,106,0.58,3.5
1986,105,0.58,2.5
1986,104,0.59,3.5
1986,103,0.59,4.5
1986,102,0.59,3.5
1986,101,0.59,4.5
1986,100,0.59,4.0
1986,99,0.6,4.0
1986,98,0.6,4.0
1986,97,0.6,3.0
1986,96,0.6,4.0
1986,95,0.61,4.0
1986,94,0.61,3.0
1986,93,0.61,4.0
1986,92,0.62,5.0
1986,91,0.63,6.0
1986,90,0.63,6.0
1986,89,0.63,5.0
1986,88,0.64,6.0
1986,87,0.64,7.0
1986,86,0.65,7.0
1986,85,0.65,7.0
1986,84,0.65,8.0
1986,83,0.65,8.0
1986,82,0.65,8.0
1986,81,0.64,7.0
1986,80,0.65,8.0
1986,79,0.65,7.0
1986,78,0.65,8.0
1986,77,0.65,7.0
1986,76,0.66,8.0
1986,75,0.67,8.0
1986,74,0.66,8.0
1986,73,0.66,8.0
1986,72,0.65,7.0
1986,71,0.65,6.0
1986,70,0.64,5.0
1986,69,0.64,4.0
1986,68,0.65,5.0
1986,67,0.66,6.0
1986,66,0.67,6.0
1986,65,0.66,6.0
1986,64,0.67,6.5
1986,63,0.67,5.5
1986,62,0.66,4.5
1986,61,0.66,3.5
1986,60,0.67,3.5
1986,59,0.68,4.5
1986,58,0.67,4.0
1986,57,0.67,4.0
1986,56,0.66,3.0
1986,55,0.67,3.0
1986,54,0.69,4.0
1986,53,0.7,5.0
1986,52,0.69,4.0
1986,51,0.71,4.5
1986,50,0.7,4.5
1986,49,0.69,3.5
1986,48,0.69,2.5
1986,47,0.68,2.5
1986,46,0.67,1.5
1986,45,0.69,2.0
1986,44,0.68,2.0
1986,43,0.67,1.5
1986,42,0.67,0.5
1986,41,0.66,0.5
1986,40,0.68,1.5
1986,39,0.67,2.0
1986,38,0.66,2.0
1986,37,0.65,1.0
1986,36,0.64,0.5
1986,35,0.63,0.5
1986,34,0.62,0.5
1986,33,0.64,0.0
1986,32,0.62,-1.0
1986,31,0.65,0.0
1986,30,0.67,1.0
1986,29,0.66,-0.5
1986,28,0.64,-0.5
1986,27,0.63,-1.0
1986,26,0.62,-1.5
1986,25,0.6,-1.5
1986,24,0.62,-0.5
1986,23,0.61,-0.5
1986,22,0.59,-1.5
1986,21,0.57,-1.5
1986,20,0.6,-1.5
1986,19,0.58,-2.5
1986,18,0.56,-2.5
1986,17,0.53,-3.0
1986,16,0.5,-4.0
1986,15,0.53,-2.5
1986,14,0.57,-1.5
1986,13,0.54,-1.5
1986,12,0.58,-0.5
1986,11,0.55,-0.5
1986,10,0.5,-1.5
1986,9,0.44,-2.5
1986,8,0.38,-3.5
1986,7,0.43,-2.5
1986,6,0.5,-2.0
1986,5,0.4,-2.0
1986,4,0.5,-1.0
1986,3,0.33,-2.0
1986,2,0.0,-2.0
1986,1,0.0,-1.0
1985,163,0.5,-18.5
1985,162,0.5,-18.5
1985,161,0.5,-17.5
1985,160,0.51,-17.5
1985,159,0.51,-17.5
1985,158,0.51,-18.5
1985,157,0.5,-19.5
1985,156,0.5,-19.5
1985,155,0.5,-19.5
1985,154,0.5,-18.5
1985,153,0.5,-19.5
1985,152,0.49,-20.5
1985,151,0.5,-19.5
1985,150,0.5,-18.5
1985,149,0.5,-19.5
1985,148,0.49,-19.5
1985,147,0.5,-18.5
1985,146,0.49,-19.5
1985,145,0.49,-20.5
1985,144,0.49,-20.0
1985,143,0.49,-20.0
1985,142,0.49,-20.0
1985,141,0.49,-19.0
1985,140,0.49,-19.0
1985,139,0.49,-19.0
1985,138,0.49,-19.0
1985,137,0.49,-18.0
1985,136,0.49,-18.0
1985,135,0.48,-18.0
1985,134,0.48,-19.0
1985,133,0.48,-19.0
1985,132,0.48,-19.0
1985,131,0.47,-19.5
1985,130,0.47,-19.5
1985,129,0.47,-20.5
1985,128,0.47,-20.5
1985,127,0.47,-19.0
1985,126,0.47,-19.0
1985,125,0.46,-19.5
1985,124,0.47,-19.5
1985,123,0.47,-18.5
1985,122,0.48,-18.0
1985,121,0.48,-17.0
1985,120,0.48,-15.5
1985,119,0.48,-16.0
1985,118,0.48,-16.0
1985,117,0.49,-15.0
1985,116,0.49,-15.0
1985,115,0.5,-14.0
1985,114,0.5,-14.0
1985,113,0.5,-14.0
1985,112,0.5,-14.0
1985,111,0.5,-13.0
1985,110,0.51,-13.0
1985,109,0.51,-12.0
1985,108,0.52,-12.0
1985,107,0.52,-12.0
1985,106,0.52,-12.0
1985,105,0.52,-11.0
1985,104,0.52,-12.0
1985,103,0.51,-12.0
1985,102,0.52,-11.0
1985,101,0.51,-11.0
1985,100,0.52,-10.5
1985,99,0.53,-10.0
1985,98,0.53,-9.5
1985,97,0.54,-8.5
1985,96,0.54,-7.5
1985,95,0.54,-7.5
1985,94,0.53,-7.5
1985,93,0.53,-7.5
1985,92,0.52,-7.5
1985,91,0.52,-7.5
1985,90,0.51,-7.5
1985,89,0.52,-7.5
1985,88,0.52,-6.5
1985,87,0.52,-7.5
1985,86,0.51,-8.5
1985,85,0.52,-8.5
1985,84,0.51,-9.5
1985,83,0.51,-9.5
1985,82,0.51,-8.5
1985,81,0.51,-8.5
1985,80,0.5,-8.5
1985,79,0.51,-7.5
1985,78,0.5,-8.5
1985,77,0.51,-7.5
1985,76,0.51,-7.5
1985,75,0.51,-7.5
1985,74,0.51,-7.5
1985,73,0.52,-7.5
1985,72,0.53,-6.5
1985,71,0.54,-6.5
1985,70,0.53,-6.0
1985,69,0.54,-6.0
1985,68,0.54,-5.0
1985,67,0.54,-5.5
1985,66,0.55,-4.5
1985,65,0.54,-5.5
1985,64,0.55,-4.5
1985,63,0.56,-3.5
1985,62,0.56,-2.5
1985,61,0.57,-2.5
1985,60,0.57,-3.5
1985,59,0.56,-4.5
1985,58,0.55,-5.5
1985,57,0.54,-6.5
1985,56,0.54,-7.5
1985,55,0.53,-7.5
1985,54,0.54,-6.5
1985,53,0.53,-7.5
1985,52,0.52,-8.5
1985,51,0.51,-9.5
1985,50,0.5,-8.5
1985,49,0.49,-8.5
1985,48,0.48,-9.0
1985,47,0.47,-9.5
1985,46,0.46,-9.5
1985,45,0.47,-8.5
1985,44,0.45,-9.0
1985,43,0.44,-9.5
1985,42,0.43,-10.0
1985,41,0.44,-9.0
1985,40,0.45,-8.0
1985,39,0.46,-7.0
1985,38,0.47,-6.0
1985,37,0.46,-6.0
1985,36,0.44,-6.0
1985,35,0.46,-5.0
1985,34,0.47,-5.0
1985,33,0.48,-4.0
1985,32,0.47,-5.0
1985,31,0.48,-5.0
1985,30,0.5,-4.0
1985,29,0.52,-4.0
1985,28,0.54,-3.0
1985,27,0.52,-3.0
1985,26,0.5,-4.0
1985,25,0.48,-4.0
1985,24,0.5,-3.0
1985,23,0.48,-4.0
1985,22,0.45,-4.0
1985,21,0.43,-5.0
1985,20,0.45,-4.0
1985,19,0.47,-3.0
1985,18,0.5,-2.5
1985,17,0.53,-1.5
1985,16,0.56,-1.0
1985,15,0.53,-1.0
1985,14,0.57,-0.5
1985,13,0.54,-1.5
1985,12,0.5,-2.0
1985,11,0.55,-2.0
1985,10,0.5,-2.0
1985,9,0.56,-2.0
1985,8,0.5,-2.5
1985,7,0.57,-2.5
1985,6,0.67,-1.5
1985,5,0.8,-1.0
1985,4,1.0,0.0
1985,3,1.0,0.0
1985,2,1.0,0.0
1985,1,1.0,0.0
1984,162,0.53,-18.0
1984,161,0.53,-18.0
1984,160,0.54,-17.0
1984,159,0.53,-17.0
1984,158,0.53,-18.0
1984,157,0.54,-18.0
1984,156,0.53,-18.0
1984,155,0.54,-17.0
1984,154,0.53,-17.0
1984,153,0.53,-17.0
1984,152,0.53,-18.0
1984,151,0.53,-17.5
1984,150,0.53,-17.5
1984,149,0.52,-17.5
1984,148,0.53,-16.5
1984,147,0.52,-16.5
1984,146,0.52,-16.5
1984,145,0.52,-16.5
1984,144,0.52,-17.5
1984,143,0.52,-16.5
1984,142,0.53,-16.5
1984,141,0.52,-16.5
1984,140,0.53,-15.5
1984,139,0.53,-14.5
1984,138,0.54,-13.5
1984,137,0.53,-14.5
1984,136,0.53,-15.5
1984,135,0.53,-14.5
1984,134,0.53,-15.5
1984,133,0.53,-16.5
1984,132,0.52,-17.5
1984,131,0.52,-18.5
1984,130,0.52,-17.5
1984,129,0.52,-17.5
1984,128,0.52,-17.5
1984,127,0.51,-18.5
1984,126,0.52,-17.5
1984,125,0.51,-17.5
1984,124,0.52,-16.5
1984,123,0.51,-17.5
1984,122,0.52,-17.5
1984,121,0.52,-16.0
1984,120,0.52,-15.0
1984,119,0.52,-15.0
1984,118,0.53,-14.0
1984,117,0.52,-15.5
1984,116,0.53,-15.0
1984,115,0.52,-15.0
1984,114,0.52,-15.0
1984,113,0.52,-14.0
1984,112,0.53,-13.5
1984,111,0.52,-14.5
1984,110,0.53,-14.5
1984,108,0.52,-14.5
1984,109,0.52,-14.5
1984,107,0.52,-14.5
1984,106,0.52,-16.0
1984,105,0.51,-17.0
1984,104,0.52,-16.5
1984,103,0.52,-16.5
1984,102,0.52,-17.0
1984,101,0.52,-16.5
1984,100,0.53,-15.5
1984,98,0.52,-16.5
1984,99,0.53,-16.5
1984,97,0.53,-16.5
1984,96,0.52,-17.0
1984,95,0.52,-18.0
1984,94,0.51,-17.5
1984,93,0.51,-17.5
1984,92,0.5,-17.5
1984,91,0.49,-17.0
1984,90,0.5,-17.0
1984,89,0.49,-17.0
1984,88,0.49,-17.0
1984,87,0.48,-17.0
1984,86,0.49,-16.0
1984,85,0.48,-16.0
1984,83,0.49,-16.0
1984,84,0.49,-16.0
1984,82,0.49,-16.0
1984,81,0.48,-17.0
1984,80,0.48,-17.0
1984,79,0.47,-18.0
1984,78,0.46,-19.0
1984,77,0.47,-19.0
1984,76,0.47,-19.0
1984,75,0.48,-18.0
1984,74,0.49,-17.5
1984,73,0.48,-18.0
1984,72,0.49,-18.0
1984,71,0.48,-18.0
1984,70,0.47,-19.0
1984,69,0.46,-19.0
1984,68,0.47,-18.0
1984,67,0.46,-18.0
1984,66,0.47,-18.0
1984,65,0.48,-17.0
1984,64,0.48,-16.5
1984,63,0.49,-15.5
1984,62,0.5,-14.5
1984,61,0.51,-13.5
1984,60,0.52,-13.0
1984,59,0.53,-13.0
1984,58,0.52,-14.0
1984,57,0.51,-14.0
1984,56,0.5,-13.5
1984,55,0.49,-14.5
1984,54,0.48,-14.5
1984,53,0.49,-13.5
1984,52,0.48,-14.5
1984,51,0.47,-15.5
1984,50,0.48,-14.5
1984,49,0.47,-15.5
1984,48,0.46,-16.5
1984,47,0.45,-16.5
1984,46,0.43,-16.5
1984,45,0.42,-17.5
1984,44,0.43,-17.5
1984,43,0.44,-17.0
1984,42,0.45,-16.0
1984,41,0.44,-16.0
1984,40,0.42,-16.5
1984,39,0.41,-16.5
1984,38,0.42,-15.5
1984,37,0.43,-14.5
1984,36,0.42,-15.0
1984,35,0.4,-15.0
1984,34,0.41,-14.0
1984,33,0.39,-14.0
1984,32,0.41,-13.5
1984,31,0.42,-13.5
1984,30,0.43,-12.5
1984,29,0.41,-12.5
1984,28,0.43,-11.0
1984,27,0.41,-11.0
1984,26,0.42,-10.0
1984,25,0.44,-9.0
1984,24,0.42,-10.0
1984,23,0.39,-11.0
1984,22,0.41,-10.0
1984,21,0.43,-9.0
1984,20,0.4,-9.0
1984,19,0.37,-10.0
1984,18,0.39,-9.0
1984,17,0.35,-9.0
1984,16,0.38,-7.5
1984,15,0.33,-8.0
1984,14,0.29,-8.0
1984,13,0.31,-7.0
1984,12,0.25,-7.0
1984,11,0.27,-7.0
1984,10,0.3,-6.0
1984,9,0.33,-5.5
1984,8,0.38,-4.0
1984,7,0.43,-3.5
1984,6,0.5,-2.5
1984,5,0.6,-1.5
1984,4,0.5,-1.5
1984,3,0.67,-0.5
1984,2,0.5,-0.5
1984,1,0.0,-0.5
1983,162,0.48,-20.0
1983,161,0.48,-20.0
1983,160,0.48,-20.0
1983,159,0.48,-20.5
1983,158,0.48,-20.5
1983,157,0.48,-21.5
1983,156,0.48,-21.5
1983,155,0.48,-20.5
1983,154,0.48,-21.5
1983,153,0.48,-21.0
1983,152,0.48,-20.5
1983,151,0.48,-20.5
1983,150,0.48,-20.5
1983,149,0.48,-19.5
1983,148,0.48,-19.5
1983,147,0.48,-19.5
1983,146,0.47,-20.5
1983,145,0.48,-19.5
1983,144,0.48,-19.5
1983,143,0.48,-17.5
1983,142,0.48,-17.5
1983,141,0.48,-16.0
1983,140,0.48,-17.0
1983,139,0.48,-16.0
1983,138,0.49,-15.0
1983,137,0.48,-16.0
1983,136,0.48,-16.0
1983,135,0.48,-15.0
1983,134,0.48,-15.0
1983,133,0.47,-15.0
1983,132,0.48,-15.0
1983,130,0.47,-15.0
1983,131,0.47,-15.0
1983,129,0.47,-14.5
1983,128,0.48,-13.5
1983,127,0.48,-12.5
1983,126,0.48,-13.0
1983,125,0.48,-12.0
1983,124,0.48,-11.0
1983,123,0.49,-11.0
1983,122,0.48,-11.0
1983,121,0.49,-11.0
1983,120,0.48,-11.0
1983,118,0.49,-10.0
1983,119,0.49,-10.0
1983,117,0.5,-8.0
1983,116,0.5,-8.0
1983,115,0.5,-7.0
1983,114,0.51,-7.0
1983,113,0.5,-7.5
1983,112,0.5,-7.5
1983,111,0.5,-7.0
1983,110,0.5,-8.0
1983,109,0.5,-9.0
1983,108,0.5,-9.0
1983,107,0.5,-9.0
1983,106,0.51,-9.0
1983,105,0.5,-9.0
1983,104,0.51,-8.0
1983,103,0.5,-8.0
1983,102,0.5,-9.5
1983,101,0.5,-9.0
1983,100,0.51,-8.0
1983,99,0.51,-8.0
1983,98,0.51,-7.0
1983,97,0.52,-6.0
1983,96,0.51,-6.0
1983,95,0.52,-5.5
1983,94,0.51,-6.5
1983,93,0.51,-7.5
1983,92,0.51,-6.5
1983,91,0.51,-6.5
1983,90,0.5,-7.5
1983,89,0.49,-8.5
1983,88,0.5,-8.5
1983,87,0.49,-8.5
1983,86,0.5,-8.5
1983,85,0.51,-7.5
1983,84,0.5,-7.5
1983,83,0.49,-7.5
1983,82,0.5,-7.5
1983,81,0.51,-6.5
1983,80,0.5,-6.5
1983,79,0.51,-5.5
1983,78,0.5,-5.5
1983,77,0.51,-4.5
1983,76,0.51,-4.0
1983,75,0.51,-5.0
1983,74,0.5,-5.0
1983,72,0.5,-4.5
1983,73,0.51,-4.5
1983,71,0.51,-4.0
1983,70,0.5,-5.0
1983,69,0.49,-5.0
1983,68,0.5,-5.0
1983,67,0.49,-6.0
1983,66,0.5,-5.5
1983,65,0.51,-5.5
1983,64,0.52,-4.5
1983,63,0.51,-5.0
1983,62,0.52,-4.0
1983,61,0.51,-5.0
1983,60,0.5,-6.0
1983,59,0.51,-6.0
1983,58,0.52,-5.0
1983,57,0.51,-5.0
1983,56,0.5,-6.0
1983,55,0.51,-5.0
1983,54,0.52,-4.0
1983,53,0.53,-3.0
1983,52,0.54,-2.0
1983,51,0.55,-1.0
1983,50,0.56,0.0
1983,49,0.57,0.0
1983,48,0.56,0.0
1983,47,0.55,-0.5
1983,46,0.57,-0.5
1983,45,0.56,-1.0
1983,44,0.57,0.0
1983,43,0.58,1.0
1983,42,0.6,2.0
1983,41,0.59,1.0
1983,40,0.57,0.0
1983,39,0.56,-1.0
1983,38,0.58,0.0
1983,37,0.57,-1.0
1983,36,0.58,-1.0
1983,35,0.57,-2.0
1983,34,0.59,-2.0
1983,33,0.58,-2.0
1983,32,0.59,-1.0
1983,31,0.58,-0.5
1983,30,0.57,-1.5
1983,29,0.59,0.0
1983,28,0.57,-0.5
1983,27,0.59,0.5
1983,26,0.62,1.5
1983,25,0.6,0.5
1983,24,0.62,0.5
1983,23,0.61,0.5
1983,22,0.59,0.5
1983,21,0.57,-0.5
1983,20,0.55,-0.5
1983,19,0.53,-0.5
1983,18,0.56,-0.5
1983,17,0.53,-1.0
1983,16,0.5,-1.0
1983,15,0.53,-0.5
1983,14,0.5,-1.0
1983,13,0.46,-1.5
1983,12,0.42,-2.0
1983,11,0.45,-1.0
1983,10,0.5,-0.5
1983,9,0.44,-1.0
1983,8,0.38,-1.5
1983,7,0.29,-2.0
1983,6,0.33,-1.5
1983,5,0.4,-1.0
1983,4,0.5,-1.0
1983,3,0.67,0.0
1983,2,0.5,-0.5
1983,1,0.0,-1.0
1982,162,0.55,-6.0
1982,161,0.55,-6.0
1982,160,0.54,-7.0
1982,159,0.54,-8.5
1982,158,0.54,-9.5
1982,157,0.54,-8.5
1982,156,0.54,-7.5
1982,155,0.55,-7.0
1982,154,0.55,-8.0
1982,153,0.55,-8.0
1982,152,0.55,-8.0
1982,151,0.55,-7.0
1982,150,0.55,-8.0
1982,149,0.55,-7.0
1982,148,0.55,-7.0
1982,147,0.54,-7.0
1982,146,0.55,-6.0
1982,145,0.55,-5.5
1982,144,0.56,-4.5
1982,143,0.55,-4.5
1982,142,0.56,-4.5
1982,141,0.56,-4.0
1982,140,0.56,-5.0
1982,139,0.55,-6.0
1982,138,0.56,-5.5
1982,137,0.56,-4.5
1982,136,0.57,-3.5
1982,135,0.56,-4.5
1982,134,0.56,-4.5
1982,133,0.56,-3.5
1982,132,0.56,-4.5
1982,131,0.56,-4.5
1982,130,0.55,-4.5
1982,129,0.55,-5.5
1982,128,0.55,-5.5
1982,127,0.54,-6.5
1982,126,0.55,-5.5
1982,125,0.54,-5.5
1982,124,0.55,-5.0
1982,123,0.54,-5.0
1982,122,0.54,-6.0
1982,121,0.54,-6.0
1982,120,0.54,-5.0
1982,119,0.55,-4.0
1982,118,0.55,-3.0
1982,117,0.55,-4.0
1982,116,0.55,-4.0
1982,115,0.55,-4.5
1982,114,0.54,-5.5
1982,113,0.55,-5.5
1982,112,0.54,-4.5
1982,111,0.55,-4.5
1982,110,0.55,-3.5
1982,109,0.56,-2.5
1982,108,0.56,-2.5
1982,107,0.56,-2.5
1982,106,0.57,-1.5
1982,105,0.57,-0.5
1982,104,0.57,-0.5
1982,103,0.57,0.0
1982,102,0.57,-1.0
1982,101,0.57,-0.5
1982,100,0.58,0.5
1982,99,0.59,0.5
1982,98,0.58,-0.5
1982,97,0.58,-0.5
1982,96,0.58,0.5
1982,95,0.58,-0.5
1982,94,0.57,-1.5
1982,93,0.58,-0.5
1982,91,0.58,-0.5
1982,92,0.59,-0.5
1982,90,0.59,-0.5
1982,89,0.58,-1.5
1982,88,0.59,-0.5
1982,87,0.59,-0.5
1982,86,0.58,-0.5
1982,85,0.58,0.0
1982,84,0.58,1.0
1982,83,0.58,1.0
1982,82,0.59,2.0
1982,81,0.58,1.0
1982,80,0.57,0.0
1982,78,0.59,0.5
1982,79,0.58,0.5
1982,77,0.58,1.0
1982,76,0.58,0.0
1982,75,0.59,1.0
1982,74,0.59,2.0
1982,73,0.6,2.0
1982,72,0.61,3.0
1982,71,0.61,3.0
1982,70,0.6,2.0
1982,69,0.61,3.0
1982,68,0.62,4.0
1982,67,0.63,5.0
1982,66,0.62,4.0
1982,65,0.62,3.0
1982,64,0.61,2.0
1982,63,0.62,2.0
1982,62,0.61,1.0
1982,61,0.62,1.0
1982,60,0.62,0.0
1982,59,0.63,0.5
1982,58,0.64,1.0
1982,57,0.65,0.0
1982,56,0.64,0.0
1982,55,0.64,-1.0
1982,54,0.65,-0.5
1982,53,0.64,0.0
1982,52,0.63,0.0
1982,51,0.63,0.0
1982,50,0.62,-0.5
1982,49,0.61,-1.5
1982,48,0.62,-0.5
1982,47,0.64,0.5
1982,46,0.63,0.5
1982,45,0.64,1.0
1982,44,0.66,2.0
1982,43,0.65,2.0
1982,42,0.67,2.0
1982,41,0.68,2.0
1982,40,0.68,1.0
1982,39,0.67,1.0
1982,38,0.66,0.0
1982,37,0.65,0.0
1982,36,0.64,0.0
1982,35,0.66,1.0
1982,34,0.68,2.0
1982,33,0.67,2.5
1982,32,0.69,3.5
1982,31,0.68,3.0
1982,30,0.7,3.5
1982,29,0.69,2.5
1982,28,0.68,2.5
1982,27,0.67,1.5
1982,26,0.69,1.5
1982,25,0.68,1.0
1982,24,0.71,2.0
1982,23,0.7,2.0
1982,22,0.68,1.5
1982,21,0.67,0.5
1982,20,0.65,0.5
1982,19,0.63,0.0
1982,18,0.67,0.0
1982,16,0.62,0.0
1982,17,0.65,0.0
1982,15,0.6,-1.0
1982,14,0.57,-2.0
1982,13,0.54,-2.0
1982,12,0.5,-1.5
1982,11,0.45,-1.5
1982,10,0.4,-1.5
1982,9,0.44,-0.5
1982,8,0.38,-0.5
1982,7,0.29,-1.5
1982,6,0.33,-1.5
1982,5,0.4,-1.0
1982,4,0.5,-0.5
1982,3,0.67,0.0
1982,2,0.5,-0.5
1982,1,1.0,-0.5
1981,108,0.55,-2.5
1981,107,0.54,-3.5
1981,106,0.54,-3.5
1981,105,0.54,-2.5
1981,104,0.55,-1.5
1981,103,0.54,-2.5
1981,102,0.55,-2.0
1981,101,0.55,-1.5
1981,100,0.56,-0.5
1981,99,0.56,-1.5
1981,98,0.56,-1.0
1981,97,0.56,-2.0
1981,96,0.56,-1.0
1981,95,0.56,-2.0
1981,94,0.55,-3.0
1981,93,0.55,-4.0
1981,92,0.55,-3.0
1981,91,0.55,-3.5
1981,90,0.54,-3.5
1981,89,0.54,-5.5
1981,88,0.53,-5.5
1981,87,0.54,-4.5
1981,86,0.53,-5.5
1981,85,0.54,-4.5
1981,84,0.54,-5.0
1981,83,0.53,-5.5
1981,82,0.54,-4.5
1981,81,0.53,-4.5
1981,80,0.52,-4.5
1981,79,0.53,-4.0
1981,78,0.54,-3.5
1981,77,0.53,-4.5
1981,76,0.54,-3.5
1981,75,0.53,-3.5
1981,74,0.54,-3.0
1981,73,0.53,-3.0
1981,72,0.53,-4.0
1981,71,0.52,-4.5
1981,70,0.53,-3.5
1981,69,0.54,-3.5
1981,68,0.53,-3.5
1981,67,0.52,-3.5
1981,66,0.52,-4.0
1981,65,0.51,-4.5
1981,64,0.52,-4.5
1981,63,0.52,-4.0
1981,62,0.53,-4.0
1981,61,0.52,-5.0
1981,60,0.53,-5.0
1981,59,0.53,-5.0
1981,58,0.52,-5.0
1981,57,0.53,-5.0
1981,56,0.54,-4.0
1981,55,0.55,-4.0
1981,54,0.54,-5.0
1981,53,0.53,-5.0
1981,52,0.54,-4.0
1981,51,0.55,-3.0
1981,50,0.56,-2.0
1981,49,0.55,-2.0
1981,48,0.54,-3.0
1981,47,0.55,-3.0
1981,46,0.54,-4.0
1981,45,0.56,-4.0
1981,44,0.55,-5.0
1981,43,0.56,-4.0
1981,42,0.55,-4.0
1981,41,0.56,-3.0
1981,40,0.55,-3.0
1981,39,0.56,-3.0
1981,38,0.58,-3.0
1981,37,0.57,-3.0
1981,36,0.56,-3.0
1981,35,0.54,-4.0
1981,34,0.53,-4.0
1981,33,0.52,-4.0
1981,32,0.5,-4.5
1981,31,0.52,-3.0
1981,30,0.53,-3.0
1981,29,0.52,-3.0
1981,28,0.5,-3.5
1981,27,0.48,-3.5
1981,26,0.5,-3.5
1981,25,0.48,-3.5
1981,24,0.46,-3.5
1981,23,0.43,-3.5
1981,22,0.41,-5.0
1981,21,0.38,-5.0
1981,20,0.4,-5.0
1981,19,0.37,-5.0
1981,18,0.39,-5.0
1981,17,0.41,-4.0
1981,16,0.44,-3.5
1981,15,0.47,-3.0
1981,14,0.5,-2.0
1981,13,0.54,-1.0
1981,12,0.58,-0.5
1981,11,0.55,-1.0
1981,10,0.6,-0.5
1981,9,0.67,0.0
1981,8,0.62,-1.0
1981,7,0.57,-2.0
1981,6,0.5,-3.0
1981,5,0.6,-2.0
1981,4,0.5,-1.5
1981,3,0.33,-1.5
1981,2,0.5,-1.0
1981,1,0.0,-1.0
1980,160,0.52,-19.0
1980,159,0.52,-18.0
1980,158,0.53,-18.0
1980,157,0.53,-17.0
1980,156,0.53,-17.0
1980,155,0.53,-16.0
1980,154,0.53,-16.0
1980,153,0.54,-16.0
1980,152,0.54,-15.0
1980,151,0.54,-16.0
1980,150,0.53,-17.0
1980,149,0.53,-17.5
1980,148,0.53,-16.5
1980,147,0.54,-15.5
1980,146,0.53,-15.5
1980,145,0.54,-14.5
1980,144,0.53,-15.5
1980,143,0.54,-14.5
1980,142,0.54,-15.5
1980,141,0.54,-14.5
1980,140,0.54,-14.5
1980,139,0.54,-13.5
1980,138,0.54,-12.5
1980,137,0.55,-11.5
1980,136,0.55,-10.5
1980,135,0.56,-9.5
1980,134,0.55,-10.5
1980,133,0.55,-10.5
1980,132,0.55,-9.5
1980,131,0.55,-9.5
1980,130,0.55,-8.5
1980,129,0.56,-7.5
1980,128,0.56,-6.5
1980,127,0.56,-6.5
1980,126,0.56,-6.5
1980,125,0.55,-7.5
1980,124,0.55,-7.5
1980,123,0.54,-7.5
1980,122,0.54,-7.5
1980,121,0.54,-8.5
1980,120,0.53,-9.5
1980,119,0.53,-9.5
1980,118,0.53,-8.5
1980,117,0.53,-9.5
1980,116,0.53,-10.5
1980,115,0.53,-9.5
1980,114,0.53,-10.0
1980,113,0.52,-10.0
1980,112,0.52,-11.0
1980,111,0.52,-11.0
1980,110,0.52,-11.0
1980,109,0.52,-10.0
1980,108,0.52,-11.0
1980,107,0.52,-11.0
1980,106,0.52,-12.0
1980,105,0.51,-12.5
1980,104,0.52,-11.5
1980,103,0.51,-12.5
1980,102,0.51,-12.5
1980,101,0.5,-13.5
1980,100,0.5,-13.5
1980,99,0.51,-12.5
1980,98,0.51,-11.5
1980,97,0.51,-12.5
1980,96,0.51,-12.0
1980,95,0.52,-12.0
1980,93,0.52,-12.0
1980,94,0.51,-12.0
1980,92,0.51,-12.5
1980,91,0.51,-12.5
1980,90,0.51,-12.0
1980,89,0.52,-12.0
1980,88,0.52,-12.0
1980,87,0.53,-11.0
1980,86,0.52,-12.0
1980,85,0.52,-12.0
1980,84,0.52,-11.0
1980,83,0.53,-11.0
1980,82,0.54,-10.0
1980,81,0.53,-10.0
1980,80,0.52,-10.0
1980,79,0.53,-10.0
1980,78,0.53,-10.0
1980,77,0.53,-9.5
1980,76,0.53,-10.5
1980,75,0.52,-10.5
1980,74,0.53,-9.5
1980,73,0.52,-10.5
1980,72,0.53,-9.5
1980,71,0.54,-8.5
1980,70,0.54,-7.0
1980,69,0.55,-6.0
1980,68,0.54,-7.0
1980,67,0.54,-8.0
1980,66,0.55,-7.0
1980,65,0.54,-8.0
1980,64,0.53,-9.0
1980,63,0.54,-8.0
1980,62,0.55,-7.0
1980,61,0.54,-7.0
1980,60,0.53,-7.0
1980,59,0.53,-7.0
1980,58,0.53,-6.0
1980,57,0.53,-6.0
1980,56,0.52,-6.0
1980,55,0.51,-6.5
1980,54,0.5,-7.0
1980,53,0.49,-7.0
1980,52,0.48,-8.0
1980,51,0.49,-7.0
1980,50,0.48,-8.0
1980,49,0.49,-7.0
1980,48,0.48,-7.5
1980,47,0.49,-7.5
1980,46,0.48,-7.5
1980,45,0.49,-6.5
1980,44,0.5,-5.5
1980,43,0.49,-5.5
1980,42,0.5,-5.5
1980,41,0.49,-5.5
1980,40,0.5,-4.5
1980,39,0.51,-4.5
1980,38,0.53,-3.5
1980,37,0.51,-3.0
1980,36,0.5,-3.0
1980,35,0.49,-4.0
1980,34,0.5,-3.0
1980,33,0.52,-3.0
1980,32,0.53,-2.0
1980,31,0.52,-2.0
1980,30,0.5,-2.5
1980,29,0.48,-2.5
1980,28,0.46,-3.5
1980,27,0.48,-3.5
1980,26,0.46,-3.5
1980,25,0.48,-3.5
1980,24,0.5,-2.5
1980,23,0.48,-2.5
1980,22,0.5,-1.5
1980,21,0.52,-1.0
1980,20,0.55,0.0
1980,19,0.53,0.0
1980,18,0.5,-0.5
1980,17,0.47,-1.5
1980,16,0.5,-1.5
1980,15,0.47,-1.5
1980,14,0.5,-0.5
1980,13,0.46,-0.5
1980,12,0.5,-0.5
1980,11,0.55,-0.5
1980,10,0.6,0.5
1980,9,0.56,0.5
1980,8,0.5,-0.5
1980,7,0.57,-0.5
1980,6,0.67,0.5
1980,5,0.6,0.5
1980,4,0.5,-0.5
1980,3,0.33,-1.0
1980,2,0.0,-2.0
1980,1,0.0,-1.0
1979,160,0.57,-11.5
1979,159,0.57,-11.5
1979,158,0.57,-12.5
1979,157,0.57,-12.5
1979,156,0.56,-13.0
1979,155,0.56,-13.0
1979,154,0.56,-13.0
1979,153,0.57,-13.0
1979,152,0.57,-13.5
1979,151,0.56,-14.0
1979,150,0.57,-13.0
1979,149,0.56,-14.0
1979,148,0.56,-15.0
1979,147,0.56,-15.0
1979,146,0.56,-14.5
1979,145,0.57,-13.5
1979,144,0.56,-14.5
1979,143,0.57,-13.5
1979,142,0.57,-12.5
1979,141,0.57,-13.5
1979,140,0.57,-13.5
1979,139,0.57,-14.5
1979,138,0.57,-13.5
1979,137,0.58,-12.5
1979,136,0.58,-11.0
1979,135,0.58,-11.5
1979,134,0.58,-11.0
1979,133,0.59,-9.5
1979,132,0.59,-8.5
1979,131,0.6,-8.5
1979,130,0.59,-9.5
1979,129,0.6,-7.5
1979,128,0.6,-7.0
1979,127,0.6,-7.5
1979,126,0.6,-6.0
1979,125,0.61,-5.5
1979,124,0.61,-4.5
1979,123,0.61,-5.0
1979,122,0.61,-5.0
1979,121,0.62,-4.0
1979,120,0.62,-4.0
1979,119,0.62,-4.0
1979,118,0.63,-4.0
1979,117,0.62,-5.0
1979,116,0.62,-5.0
1979,115,0.62,-5.0
1979,114,0.61,-6.0
1979,113,0.62,-5.5
1979,112,0.62,-5.5
1979,110,0.62,-5.5
1979,111,0.61,-5.5
1979,109,0.62,-5.0
1979,108,0.62,-6.5
1979,107,0.62,-6.5
1979,106,0.61,-8.0
1979,105,0.61,-8.0
1979,104,0.62,-7.0
1979,103,0.61,-7.5
1979,102,0.61,-7.5
1979,101,0.61,-7.5
1979,100,0.62,-6.0
1979,99,0.63,-5.0
1979,98,0.62,-5.0
1979,97,0.62,-6.0
1979,96,0.62,-5.0
1979,95,0.63,-4.0
1979,94,0.63,-5.0
1979,93,0.62,-4.5
1979,92,0.63,-3.5
1979,91,0.63,-3.5
1979,90,0.63,-2.5
1979,89,0.64,-1.5
1979,88,0.64,-2.0
1979,87,0.63,-2.0
1979,86,0.63,-2.0
1979,85,0.62,-3.0
1979,84,0.62,-3.0
1979,83,0.63,-3.0
1979,82,0.63,-2.0
1979,81,0.63,-2.0
1979,80,0.62,-3.0
1979,79,0.63,-3.0
1979,78,0.63,-3.5
1979,77,0.62,-4.5
1979,76,0.62,-5.5
1979,75,0.63,-5.5
1979,74,0.64,-4.5
1979,73,0.63,-4.5
1979,72,0.62,-4.0
1979,71,0.63,-4.0
1979,70,0.63,-4.0
1979,69,0.64,-2.5
1979,68,0.63,-3.5
1979,67,0.63,-3.0
1979,66,0.62,-3.0
1979,65,0.62,-3.5
1979,64,0.61,-3.5
1979,63,0.62,-2.5
1979,62,0.61,-2.5
1979,61,0.62,-1.5
1979,60,0.62,-2.0
1979,59,0.63,-1.0
1979,58,0.62,-1.0
1979,57,0.63,-1.0
1979,56,0.62,-1.0
1979,55,0.62,-1.0
1979,54,0.61,-1.0
1979,53,0.6,-1.0
1979,52,0.6,-1.0
1979,51,0.61,0.0
1979,50,0.6,-1.0
1979,49,0.59,-1.0
1979,48,0.58,-2.0
1979,47,0.6,-1.0
1979,46,0.59,-2.0
1979,45,0.58,-2.5
1979,44,0.59,-2.0
1979,43,0.6,-2.0
1979,42,0.6,-3.5
1979,41,0.61,-2.5
1979,40,0.62,-1.5
1979,39,0.64,-0.5
1979,38,0.63,-1.5
1979,37,0.65,-0.5
1979,36,0.64,-0.5
1979,35,0.66,0.5
1979,34,0.65,-0.5
1979,33,0.67,0.5
1979,32,0.66,-0.5
1979,31,0.65,-1.0
1979,30,0.63,-1.0
1979,29,0.62,-1.0
1979,28,0.64,0.0
1979,27,0.63,-1.0
1979,26,0.65,0.0
1979,25,0.64,-1.0
1979,24,0.67,0.0
1979,23,0.65,0.0
1979,22,0.64,-0.5
1979,21,0.62,-0.5
1979,20,0.65,0.5
1979,19,0.68,1.5
1979,18,0.67,1.5
1979,17,0.71,1.5
1979,16,0.75,2.5
1979,15,0.73,2.0
1979,14,0.71,1.0
1979,13,0.69,1.0
1979,12,0.67,1.0
1979,11,0.64,0.0
1979,10,0.6,-0.5
1979,9,0.56,-1.5
1979,8,0.62,-0.5
1979,7,0.57,-1.5
1979,6,0.67,-1.0
1979,5,0.6,0.0
1979,4,0.5,-1.0
1979,3,0.67,0.0
1979,2,0.5,-1.0
1979,1,1.0,0.0
1978,163,0.61,-1.0
1978,162,0.61,0.0
1978,161,0.61,-1.0
1978,160,0.61,-1.0
1978,159,0.6,-1.0
1978,158,0.6,-1.0
1978,157,0.6,-1.0
1978,156,0.6,-1.0
1978,155,0.59,-1.0
1978,154,0.59,-2.0
1978,153,0.59,-2.0
1978,152,0.59,-2.0
1978,151,0.6,-1.5
1978,150,0.59,-2.5
1978,149,0.59,-2.5
1978,148,0.59,-3.5
1978,147,0.59,-2.5
1978,146,0.6,-1.5
1978,145,0.6,-0.5
1978,144,0.6,0.5
1978,143,0.61,0.5
1978,142,0.61,0.0
1978,141,0.61,1.0
1978,140,0.61,2.0
1978,139,0.62,3.0
1978,138,0.62,4.0
1978,137,0.62,4.0
1978,136,0.62,5.0
1978,135,0.63,5.5
1978,134,0.63,5.5
1978,133,0.63,6.5
1978,132,0.64,7.0
1978,131,0.64,7.0
1978,130,0.64,7.5
1978,129,0.64,7.5
1978,128,0.63,7.5
1978,127,0.63,7.5
1978,126,0.63,7.5
1978,125,0.62,6.0
1978,124,0.63,7.0
1978,123,0.63,8.5
1978,122,0.63,7.5
1978,121,0.64,7.5
1978,120,0.63,7.5
1978,119,0.63,7.0
1978,118,0.63,7.0
1978,117,0.63,8.0
1978,116,0.64,9.0
1978,114,0.63,8.0
1978,115,0.63,8.0
1978,113,0.63,6.5
1978,112,0.63,7.5
1978,111,0.63,7.5
1978,110,0.64,8.0
1978,109,0.63,7.0
1978,108,0.63,6.0
1978,107,0.63,5.0
1978,106,0.63,6.0
1978,105,0.63,5.0
1978,104,0.62,5.0
1978,103,0.63,5.5
1978,102,0.63,4.5
1978,101,0.63,5.5
1978,100,0.63,4.5
1978,99,0.64,4.5
1978,98,0.64,5.5
1978,97,0.65,5.5
1978,96,0.66,5.5
1978,95,0.65,5.5
1978,94,0.66,5.0
1978,93,0.67,6.0
1978,92,0.67,7.0
1978,91,0.68,8.0
1978,90,0.69,9.0
1978,89,0.69,8.5
1978,88,0.68,8.5
1978,87,0.68,8.5
1978,86,0.67,8.0
1978,85,0.67,8.0
1978,84,0.68,8.0
1978,83,0.69,9.0
1978,82,0.7,10.0
1978,81,0.69,10.0
1978,80,0.69,9.5
1978,79,0.7,10.0
1978,78,0.69,10.0
1978,77,0.69,8.5
1978,76,0.68,7.0
1978,75,0.69,8.0
1978,74,0.7,9.0
1978,73,0.7,8.5
1978,72,0.71,9.5
1978,71,0.7,8.5
1978,70,0.7,8.5
1978,69,0.7,7.5
1978,68,0.69,7.0
1978,67,0.69,6.0
1978,66,0.7,7.0
1978,65,0.69,6.5
1978,64,0.7,7.0
1978,63,0.7,7.0
1978,62,0.69,6.0
1978,61,0.69,6.0
1978,60,0.68,6.0
1978,59,0.68,6.0
1978,58,0.67,6.0
1978,57,0.67,5.0
1978,56,0.66,4.0
1978,55,0.65,4.5
1978,54,0.67,4.5
1978,53,0.68,4.5
1978,52,0.69,4.5
1978,51,0.69,3.5
1978,50,0.68,3.0
1978,49,0.69,3.0
1978,48,0.69,2.0
1978,47,0.68,2.0
1978,46,0.67,2.0
1978,45,0.67,2.0
1978,44,0.66,1.0
1978,43,0.65,1.0
1978,42,0.64,1.0
1978,41,0.63,0.5
1978,40,0.65,0.5
1978,39,0.64,0.0
1978,38,0.63,0.0
1978,37,0.65,0.0
1978,36,0.64,-1.0
1978,35,0.66,0.0
1978,34,0.65,0.0
1978,33,0.67,1.0
1978,32,0.66,1.0
1978,31,0.65,-0.5
1978,30,0.63,-1.0
1978,29,0.66,-0.5
1978,28,0.64,-1.5
1978,27,0.63,-2.0
1978,26,0.62,-2.0
1978,25,0.6,-2.0
1978,24,0.58,-3.0
1978,23,0.57,-3.5
1978,22,0.55,-3.5
1978,21,0.57,-2.5
1978,20,0.55,-3.0
1978,19,0.58,-3.0
1978,18,0.61,-2.0
1978,17,0.65,-1.0
1978,16,0.69,-1.0
1978,15,0.67,-0.5
1978,14,0.71,-0.5
1978,13,0.69,-0.5
1978,12,0.75,0.5
1978,11,0.73,0.0
1978,10,0.7,-0.5
1978,9,0.67,-1.0
1978,8,0.62,-1.0
1978,7,0.57,-1.0
1978,6,0.5,-2.0
1978,5,0.4,-3.0
1978,4,0.25,-2.5
1978,3,0.33,-2.0
1978,2,0.0,-2.0
1978,1,0.0,-1.0
1977,161,0.6,-2.0
1977,160,0.61,-2.0
1977,159,0.6,-3.0
1977,158,0.6,-4.0
1977,157,0.61,-3.0
1977,156,0.6,-3.0
1977,155,0.6,-3.0
1977,154,0.6,-2.5
1977,153,0.59,-3.0
1977,152,0.59,-3.0
1977,151,0.6,-2.5
1977,150,0.59,-3.5
1977,149,0.59,-4.5
1977,148,0.59,-4.5
1977,147,0.59,-3.5
1977,146,0.6,-2.5
1977,145,0.59,-3.5
1977,144,0.6,-2.5
1977,143,0.6,-1.5
1977,142,0.6,-2.0
1977,141,0.6,-3.0
1977,140,0.59,-3.0
1977,139,0.59,-3.5
1977,138,0.59,-3.5
1977,137,0.59,-2.5
1977,136,0.59,-2.5
1977,135,0.59,-2.5
1977,134,0.58,-4.5
1977,133,0.58,-4.5
1977,132,0.58,-4.5
1977,131,0.58,-3.5
1977,130,0.58,-4.0
1977,129,0.58,-3.0
1977,128,0.58,-3.0
1977,127,0.58,-2.0
1977,126,0.58,-2.0
1977,125,0.58,-3.0
1977,124,0.58,-2.0
1977,122,0.58,-2.0
1977,123,0.58,-2.0
1977,121,0.59,-0.5
1977,120,0.59,0.5
1977,119,0.6,0.5
1977,118,0.6,1.5
1977,117,0.61,2.5
1977,116,0.61,3.5
1977,115,0.61,3.0
1977,114,0.61,3.5
1977,113,0.61,3.5
1977,112,0.61,2.5
1977,111,0.6,2.5
1977,110,0.6,1.5
1977,109,0.6,1.5
1977,108,0.6,2.5
1977,107,0.6,3.5
1977,106,0.59,2.5
1977,105,0.59,1.5
1977,104,0.59,0.5
1977,103,0.58,0.0
1977,102,0.58,0.0
1977,101,0.57,0.0
1977,100,0.57,-1.0
1977,99,0.57,-1.0
1977,98,0.56,-1.0
1977,97,0.56,-2.0
1977,96,0.56,-1.0
1977,95,0.56,-2.0
1977,94,0.56,-1.0
1977,93,0.57,0.5
1977,92,0.58,0.5
1977,91,0.57,-0.5
1977,90,0.58,-0.5
1977,89,0.57,-0.5
1977,88,0.58,-0.5
1977,87,0.57,-0.5
1977,86,0.58,0.5
1977,85,0.58,0.5
1977,84,0.57,0.5
1977,83,0.58,0.5
1977,81,0.57,0.5
1977,82,0.57,0.5
1977,80,0.56,-1.0
1977,79,0.57,-1.0
1977,78,0.56,-1.0
1977,77,0.56,-1.0
1977,76,0.55,-1.0
1977,75,0.55,-1.0
1977,74,0.55,-0.5
1977,73,0.56,0.5
1977,72,0.57,1.0
1977,71,0.58,1.5
1977,70,0.59,2.0
1977,69,0.59,2.0
1977,68,0.6,3.0
1977,67,0.61,4.0
1977,66,0.62,5.0
1977,65,0.62,4.5
1977,64,0.61,4.5
1977,63,0.6,3.5
1977,62,0.6,2.5
1977,61,0.59,1.5
1977,60,0.58,0.5
1977,59,0.58,-0.5
1977,58,0.59,0.5
1977,57,0.58,0.5
1977,55,0.56,-0.5
1977,56,0.57,-0.5
1977,54,0.56,-1.0
1977,53,0.55,-1.0
1977,52,0.54,-1.0
1977,51,0.55,-1.0
1977,50,0.54,-1.0
1977,49,0.53,-2.0
1977,48,0.52,-2.5
1977,47,0.53,-1.5
1977,46,0.54,-1.5
1977,45,0.53,-2.5
1977,44,0.52,-3.5
1977,43,0.53,-2.5
1977,42,0.55,-2.5
1977,41,0.54,-2.5
1977,40,0.52,-2.5
1977,39,0.54,-2.5
1977,38,0.55,-1.5
1977,37,0.57,-0.5
1977,36,0.56,-0.5
1977,35,0.57,-0.5
1977,34,0.56,-0.5
1977,33,0.55,-1.0
1977,32,0.56,-0.5
1977,31,0.58,0.0
1977,30,0.57,-1.0
1977,29,0.55,-1.5
1977,28,0.54,-1.5
1977,27,0.52,-2.0
1977,26,0.54,-2.0
1977,25,0.56,-1.5
1977,24,0.54,-1.5
1977,23,0.52,-1.5
1977,22,0.55,-1.5
1977,21,0.52,-2.5
1977,20,0.5,-3.5
1977,19,0.53,-2.0
1977,18,0.5,-2.5
1977,17,0.47,-3.5
1977,16,0.44,-3.5
1977,15,0.47,-2.5
1977,14,0.43,-3.5
1977,13,0.38,-3.5
1977,12,0.42,-3.5
1977,11,0.36,-3.5
1977,10,0.4,-3.0
1977,9,0.44,-3.0
1977,8,0.38,-3.0
1977,6,0.33,-3.5
1977,7,0.29,-3.5
1977,5,0.2,-3.0
1977,4,0.0,-3.0
1977,3,0.0,-2.0
1977,2,0.0,-2.0
1977,1,0.0,-1.0
1976,162,0.51,-15.5
1976,161,0.51,-16.0
1976,160,0.51,-15.5
1976,159,0.5,-16.0
1976,158,0.51,-15.0
1976,157,0.5,-16.0
1976,156,0.5,-16.5
1976,155,0.5,-16.5
1976,154,0.5,-16.0
1976,153,0.5,-17.0
1976,152,0.49,-18.5
1976,151,0.5,-18.5
1976,150,0.49,-19.0
1976,149,0.49,-20.0
1976,148,0.49,-20.0
1976,147,0.48,-20.0
1976,146,0.48,-20.0
1976,145,0.48,-20.5
1976,144,0.47,-20.5
1976,143,0.48,-19.5
1976,142,0.48,-19.5
1976,141,0.48,-20.0
1976,140,0.48,-20.0
1976,139,0.48,-19.0
1976,138,0.48,-19.0
1976,137,0.47,-19.0
1976,136,0.48,-18.0
1976,135,0.48,-17.0
1976,134,0.49,-17.0
1976,133,0.49,-17.0
1976,132,0.48,-17.0
1976,131,0.48,-17.0
1976,130,0.48,-18.0
1976,129,0.48,-17.0
1976,128,0.48,-17.0
1976,127,0.47,-18.0
1976,126,0.48,-17.0
1976,125,0.47,-17.0
1976,124,0.48,-16.5
1976,123,0.47,-16.5
1976,122,0.48,-15.5
1976,121,0.47,-15.5
1976,120,0.48,-15.5
1976,119,0.47,-16.5
1976,118,0.47,-17.5
1976,117,0.47,-17.0
1976,116,0.47,-16.0
1976,115,0.47,-16.0
1976,114,0.47,-15.5
1976,113,0.47,-15.5
1976,112,0.47,-15.5
1976,111,0.48,-14.5
1976,110,0.48,-13.5
1976,109,0.48,-13.5
1976,108,0.48,-12.5
1976,107,0.49,-12.5
1976,106,0.48,-13.5
1976,105,0.48,-14.0
1976,104,0.47,-15.0
1976,103,0.47,-15.5
1976,102,0.47,-14.5
1976,101,0.47,-14.5
1976,100,0.46,-15.5
1976,99,0.45,-15.5
1976,98,0.45,-17.5
1976,97,0.45,-16.5
1976,96,0.45,-17.0
1976,95,0.45,-17.0
1976,94,0.45,-18.0
1976,93,0.45,-18.0
1976,92,0.46,-17.0
1976,91,0.46,-16.0
1976,90,0.47,-15.0
1976,89,0.47,-15.0
1976,88,0.48,-14.0
1976,87,0.47,-14.0
1976,86,0.48,-13.0
1976,85,0.48,-13.0
1976,84,0.49,-12.0
1976,83,0.49,-12.0
1976,82,0.5,-10.5
1976,81,0.49,-10.5
1976,80,0.5,-9.5
1976,79,0.49,-9.5
1976,78,0.5,-9.5
1976,77,0.51,-8.5
1976,76,0.5,-8.5
1976,75,0.51,-8.5
1976,74,0.5,-9.0
1976,73,0.49,-10.0
1976,72,0.49,-10.0
1976,71,0.49,-9.0
1976,70,0.49,-9.0
1976,69,0.49,-9.0
1976,68,0.49,-9.5
1976,67,0.48,-10.5
1976,66,0.47,-11.5
1976,65,0.48,-10.0
1976,64,0.47,-10.0
1976,63,0.48,-9.0
1976,62,0.48,-8.0
1976,61,0.49,-8.0
1976,60,0.48,-9.0
1976,59,0.49,-8.0
1976,58,0.48,-8.0
1976,57,0.49,-7.0
1976,56,0.48,-7.0
1976,55,0.47,-7.0
1976,54,0.48,-6.0
1976,53,0.49,-5.0
1976,52,0.48,-5.5
1976,51,0.47,-6.5
1976,50,0.46,-7.5
1976,49,0.47,-6.5
1976,48,0.48,-6.5
1976,47,0.47,-6.5
1976,46,0.48,-5.5
1976,45,0.47,-6.0
1976,44,0.45,-7.0
1976,43,0.47,-7.0
1976,42,0.45,-8.0
1976,41,0.46,-7.0
1976,40,0.48,-6.0
1976,39,0.46,-6.0
1976,38,0.47,-6.0
1976,37,0.49,-5.0
1976,36,0.47,-6.0
1976,35,0.49,-5.0
1976,34,0.47,-6.0
1976,33,0.45,-6.0
1976,32,0.44,-7.0
1976,31,0.45,-6.0
1976,30,0.47,-5.0
1976,29,0.45,-6.0
1976,28,0.43,-6.0
1976,27,0.41,-6.0
1976,26,0.38,-6.5
1976,25,0.4,-6.5
1976,24,0.38,-6.5
1976,23,0.35,-7.5
1976,22,0.32,-8.5
1976,21,0.29,-8.5
1976,20,0.3,-8.5
1976,19,0.32,-8.5
1976,18,0.33,-8.5
1976,17,0.35,-6.0
1976,16,0.38,-5.0
1976,15,0.4,-4.0
1976,14,0.43,-4.0
1976,13,0.46,-4.0
1976,12,0.5,-3.0
1976,11,0.55,-1.5
1976,10,0.5,-2.0
1976,9,0.44,-2.0
1976,8,0.38,-2.5
1976,7,0.43,-2.5
1976,6,0.33,-2.5
1976,5,0.4,-1.5
1976,4,0.5,-1.0
1976,3,0.33,-1.0
1976,2,0.0,-2.0
1976,1,0.0,-1.0
1975,160,0.59,4.5
1975,159,0.6,5.0
1975,158,0.6,4.5
1975,157,0.6,4.5
1975,156,0.6,4.0
1975,155,0.59,3.5
1975,154,0.59,3.5
1975,153,0.59,4.5
1975,152,0.59,4.5
1975,151,0.6,5.5
1975,150,0.59,4.5
1975,149,0.59,4.0
1975,147,0.59,4.0
1975,148,0.59,4.0
1975,146,0.59,5.0
1975,144,0.59,5.0
1975,145,0.59,5.0
1975,143,0.59,5.0
1975,142,0.59,6.0
1975,141,0.6,7.0
1975,140,0.6,7.0
1975,139,0.6,6.5
1975,138,0.59,6.5
1975,137,0.6,8.0
1975,136,0.6,7.0
1975,135,0.59,6.0
1975,134,0.59,5.5
1975,133,0.59,6.0
1975,132,0.6,6.5
1975,131,0.6,7.5
1975,130,0.6,7.0
1975,129,0.6,7.0
1975,128,0.6,7.5
1975,127,0.6,6.5
1975,126,0.6,6.5
1975,125,0.6,7.0
1975,124,0.6,8.0
1975,123,0.6,6.5
1975,122,0.6,6.5
1975,121,0.6,7.0
1975,120,0.6,6.0
1975,119,0.6,5.5
1975,118,0.6,6.0
1975,117,0.61,7.0
1975,116,0.6,6.0
1975,115,0.61,7.0
1975,114,0.61,6.0
1975,113,0.6,6.0
1975,112,0.61,7.0
1975,111,0.6,7.0
1975,110,0.6,7.5
1975,109,0.61,8.5
1975,108,0.61,9.5
1975,107,0.61,8.5
1975,106,0.6,8.5
1975,105,0.6,9.0
1975,104,0.6,9.0
1975,103,0.59,8.0
1975,102,0.6,8.0
1975,101,0.6,9.0
1975,100,0.6,8.0
1975,99,0.6,8.0
1975,98,0.59,8.0
1975,97,0.59,7.0
1975,96,0.59,8.0
1975,95,0.59,6.5
1975,94,0.59,6.0
1975,93,0.58,6.0
1975,92,0.59,6.0
1975,91,0.58,6.0
1975,90,0.59,6.5
1975,89,0.58,5.5
1975,88,0.58,5.0
1975,87,0.57,4.0
1975,86,0.57,3.5
1975,85,0.56,3.5
1975,84,0.56,2.5
1975,83,0.55,2.0
1975,82,0.55,1.0
1975,81,0.54,1.0
1975,80,0.54,1.0
1975,79,0.54,1.0
1975,78,0.54,0.0
1975,77,0.55,0.0
1975,76,0.55,0.0
1975,75,0.56,1.0
1975,74,0.57,1.0
1975,73,0.56,1.0
1975,72,0.57,1.0
1975,71,0.58,1.0
1975,70,0.57,0.5
1975,69,0.57,-0.5
1975,68,0.57,0.5
1975,67,0.57,-0.5
1975,66,0.56,-1.5
1975,65,0.57,-0.5
1975,64,0.58,0.5
1975,62,0.58,1.5
1975,63,0.59,1.5
1975,61,0.59,2.0
1975,60,0.6,3.0
1975,59,0.59,2.5
1975,58,0.59,1.5
1975,57,0.58,1.0
1975,56,0.57,1.0
1975,55,0.56,1.0
1975,54,0.56,0.0
1975,53,0.57,0.0
1975,52,0.56,0.5
1975,51,0.57,1.0
1975,50,0.56,1.0
1975,49,0.57,2.0
1975,48,0.58,2.0
1975,47,0.6,3.0
1975,46,0.59,3.0
1975,45,0.58,3.5
1975,44,0.57,3.0
1975,43,0.56,3.0
1975,42,0.57,4.0
1975,41,0.56,2.5
1975,40,0.55,1.5
1975,39,0.56,2.0
1975,38,0.55,1.5
1975,37,0.54,0.5
1975,36,0.56,0.5
1975,35,0.54,-0.5
1975,34,0.53,-1.5
1975,33,0.55,-1.5
1975,32,0.53,-2.5
1975,31,0.52,-2.5
1975,30,0.5,-3.0
1975,29,0.48,-4.0
1975,28,0.5,-4.0
1975,27,0.52,-3.0
1975,26,0.54,-1.5
1975,25,0.56,-1.5
1975,24,0.58,-1.0
1975,23,0.57,-2.0
1975,22,0.59,-1.0
1975,21,0.57,-1.5
1975,20,0.55,-1.5
1975,19,0.53,-2.5
1975,18,0.5,-2.5
1975,17,0.47,-2.0
1975,16,0.44,-3.0
1975,15,0.47,-2.0
1975,14,0.5,-1.0
1975,13,0.54,-0.5
1975,12,0.58,0.0
1975,11,0.55,0.0
1975,10,0.6,0.0
1975,9,0.67,0.5
1975,8,0.62,0.0
1975,7,0.71,1.0
1975,6,0.67,0.0
1975,5,0.6,0.0
1975,4,0.75,0.0
1975,3,0.67,0.0
1975,2,0.5,-0.5
1975,1,1.0,0.0
1974,162,0.52,-7.0
1974,161,0.52,-6.0
1974,160,0.52,-6.0
1974,159,0.52,-5.0
1974,158,0.53,-4.0
1974,157,0.52,-4.0
1974,156,0.52,-4.0
1974,155,0.52,-4.5
1974,154,0.52,-3.5
1974,153,0.52,-3.5
1974,152,0.51,-5.0
1974,151,0.52,-4.0
1974,150,0.51,-4.0
1974,149,0.52,-3.0
1974,148,0.52,-2.5
1974,147,0.52,-3.5
1974,146,0.52,-3.5
1974,145,0.52,-2.5
1974,144,0.53,-1.5
1974,143,0.52,-2.5
1974,142,0.52,-2.5
1974,141,0.52,-2.0
1974,140,0.53,-1.0
1974,139,0.53,0.0
1974,138,0.53,-1.0
1974,137,0.53,-1.5
1974,136,0.53,-0.5
1974,135,0.53,0.0
1974,133,0.54,1.0
1974,134,0.54,1.0
1974,132,0.55,2.0
1974,131,0.55,3.0
1974,130,0.55,4.0
1974,129,0.56,5.0
1974,128,0.55,4.5
1974,127,0.56,5.5
1974,126,0.56,5.0
1974,125,0.56,6.0
1974,124,0.56,7.0
1974,123,0.56,6.0
1974,122,0.56,5.5
1974,121,0.55,5.0
1974,120,0.55,4.5
1974,119,0.55,3.5
1974,118,0.55,4.5
1974,117,0.55,4.0
1974,116,0.55,4.0
1974,115,0.55,3.5
1974,114,0.55,4.0
1974,113,0.55,4.0
1974,112,0.55,4.0
1974,111,0.55,3.0
1974,110,0.55,3.0
1974,109,0.55,2.0
1974,108,0.55,2.0
1974,107,0.54,1.5
1974,106,0.55,2.0
1974,105,0.54,1.5
1974,104,0.55,2.5
1974,103,0.54,2.5
1974,102,0.54,2.5
1974,101,0.53,1.5
1974,100,0.54,2.5
1974,99,0.54,1.5
1974,98,0.53,0.5
1974,97,0.53,0.5
1974,96,0.53,0.5
1974,95,0.53,0.5
1974,94,0.53,0.5
1974,93,0.54,1.0
1974,92,0.53,1.0
1974,91,0.54,1.5
1974,90,0.53,0.5
1974,89,0.54,0.5
1974,88,0.55,0.5
1974,87,0.54,-0.5
1974,86,0.55,0.0
1974,85,0.55,0.5
1974,84,0.55,-0.5
1974,83,0.54,-0.5
1974,82,0.54,-1.5
1974,80,0.54,-1.5
1974,81,0.54,-1.5
1974,79,0.54,-1.0
1974,78,0.55,0.5
1974,77,0.56,0.5
1974,76,0.57,0.5
1974,75,0.57,2.0
1974,74,0.57,2.0
1974,73,0.56,2.5
1974,72,0.57,3.5
1974,71,0.56,2.5
1974,70,0.57,3.5
1974,69,0.58,4.0
1974,68,0.59,4.5
1974,67,0.58,3.5
1974,66,0.58,2.5
1974,65,0.57,2.5
1974,64,0.58,3.5
1974,63,0.57,3.5
1974,62,0.56,2.5
1974,61,0.57,3.5
1974,60,0.57,3.0
1974,59,0.56,3.0
1974,58,0.57,3.0
1974,57,0.56,2.0
1974,56,0.55,1.0
1974,55,0.55,0.5
1974,54,0.54,-0.5
1974,53,0.55,0.5
1974,52,0.56,2.0
1974,51,0.55,1.0
1974,50,0.54,1.0
1974,49,0.55,1.5
1974,48,0.54,0.5
1974,47,0.53,-0.5
1974,46,0.54,-0.5
1974,45,0.56,0.5
1974,44,0.55,0.5
1974,43,0.53,0.5
1974,42,0.52,-0.5
1974,41,0.54,0.5
1974,40,0.52,0.0
1974,39,0.51,-1.0
1974,38,0.5,-0.5
1974,37,0.49,-0.5
1974,36,0.47,-2.5
1974,35,0.46,-2.5
1974,34,0.47,-1.5
1974,33,0.45,-2.5
1974,32,0.47,-1.5
1974,31,0.48,-1.5
1974,30,0.47,-2.5
1974,29,0.45,-3.5
1974,28,0.46,-2.5
1974,27,0.44,-3.5
1974,26,0.42,-3.5
1974,25,0.4,-3.5
1974,24,0.42,-4.0
1974,23,0.43,-3.5
1974,22,0.45,-2.5
1974,21,0.48,-2.5
1974,20,0.5,-2.0
1974,19,0.47,-2.0
1974,18,0.5,-2.0
1974,17,0.53,-1.0
1974,16,0.56,-0.5
1974,15,0.6,0.5
1974,14,0.64,0.5
1974,13,0.62,0.0
1974,12,0.58,-1.0
1974,11,0.55,-1.0
1974,10,0.5,-1.5
1974,9,0.56,-1.0
1974,8,0.5,-1.0
1974,7,0.57,-1.0
1974,6,0.67,0.0
1974,5,0.6,-0.5
1974,4,0.5,-1.0
1974,3,0.33,-2.0
1974,2,0.5,-0.5
1974,1,1.0,0.0
1973,162,0.55,-8.0
1973,161,0.55,-8.5
1973,160,0.54,-9.0
1973,159,0.54,-9.0
1973,158,0.54,-10.5
1973,157,0.54,-9.5
1973,156,0.54,-9.5
1973,155,0.54,-10.0
1973,154,0.54,-9.0
1973,153,0.54,-8.0
1973,152,0.55,-6.5
1973,151,0.54,-7.5
1973,150,0.54,-7.0
1973,149,0.54,-6.5
1973,148,0.55,-6.5
1973,147,0.54,-7.0
1973,146,0.55,-6.0
1973,145,0.54,-5.5
1973,144,0.55,-4.5
1973,143,0.55,-5.5
1973,142,0.55,-5.0
1973,141,0.55,-4.0
1973,140,0.55,-4.0
1973,139,0.55,-5.0
1973,138,0.54,-6.0
1973,137,0.54,-6.0
1973,136,0.54,-6.0
1973,135,0.54,-6.0
1973,134,0.54,-6.0
1973,133,0.54,-6.0
1973,132,0.55,-5.5
1973,131,0.55,-5.0
1973,130,0.55,-5.0
1973,129,0.55,-5.0
1973,128,0.55,-5.0
1973,127,0.55,-4.0
1973,126,0.55,-4.0
1973,125,0.54,-4.0
1973,124,0.54,-4.0
1973,123,0.54,-4.0
1973,122,0.53,-4.0
1973,121,0.53,-4.0
1973,120,0.52,-4.0
1973,119,0.52,-4.0
1973,118,0.53,-3.5
1973,117,0.53,-3.5
1973,116,0.53,-2.5
1973,115,0.53,-2.5
1973,114,0.53,-2.5
1973,113,0.53,-2.0
1973,112,0.54,-1.5
1973,111,0.53,-1.5
1973,110,0.54,-1.0
1973,109,0.53,-1.5
1973,108,0.53,-2.5
1973,107,0.53,-1.5
1973,106,0.54,-1.5
1973,105,0.53,-1.5
1973,104,0.53,-2.5
1973,103,0.52,-3.5
1973,102,0.53,-2.5
1973,101,0.52,-3.5
1973,100,0.53,-3.5
1973,99,0.54,-3.5
1973,98,0.53,-4.5
1973,97,0.54,-3.5
1973,96,0.54,-2.5
1973,95,0.55,-2.0
1973,94,0.54,-2.5
1973,93,0.54,-2.0
1973,92,0.54,-1.5
1973,91,0.54,-2.5
1973,90,0.54,-2.5
1973,89,0.55,-0.5
1973,88,0.55,-1.0
1973,87,0.54,-1.0
1973,86,0.53,-2.0
1973,85,0.54,-1.0
1973,84,0.54,-1.0
1973,83,0.54,0.0
1973,82,0.54,-1.0
1973,80,0.52,-2.0
1973,81,0.53,-2.0
1973,79,0.53,-1.5
1973,78,0.53,-3.0
1973,77,0.52,-3.0
1973,75,0.51,-4.0
1973,76,0.51,-4.0
1973,74,0.5,-6.0
1973,73,0.51,-5.0
1973,72,0.5,-6.0
1973,71,0.49,-6.0
1973,69,0.49,-4.0
1973,70,0.5,-4.0
1973,68,0.5,-5.0
1973,67,0.51,-4.0
1973,66,0.5,-5.0
1973,65,0.49,-4.5
1973,64,0.5,-4.5
1973,63,0.49,-3.5
1973,62,0.5,-2.5
1973,61,0.49,-3.0
1973,60,0.48,-3.0
1973,59,0.47,-5.0
1973,58,0.48,-4.0
1973,57,0.47,-4.0
1973,56,0.48,-3.0
1973,55,0.49,-2.0
1973,54,0.5,-2.0
1973,53,0.51,-1.5
1973,52,0.5,-2.0
1973,51,0.49,-3.0
1973,50,0.48,-3.5
1973,49,0.49,-3.0
1973,48,0.48,-4.0
1973,47,0.47,-4.0
1973,46,0.46,-4.5
1973,45,0.47,-3.5
1973,44,0.48,-3.5
1973,43,0.47,-3.5
1973,42,0.48,-3.5
1973,41,0.46,-3.5
1973,40,0.45,-4.0
1973,39,0.46,-3.0
1973,38,0.45,-3.0
1973,37,0.46,-2.0
1973,36,0.44,-2.0
1973,35,0.43,-3.0
1973,34,0.44,-3.0
1973,33,0.42,-3.5
1973,32,0.44,-2.5
1973,31,0.45,-1.5
1973,30,0.47,-0.5
1973,29,0.48,0.0
1973,28,0.46,-1.0
1973,27,0.44,-1.0
1973,26,0.46,-0.5
1973,25,0.44,-1.0
1973,24,0.42,-1.5
1973,23,0.43,-1.0
1973,22,0.41,-1.5
1973,21,0.43,-1.5
1973,20,0.4,-1.5
1973,19,0.42,-1.5
1973,18,0.39,-2.5
1973,17,0.41,-2.0
1973,16,0.44,-2.0
1973,15,0.47,-1.5
1973,14,0.43,-2.5
1973,13,0.46,-2.5
1973,12,0.42,-2.5
1973,11,0.45,-2.0
1973,10,0.4,-3.0
1973,9,0.44,-2.0
1973,8,0.5,-2.0
1973,7,0.57,-2.0
1973,6,0.67,-1.0
1973,5,0.8,-0.5
1973,4,1.0,0.0
1973,3,1.0,0.5
1973,2,1.0,0.0
1973,1,1.0,0.0
1972,155,0.55,-0.5
1972,154,0.55,-1.5
1972,153,0.55,-0.5
1972,152,0.55,0.5
1972,151,0.56,1.5
1972,150,0.55,1.5
1972,149,0.55,1.5
1972,148,0.55,0.5
1972,147,0.54,0.5
1972,146,0.55,1.0
1972,145,0.54,0.0
1972,144,0.55,1.0
1972,143,0.55,0.0
1972,142,0.55,1.0
1972,141,0.55,1.0
1972,140,0.54,-0.5
1972,139,0.55,0.0
1972,138,0.55,1.0
1972,137,0.55,1.0
1972,136,0.54,1.0
1972,135,0.54,0.5
1972,134,0.54,0.5
1972,132,0.55,1.5
1972,133,0.55,1.5
1972,131,0.54,0.5
1972,130,0.55,0.5
1972,129,0.54,0.5
1972,128,0.54,-0.5
1972,127,0.54,-0.5
1972,125,0.54,-0.5
1972,126,0.53,-0.5
1972,124,0.53,-1.0
1972,123,0.53,-2.0
1972,122,0.52,-2.0
1972,121,0.52,-3.0
1972,120,0.52,-4.0
1972,119,0.52,-3.5
1972,118,0.52,-3.0
1972,117,0.51,-3.0
1972,116,0.51,-3.5
1972,115,0.51,-2.5
1972,114,0.51,-4.0
1972,113,0.5,-4.0
1972,112,0.51,-3.5
1972,111,0.5,-3.5
1972,110,0.51,-3.0
1972,109,0.5,-4.0
1972,108,0.51,-4.0
1972,107,0.5,-5.0
1972,106,0.51,-4.0
1972,105,0.5,-4.0
1972,104,0.51,-4.0
1972,103,0.51,-4.0
1972,102,0.51,-4.5
1972,101,0.5,-5.5
1972,100,0.51,-5.0
1972,99,0.52,-4.5
1972,98,0.51,-4.5
1972,97,0.51,-5.5
1972,96,0.5,-6.5
1972,95,0.49,-6.5
1972,94,0.5,-7.0
1972,93,0.51,-7.0
1972,92,0.51,-6.0
1972,91,0.52,-6.0
1972,90,0.51,-6.0
1972,89,0.52,-6.0
1972,88,0.52,-6.0
1972,87,0.52,-6.5
1972,86,0.52,-5.0
1972,84,0.52,-5.0
1972,85,0.53,-5.0
1972,83,0.53,-4.5
1972,81,0.52,-4.5
1972,82,0.52,-4.5
1972,80,0.51,-5.0
1972,79,0.51,-6.0
1972,78,0.5,-6.0
1972,77,0.49,-6.0
1972,76,0.49,-6.0
1972,75,0.49,-5.0
1972,74,0.5,-5.0
1972,73,0.51,-4.0
1972,72,0.5,-4.0
1972,71,0.49,-4.0
1972,70,0.49,-4.0
1972,69,0.49,-4.0
1972,68,0.5,-4.5
1972,67,0.49,-5.0
1972,66,0.48,-5.0
1972,65,0.48,-5.0
1972,64,0.47,-6.0
1972,63,0.46,-6.0
1972,62,0.45,-7.5
1972,61,0.44,-8.0
1972,60,0.45,-7.0
1972,59,0.44,-8.0
1972,58,0.43,-8.0
1972,56,0.45,-7.0
1972,57,0.44,-7.0
1972,55,0.44,-7.5
1972,54,0.44,-7.0
1972,53,0.45,-6.5
1972,52,0.44,-6.5
1972,51,0.45,-6.5
1972,50,0.44,-7.5
1972,49,0.45,-6.5
1972,48,0.44,-6.5
1972,47,0.45,-5.5
1972,46,0.46,-5.0
1972,45,0.44,-5.0
1972,44,0.45,-4.5
1972,43,0.44,-4.5
1972,42,0.45,-4.5
1972,41,0.44,-5.5
1972,40,0.45,-5.5
1972,39,0.44,-6.0
1972,38,0.42,-6.0
1972,37,0.43,-5.5
1972,36,0.44,-4.5
1972,35,0.46,-3.5
1972,34,0.44,-4.0
1972,33,0.42,-5.0
1972,32,0.44,-5.0
1972,31,0.42,-5.0
1972,30,0.4,-5.5
1972,29,0.38,-6.5
1972,28,0.36,-7.5
1972,27,0.37,-7.5
1972,26,0.35,-7.5
1972,25,0.36,-7.5
1972,24,0.38,-6.5
1972,23,0.39,-5.5
1972,22,0.41,-5.0
1972,21,0.43,-4.0
1972,20,0.4,-5.0
1972,19,0.42,-4.0
1972,18,0.39,-4.0
1972,17,0.35,-5.0
1972,16,0.31,-5.5
1972,15,0.33,-5.0
1972,14,0.29,-5.0
1972,13,0.31,-4.0
1972,12,0.33,-3.5
1972,11,0.36,-3.0
1972,10,0.3,-4.0
1972,9,0.33,-3.0
1972,8,0.38,-2.0
1972,7,0.43,-1.0
1972,6,0.5,-1.5
1972,5,0.4,-2.5
1972,4,0.25,-2.0
1972,3,0.33,-1.5
1972,2,0.0,-2.0
1972,1,0.0,-1.0
1971,162,0.52,-18.0
1971,160,0.53,-17.0
1971,161,0.53,-17.0
1971,159,0.53,-15.0
1971,158,0.53,-15.0
1971,157,0.53,-15.0
1971,156,0.53,-14.5
1971,155,0.52,-14.5
1971,154,0.52,-14.0
1971,153,0.52,-14.0
1971,152,0.52,-14.0
1971,151,0.52,-15.5
1971,150,0.51,-15.5
1971,149,0.51,-16.5
1971,148,0.51,-16.5
1971,147,0.52,-16.0
1971,146,0.52,-15.5
1971,145,0.52,-15.0
1971,144,0.52,-15.0
1971,143,0.52,-15.0
1971,142,0.52,-14.5
1971,141,0.52,-14.5
1971,140,0.52,-14.5
1971,139,0.53,-13.5
1971,138,0.52,-14.5
1971,137,0.53,-13.5
1971,136,0.52,-13.5
1971,135,0.52,-14.5
1971,134,0.52,-13.5
1971,133,0.52,-14.5
1971,132,0.52,-14.0
1971,131,0.52,-14.5
1971,130,0.52,-14.0
1971,129,0.52,-14.0
1971,128,0.52,-13.0
1971,127,0.53,-12.0
1971,126,0.53,-12.0
1971,125,0.54,-10.5
1971,124,0.54,-9.5
1971,123,0.54,-10.5
1971,122,0.53,-10.5
1971,121,0.54,-9.5
1971,120,0.53,-9.5
1971,119,0.54,-9.5
1971,118,0.54,-9.5
1971,117,0.55,-8.5
1971,116,0.55,-7.5
1971,115,0.56,-6.5
1971,114,0.56,-6.5
1971,113,0.57,-5.0
1971,112,0.56,-5.5
1971,111,0.57,-5.5
1971,110,0.57,-4.5
1971,109,0.58,-4.5
1971,108,0.57,-5.5
1971,107,0.58,-4.5
1971,106,0.58,-5.5
1971,105,0.57,-5.5
1971,104,0.57,-6.5
1971,103,0.56,-6.5
1971,102,0.57,-5.5
1971,101,0.57,-5.0
1971,100,0.58,-4.0
1971,99,0.59,-4.0
1971,98,0.58,-3.0
1971,97,0.59,-2.5
1971,96,0.59,-3.0
1971,95,0.59,-3.5
1971,94,0.59,-3.5
1971,93,0.59,-2.5
1971,92,0.59,-3.5
1971,91,0.58,-4.0
1971,90,0.59,-3.0
1971,89,0.58,-3.0
1971,88,0.58,-4.5
1971,87,0.57,-5.5
1971,86,0.57,-5.5
1971,85,0.58,-4.5
1971,84,0.58,-4.0
1971,83,0.59,-3.0
1971,81,0.59,-3.0
1971,82,0.59,-3.0
1971,80,0.59,-2.5
1971,79,0.58,-3.0
1971,78,0.58,-3.5
1971,77,0.57,-3.5
1971,76,0.58,-2.5
1971,75,0.59,-2.5
1971,74,0.58,-3.5
1971,73,0.58,-4.0
1971,72,0.57,-4.0
1971,71,0.56,-5.0
1971,70,0.56,-6.0
1971,69,0.55,-6.0
1971,68,0.54,-8.0
1971,67,0.55,-6.5
1971,66,0.55,-6.5
1971,65,0.54,-6.5
1971,64,0.55,-6.0
1971,63,0.54,-6.0
1971,62,0.55,-6.0
1971,61,0.56,-4.5
1971,60,0.55,-4.5
1971,59,0.56,-4.5
1971,58,0.55,-5.0
1971,57,0.56,-4.0
1971,56,0.57,-4.0
1971,55,0.58,-2.5
1971,54,0.59,-1.5
1971,53,0.58,-1.5
1971,52,0.6,-0.5
1971,51,0.61,0.5
1971,50,0.6,0.5
1971,49,0.59,0.0
1971,48,0.6,1.0
1971,47,0.62,1.5
1971,46,0.63,1.5
1971,45,0.64,3.0
1971,44,0.66,4.0
1971,43,0.65,3.0
1971,42,0.64,2.0
1971,41,0.63,2.0
1971,40,0.65,2.5
1971,39,0.67,3.0
1971,38,0.66,3.0
1971,37,0.68,3.0
1971,36,0.69,4.0
1971,35,0.69,3.0
1971,34,0.68,2.5
1971,33,0.67,2.5
1971,32,0.66,2.5
1971,31,0.65,1.5
1971,30,0.67,2.5
1971,29,0.66,1.5
1971,28,0.68,2.5
1971,27,0.67,2.0
1971,26,0.69,1.5
1971,25,0.68,1.0
1971,24,0.67,0.5
1971,23,0.65,1.0
1971,22,0.64,1.0
1971,21,0.62,1.0
1971,20,0.6,0.5
1971,19,0.63,0.5
1971,18,0.61,0.0
1971,17,0.59,-1.0
1971,16,0.62,-0.5
1971,15,0.6,-0.5
1971,14,0.57,-1.5
1971,13,0.54,-1.5
1971,12,0.5,-2.5
1971,11,0.45,-3.5
1971,10,0.5,-3.0
1971,9,0.44,-3.0
1971,8,0.5,-3.0
1971,7,0.43,-2.5
1971,6,0.5,-1.5
1971,5,0.4,-2.0
1971,4,0.25,-2.5
1971,3,0.33,-2.0
1971,2,0.5,-0.5
1971,1,1.0,0.0
1970,162,0.54,-20.5
1970,161,0.54,-19.5
1970,160,0.54,-19.0
1970,159,0.53,-19.0
1970,158,0.53,-19.0
1970,157,0.53,-19.0
1970,156,0.53,-19.0
1970,155,0.53,-18.5
1970,154,0.53,-18.5
1970,153,0.52,-18.5
1970,152,0.52,-18.5
1970,151,0.52,-18.5
1970,150,0.51,-19.5
1970,149,0.51,-20.5
1970,148,0.51,-21.5
1970,147,0.51,-21.5
1970,146,0.51,-20.0
1970,145,0.52,-19.0
1970,144,0.52,-18.0
1970,143,0.52,-17.0
1970,142,0.52,-17.0
1970,141,0.52,-17.0
1970,139,0.52,-17.0
1970,140,0.51,-17.0
1970,138,0.51,-17.5
1970,137,0.51,-18.5
1970,136,0.51,-17.5
1970,135,0.52,-16.5
1970,134,0.51,-16.5
1970,133,0.51,-16.5
1970,132,0.52,-17.0
1970,131,0.52,-17.0
1970,130,0.52,-17.0
1970,129,0.51,-17.0
1970,128,0.51,-18.5
1970,127,0.51,-17.5
1970,126,0.51,-18.0
1970,125,0.51,-17.0
1970,124,0.52,-16.0
1970,123,0.51,-16.0
1970,122,0.52,-15.0
1970,121,0.51,-16.0
1970,120,0.52,-15.0
1970,119,0.52,-14.0
1970,118,0.52,-14.0
1970,117,0.51,-14.0
1970,116,0.52,-13.0
1970,115,0.51,-13.0
1970,114,0.51,-13.5
1970,113,0.5,-14.5
1970,111,0.51,-14.5
1970,112,0.51,-14.5
1970,110,0.51,-13.5
1970,109,0.5,-14.0
1970,108,0.5,-14.5
1970,107,0.5,-13.5
1970,106,0.5,-14.5
1970,105,0.5,-14.0
1970,104,0.51,-13.0
1970,103,0.51,-12.0
1970,102,0.52,-11.0
1970,101,0.51,-11.0
1970,100,0.51,-11.0
1970,99,0.52,-10.5
1970,98,0.51,-11.5
1970,97,0.52,-11.0
1970,96,0.51,-11.0
1970,95,0.52,-10.0
1970,94,0.52,-10.0
1970,93,0.53,-9.0
1970,92,0.52,-9.0
1970,91,0.52,-9.5
1970,90,0.52,-8.5
1970,89,0.53,-7.5
1970,88,0.52,-8.0
1970,87,0.53,-8.0
1970,86,0.52,-9.0
1970,85,0.52,-9.0
1970,84,0.51,-9.0
1970,83,0.51,-10.0
1970,82,0.51,-9.0
1970,81,0.51,-10.0
1970,80,0.51,-10.0
1970,79,0.52,-9.0
1970,78,0.53,-9.0
1970,77,0.52,-8.5
1970,76,0.53,-8.0
1970,75,0.52,-8.0
1970,74,0.51,-9.0
1970,73,0.51,-9.0
1970,72,0.5,-9.5
1970,71,0.49,-10.5
1970,70,0.49,-10.5
1970,69,0.49,-10.0
1970,68,0.5,-10.0
1970,67,0.49,-10.5
1970,66,0.48,-11.0
1970,65,0.49,-10.0
1970,64,0.48,-11.0
1970,63,0.48,-12.0
1970,62,0.48,-11.0
1970,61,0.49,-10.0
1970,60,0.5,-9.0
1970,59,0.49,-8.5
1970,58,0.5,-8.0
1970,57,0.49,-9.0
1970,56,0.48,-9.5
1970,55,0.49,-9.5
1970,54,0.5,-8.5
1970,53,0.49,-9.5
1970,52,0.5,-9.0
1970,51,0.49,-9.0
1970,50,0.5,-9.0
1970,49,0.49,-9.0
1970,48,0.48,-10.0
1970,47,0.47,-10.0
1970,46,0.46,-11.5
1970,45,0.44,-11.5
1970,44,0.45,-11.5
1970,43,0.44,-12.5
1970,42,0.43,-12.5
1970,41,0.44,-11.5
1970,40,0.45,-10.5
1970,39,0.44,-10.5
1970,38,0.42,-10.5
1970,37,0.43,-10.5
1970,36,0.44,-9.5
1970,35,0.46,-8.5
1970,34,0.47,-8.0
1970,33,0.48,-8.0
1970,32,0.47,-8.5
1970,31,0.45,-8.5
1970,30,0.47,-7.5
1970,29,0.48,-7.5
1970,28,0.5,-6.5
1970,27,0.52,-6.0
1970,26,0.54,-4.5
1970,25,0.52,-4.5
1970,24,0.54,-3.5
1970,23,0.57,-2.5
1970,22,0.59,-1.5
1970,21,0.57,-2.0
1970,20,0.6,-2.0
1970,19,0.58,-2.0
1970,18,0.56,-3.0
1970,17,0.53,-3.0
1970,16,0.5,-3.0
1970,15,0.47,-3.5
1970,14,0.5,-3.0
1970,13,0.46,-3.0
1970,12,0.5,-3.0
1970,11,0.45,-2.5
1970,10,0.5,-2.0
1970,9,0.56,-1.0
1970,8,0.62,-0.5
1970,7,0.57,-1.5
1970,6,0.5,-2.0
1970,5,0.4,-2.5
1970,4,0.5,-2.5
1970,3,0.67,-1.5
1970,2,0.5,-1.5
1970,1,1.0,0.0
1969,162,0.54,-22.0
1969,161,0.54,-21.0
1969,160,0.54,-21.0
1969,159,0.54,-22.0
1969,158,0.54,-22.0
1969,157,0.55,-22.0
1969,156,0.54,-23.0
1969,155,0.54,-23.0
1969,154,0.54,-23.0
1969,153,0.54,-24.0
1969,152,0.53,-24.5
1969,151,0.54,-24.0
1969,150,0.53,-24.0
1969,149,0.53,-24.0
1969,148,0.53,-24.0
1969,147,0.53,-24.0
1969,146,0.53,-23.0
1969,145,0.54,-23.0
1969,144,0.54,-22.0
1969,142,0.54,-22.0
1969,143,0.54,-22.0
1969,141,0.54,-21.5
1969,140,0.54,-20.5
1969,139,0.55,-19.5
1969,138,0.54,-19.0
1969,137,0.54,-19.5
1969,136,0.54,-18.5
1969,135,0.54,-19.5
1969,134,0.54,-19.0
1969,133,0.53,-19.0
1969,132,0.54,-19.5
1969,131,0.53,-19.5
1969,130,0.54,-18.5
1969,129,0.53,-18.5
1969,128,0.54,-19.0
1969,127,0.54,-19.0
1969,126,0.53,-19.0
1969,125,0.53,-20.0
1969,124,0.53,-20.5
1969,123,0.53,-21.5
1969,122,0.53,-21.0
1969,121,0.53,-22.0
1969,120,0.53,-21.0
1969,119,0.53,-21.0
1969,118,0.53,-21.0
1969,117,0.53,-21.0
1969,116,0.53,-20.0
1969,115,0.53,-19.0
1969,114,0.54,-18.0
1969,113,0.53,-19.0
1969,112,0.54,-18.0
1969,111,0.53,-18.0
1969,110,0.54,-17.0
1969,109,0.53,-17.0
1969,108,0.54,-16.0
1969,106,0.54,-15.5
1969,107,0.54,-15.5
1969,105,0.54,-16.0
1969,104,0.55,-15.0
1969,103,0.55,-15.0
1969,102,0.55,-15.0
1969,101,0.55,-14.0
1969,100,0.56,-13.0
1969,99,0.56,-13.0
1969,98,0.56,-12.0
1969,97,0.56,-12.0
1969,96,0.56,-11.0
1969,95,0.56,-12.0
1969,94,0.55,-13.0
1969,93,0.55,-13.5
1969,92,0.54,-14.0
1969,91,0.55,-14.0
1969,90,0.54,-13.5
1969,89,0.55,-12.5
1969,88,0.56,-11.5
1969,87,0.55,-11.5
1969,86,0.55,-13.5
1969,85,0.55,-12.5
1969,84,0.56,-11.5
1969,83,0.55,-11.0
1969,82,0.55,-11.5
1969,81,0.56,-11.5
1969,80,0.55,-11.5
1969,78,0.55,-11.0
1969,79,0.56,-11.0
1969,77,0.56,-11.5
1969,76,0.57,-11.0
1969,75,0.57,-11.0
1969,74,0.58,-11.0
1969,73,0.59,-11.0
1969,72,0.6,-10.0
1969,71,0.61,-9.0
1969,70,0.6,-9.0
1969,69,0.59,-9.5
1969,68,0.6,-9.5
1969,67,0.6,-10.0
1969,66,0.59,-10.0
1969,65,0.6,-9.0
1969,63,0.62,-8.5
1969,64,0.61,-8.5
1969,62,0.61,-8.0
1969,61,0.61,-8.0
1969,60,0.62,-7.0
1969,59,0.63,-6.0
1969,58,0.62,-6.5
1969,57,0.63,-5.0
1969,56,0.64,-4.0
1969,55,0.65,-3.0
1969,54,0.65,-4.0
1969,53,0.66,-3.0
1969,52,0.65,-3.5
1969,51,0.65,-4.5
1969,50,0.64,-4.5
1969,49,0.63,-4.5
1969,48,0.65,-3.5
1969,47,0.64,-3.5
1969,46,0.65,-3.0
1969,45,0.64,-3.0
1969,44,0.66,-3.0
1969,43,0.65,-3.0
1969,42,0.64,-3.5
1969,41,0.63,-3.5
1969,40,0.65,-3.5
1969,39,0.64,-3.5
1969,38,0.66,-2.5
1969,37,0.65,-2.5
1969,36,0.64,-2.5
1969,35,0.63,-2.5
1969,34,0.62,-3.5
1969,33,0.64,-2.5
1969,32,0.62,-2.5
1969,31,0.65,-1.0
1969,30,0.63,-1.0
1969,29,0.66,-1.0
1969,28,0.64,-1.0
1969,27,0.63,-1.0
1969,26,0.62,-2.0
1969,25,0.6,-3.0
1969,24,0.58,-4.0
1969,23,0.57,-3.5
1969,22,0.55,-3.5
1969,21,0.52,-3.5
1969,20,0.55,-3.5
1969,19,0.58,-2.5
1969,18,0.56,-3.0
1969,17,0.59,-2.5
1969,16,0.62,-1.0
1969,15,0.6,-2.0
1969,14,0.57,-2.5
1969,13,0.62,-1.5
1969,12,0.58,-1.5
1969,11,0.64,-0.5
1969,10,0.6,-1.5
1969,9,0.56,-1.5
1969,8,0.62,-0.5
1969,7,0.71,0.5
1969,6,0.83,1.5
1969,5,0.8,0.5
1969,4,0.75,0.5
1969,3,0.67,-0.5
1969,2,0.5,-1.0
1969,1,1.0,0.0
1968,162,0.53,-17.0
1968,161,0.53,-17.0
1968,160,0.54,-17.0
1968,159,0.53,-18.0
1968,158,0.53,-18.0
1968,157,0.54,-17.0
1968,156,0.54,-17.0
1968,155,0.54,-18.0
1968,154,0.53,-18.0
1968,153,0.53,-17.5
1968,152,0.53,-18.0
1968,151,0.52,-18.0
1968,150,0.53,-17.0
1968,149,0.53,-16.0
1968,148,0.53,-15.0
1968,147,0.53,-15.0
1968,146,0.53,-14.0
1968,145,0.54,-13.0
1968,144,0.53,-13.0
1968,143,0.54,-13.0
1968,142,0.54,-14.0
1968,141,0.54,-13.0
1968,140,0.54,-13.0
1968,139,0.53,-13.0
1968,138,0.54,-12.5
1968,137,0.53,-12.5
1968,136,0.53,-13.5
1968,135,0.53,-12.5
1968,134,0.53,-12.5
1968,133,0.53,-11.5
1968,132,0.53,-12.5
1968,131,0.53,-12.5
1968,130,0.53,-13.0
1968,129,0.53,-13.0
1968,128,0.53,-14.0
1968,127,0.54,-13.0
1968,126,0.54,-12.0
1968,125,0.54,-11.5
1968,124,0.54,-12.0
1968,123,0.54,-13.0
1968,122,0.54,-12.0
1968,121,0.55,-11.0
1968,120,0.54,-11.5
1968,119,0.54,-11.5
1968,118,0.54,-11.0
1968,117,0.54,-12.0
1968,116,0.53,-12.0
1968,115,0.54,-12.0
1968,114,0.54,-10.0
1968,113,0.55,-9.0
1968,112,0.54,-10.0
1968,111,0.54,-10.0
1968,110,0.54,-10.0
1968,109,0.53,-9.5
1968,108,0.53,-10.0
1968,106,0.53,-9.0
1968,107,0.53,-9.0
1968,105,0.52,-10.5
1968,104,0.52,-10.5
1968,103,0.52,-10.0
1968,102,0.53,-10.0
1968,101,0.53,-9.0
1968,100,0.54,-8.0
1968,99,0.54,-8.0
1968,98,0.53,-9.5
1968,97,0.53,-10.5
1968,96,0.53,-9.5
1968,95,0.53,-9.5
1968,94,0.53,-8.5
1968,93,0.53,-9.0
1968,92,0.53,-9.0
1968,91,0.53,-10.0
1968,90,0.52,-11.0
1968,89,0.53,-10.0
1968,88,0.53,-9.0
1968,87,0.53,-10.0
1968,86,0.53,-9.0
1968,85,0.54,-9.0
1968,84,0.54,-10.0
1968,83,0.53,-11.0
1968,82,0.52,-11.0
1968,80,0.52,-11.0
1968,81,0.53,-11.0
1968,79,0.52,-11.0
1968,78,0.51,-12.0
1968,77,0.51,-12.0
1968,76,0.5,-12.0
1968,75,0.49,-12.0
1968,74,0.49,-12.0
1968,73,0.48,-12.0
1968,72,0.49,-12.0
1968,71,0.49,-12.0
1968,70,0.5,-10.0
1968,69,0.49,-10.5
1968,68,0.5,-10.0
1968,66,0.52,-8.5
1968,67,0.51,-8.5
1968,65,0.51,-8.5
1968,64,0.5,-9.5
1968,63,0.51,-9.5
1968,62,0.5,-10.0
1968,61,0.51,-9.0
1968,60,0.5,-10.0
1968,59,0.51,-9.0
1968,58,0.5,-9.5
1968,57,0.49,-10.5
1968,56,0.48,-10.5
1968,55,0.47,-10.5
1968,54,0.48,-9.0
1968,53,0.49,-8.0
1968,52,0.48,-8.0
1968,51,0.49,-7.0
1968,50,0.5,-6.0
1968,49,0.51,-6.0
1968,48,0.5,-6.0
1968,47,0.49,-7.0
1968,46,0.5,-6.5
1968,45,0.49,-6.5
1968,44,0.48,-6.5
1968,43,0.49,-5.5
1968,42,0.5,-4.5
1968,41,0.51,-3.5
1968,40,0.5,-4.5
1968,39,0.51,-4.5
1968,38,0.53,-3.5
1968,37,0.51,-4.0
1968,36,0.5,-5.0
1968,35,0.51,-5.0
1968,34,0.53,-4.0
1968,33,0.55,-2.5
1968,32,0.53,-3.5
1968,31,0.52,-3.5
1968,30,0.5,-4.0
1968,29,0.48,-5.0
1968,28,0.46,-5.0
1968,27,0.44,-5.0
1968,26,0.42,-6.5
1968,25,0.44,-5.5
1968,24,0.46,-5.0
1968,23,0.48,-4.5
1968,22,0.45,-5.5
1968,21,0.43,-6.0
1968,20,0.45,-5.0
1968,19,0.47,-4.0
1968,18,0.5,-3.5
1968,17,0.47,-4.5
1968,16,0.5,-3.5
1968,15,0.53,-3.5
1968,14,0.57,-2.5
1968,13,0.62,-2.5
1968,12,0.58,-2.5
1968,11,0.64,-1.5
1968,10,0.6,-3.0
1968,9,0.67,-1.5
1968,8,0.62,-1.5
1968,7,0.57,-2.0
1968,6,0.5,-3.0
1968,5,0.4,-3.0
1968,4,0.5,-2.0
1968,3,0.67,-1.0
1968,2,0.5,-1.0
1968,1,1.0,0.0
1967,162,0.57,1.0
1967,161,0.57,0.0
1967,160,0.56,-1.0
1967,159,0.57,-1.0
1967,158,0.57,-0.5
1967,157,0.57,-0.5
1967,156,0.57,-0.5
1967,155,0.57,-0.5
1967,154,0.57,0.0
1967,153,0.57,0.0
1967,152,0.57,0.0
1967,151,0.56,0.0
1967,150,0.56,-1.0
1967,149,0.56,-1.0
1967,148,0.57,0.0
1967,147,0.57,0.0
1967,146,0.57,0.0
1967,145,0.57,-0.5
1967,144,0.56,-0.5
1967,143,0.56,-0.5
1967,142,0.56,0.0
1967,141,0.56,-0.5
1967,140,0.56,-0.5
1967,139,0.55,-0.5
1967,138,0.56,-0.5
1967,137,0.56,-0.5
1967,136,0.57,0.5
1967,135,0.56,0.5
1967,134,0.57,1.5
1967,133,0.56,0.5
1967,132,0.57,0.5
1967,131,0.56,0.0
1967,130,0.56,0.0
1967,129,0.57,0.0
1967,128,0.56,0.5
1967,127,0.56,-0.5
1967,126,0.56,-0.5
1967,125,0.56,0.0
1967,124,0.56,-1.0
1967,123,0.56,0.0
1967,122,0.56,0.0
1967,121,0.55,-1.0
1967,119,0.55,-1.5
1967,120,0.55,-1.5
1967,118,0.54,-3.0
1967,117,0.54,-3.0
1967,116,0.53,-3.5
1967,115,0.54,-3.0
1967,114,0.54,-3.0
1967,113,0.53,-2.5
1967,112,0.54,-2.0
1967,111,0.54,-2.0
1967,110,0.55,-1.5
1967,109,0.54,-2.5
1967,108,0.54,-2.5
1967,107,0.54,-2.5
1967,106,0.55,-3.0
1967,105,0.55,-2.5
1967,104,0.56,-2.0
1967,103,0.55,-2.5
1967,102,0.56,-2.5
1967,101,0.55,-2.5
1967,100,0.56,-2.0
1967,99,0.56,-2.0
1967,97,0.57,-1.5
1967,98,0.56,-1.5
1967,96,0.56,-1.0
1967,95,0.57,-1.0
1967,94,0.56,-1.5
1967,93,0.56,-2.0
1967,91,0.56,-0.5
1967,92,0.57,-0.5
1967,90,0.56,-0.5
1967,89,0.55,-1.5
1967,88,0.55,-1.5
1967,87,0.54,-2.5
1967,86,0.53,-3.5
1967,85,0.53,-4.0
1967,84,0.52,-4.5
1967,83,0.52,-5.5
1967,82,0.51,-6.0
1967,81,0.52,-6.0
1967,80,0.51,-6.0
1967,79,0.51,-6.0
1967,78,0.51,-7.0
1967,77,0.52,-6.0
1967,76,0.53,-5.5
1967,75,0.53,-4.5
1967,74,0.54,-3.5
1967,73,0.53,-4.5
1967,72,0.53,-5.5
1967,71,0.52,-5.5
1967,70,0.51,-7.0
1967,69,0.52,-6.0
1967,68,0.51,-6.0
1967,67,0.52,-5.0
1967,66,0.52,-6.0
1967,65,0.52,-5.0
1967,64,0.52,-6.0
1967,63,0.51,-5.5
1967,62,0.5,-6.5
1967,61,0.51,-5.0
1967,59,0.51,-5.0
1967,60,0.5,-5.0
1967,58,0.52,-4.0
1967,57,0.51,-5.0
1967,56,0.5,-5.0
1967,55,0.51,-5.0
1967,54,0.52,-4.0
1967,53,0.51,-5.0
1967,52,0.52,-5.0
1967,51,0.51,-4.5
1967,50,0.52,-4.5
1967,49,0.51,-5.5
1967,48,0.5,-5.5
1967,47,0.51,-6.0
1967,46,0.52,-4.0
1967,45,0.53,-3.5
1967,44,0.52,-4.5
1967,43,0.51,-4.5
1967,42,0.52,-4.5
1967,40,0.5,-5.5
1967,41,0.51,-5.5
1967,39,0.49,-6.0
1967,38,0.47,-7.0
1967,37,0.49,-6.0
1967,36,0.5,-5.5
1967,35,0.51,-5.0
1967,34,0.5,-5.0
1967,32,0.47,-5.5
1967,33,0.48,-5.5
1967,31,0.45,-7.0
1967,30,0.47,-7.0
1967,29,0.45,-7.0
1967,28,0.46,-6.0
1967,27,0.48,-6.0
1967,26,0.46,-6.0
1967,25,0.44,-6.5
1967,24,0.46,-5.5
1967,23,0.48,-4.5
1967,21,0.48,-3.5
1967,22,0.5,-3.5
1967,20,0.5,-3.0
1967,19,0.47,-3.0
1967,18,0.5,-2.0
1967,17,0.53,-1.0
1967,16,0.56,-1.0
1967,15,0.6,-0.5
1967,14,0.57,-1.0
1967,13,0.62,0.0
1967,12,0.58,-0.5
1967,11,0.55,-0.5
1967,10,0.5,-1.0
1967,9,0.44,-1.5
1967,8,0.5,-1.0
1967,7,0.43,-2.0
1967,6,0.33,-2.0
1967,5,0.4,-1.5
1967,4,0.5,-1.0
1967,3,0.67,-1.0
1967,2,0.5,-1.0
1967,1,1.0,0.0
1966,162,0.44,-27.0
1966,161,0.44,-27.0
1966,160,0.44,-27.0
1966,159,0.45,-27.0
1966,158,0.44,-27.0
1966,157,0.45,-27.0
1966,156,0.45,-26.0
1966,155,0.45,-25.0
1966,154,0.45,-25.0
1966,153,0.44,-26.0
1966,152,0.44,-27.0
1966,151,0.44,-26.5
1966,150,0.43,-27.0
1966,149,0.43,-28.0
1966,148,0.43,-28.0
1966,147,0.44,-28.0
1966,146,0.44,-28.0
1966,145,0.43,-28.0
1966,143,0.44,-27.0
1966,144,0.44,-27.0
1966,142,0.44,-26.0
1966,141,0.44,-26.0
1966,140,0.44,-25.5
1966,139,0.43,-25.5
1966,138,0.43,-26.0
1966,137,0.44,-25.0
1966,136,0.43,-26.0
1966,135,0.43,-27.0
1966,134,0.43,-28.0
1966,133,0.42,-29.0
1966,132,0.42,-28.0
1966,131,0.42,-28.0
1966,130,0.42,-28.5
1966,129,0.42,-28.5
1966,128,0.42,-28.5
1966,127,0.42,-29.5
1966,126,0.42,-28.5
1966,125,0.42,-28.5
1966,124,0.43,-27.5
1966,123,0.43,-26.5
1966,122,0.43,-25.5
1966,121,0.43,-25.5
1966,120,0.42,-26.0
1966,119,0.43,-25.0
1966,118,0.42,-25.5
1966,117,0.42,-25.5
1966,116,0.41,-25.5
1966,115,0.42,-25.5
1966,114,0.41,-26.0
1966,113,0.41,-26.0
1966,112,0.41,-26.5
1966,111,0.41,-26.5
1966,110,0.41,-26.5
1966,109,0.41,-26.5
1966,108,0.42,-26.5
1966,107,0.42,-25.5
1966,106,0.42,-25.0
1966,105,0.42,-25.0
1966,104,0.41,-26.0
1966,103,0.42,-26.0
1966,102,0.42,-24.5
1966,101,0.43,-23.5
1966,100,0.42,-24.5
1966,99,0.42,-24.5
1966,98,0.43,-23.5
1966,97,0.42,-23.5
1966,96,0.42,-23.5
1966,95,0.42,-23.5
1966,93,0.41,-22.0
1966,94,0.41,-22.0
1966,92,0.41,-22.0
1966,91,0.41,-22.0
1966,90,0.41,-22.0
1966,89,0.42,-22.0
1966,88,0.41,-22.0
1966,87,0.4,-23.5
1966,86,0.4,-24.0
1966,85,0.39,-24.0
1966,84,0.38,-24.5
1966,82,0.38,-24.0
1966,83,0.39,-24.0
1966,81,0.37,-25.0
1966,79,0.35,-25.5
1966,80,0.36,-25.5
1966,78,0.36,-26.0
1966,77,0.36,-26.0
1966,76,0.36,-25.5
1966,75,0.36,-24.0
1966,74,0.36,-22.5
1966,73,0.36,-22.5
1966,72,0.36,-21.5
1966,71,0.35,-22.0
1966,70,0.36,-22.0
1966,69,0.35,-21.5
1966,68,0.35,-20.5
1966,67,0.34,-21.5
1966,66,0.35,-20.5
1966,65,0.34,-20.5
1966,64,0.34,-20.0
1966,63,0.35,-19.5
1966,62,0.34,-19.5
1966,61,0.34,-19.5
1966,60,0.35,-18.5
1966,59,0.36,-17.5
1966,58,0.36,-17.5
1966,57,0.37,-16.5
1966,56,0.36,-16.5
1966,55,0.36,-15.5
1966,54,0.37,-14.5
1966,53,0.36,-15.5
1966,52,0.37,-14.5
1966,51,0.37,-13.5
1966,50,0.38,-12.0
1966,49,0.39,-12.0
1966,48,0.4,-12.0
1966,47,0.38,-12.0
1966,46,0.39,-11.0
1966,45,0.4,-11.0
1966,44,0.39,-11.0
1966,43,0.4,-11.5
1966,41,0.39,-11.5
1966,42,0.38,-11.5
1966,40,0.4,-11.5
1966,39,0.41,-12.0
1966,38,0.39,-12.0
1966,37,0.41,-11.0
1966,36,0.39,-11.0
1966,35,0.4,-10.0
1966,34,0.38,-10.5
1966,33,0.36,-10.0
1966,32,0.34,-11.0
1966,31,0.32,-11.0
1966,30,0.3,-12.0
1966,29,0.28,-13.0
1966,28,0.29,-12.0
1966,27,0.26,-12.0
1966,26,0.27,-12.0
1966,25,0.28,-11.0
1966,24,0.29,-10.5
1966,23,0.3,-10.5
1966,22,0.32,-9.5
1966,20,0.3,-9.0
1966,21,0.33,-9.0
1966,19,0.26,-11.0
1966,18,0.28,-10.0
1966,17,0.29,-9.5
1966,16,0.25,-9.5
1966,15,0.27,-9.0
1966,14,0.21,-9.0
1966,13,0.23,-8.5
1966,12,0.25,-7.5
1966,11,0.27,-7.0
1966,10,0.3,-6.0
1966,9,0.22,-6.0
1966,8,0.25,-5.0
1966,7,0.14,-5.0
1966,6,0.17,-5.0
1966,5,0.0,-4.5
1966,4,0.0,-4.5
1966,3,0.0,-3.5
1966,2,0.0,-2.0
1966,1,0.0,-1.0
1965,162,0.38,-40.0
1965,161,0.39,-39.0
1965,160,0.39,-38.5
1965,159,0.38,-38.5
1965,158,0.39,-38.5
1965,157,0.39,-37.5
1965,156,0.38,-37.0
1965,155,0.39,-36.5
1965,154,0.39,-36.5
1965,153,0.39,-36.0
1965,152,0.39,-36.5
1965,151,0.39,-36.5
1965,150,0.39,-36.5
1965,149,0.39,-36.5
1965,148,0.39,-37.0
1965,147,0.39,-36.0
1965,146,0.38,-36.0
1965,145,0.39,-35.0
1965,144,0.39,-34.0
1965,143,0.39,-32.5
1965,142,0.39,-32.5
1965,141,0.39,-32.0
1965,140,0.39,-32.5
1965,139,0.38,-33.5
1965,138,0.38,-33.5
1965,137,0.37,-35.0
1965,136,0.38,-34.0
1965,135,0.38,-34.0
1965,133,0.38,-33.0
1965,134,0.38,-33.0
1965,132,0.37,-34.0
1965,131,0.37,-34.0
1965,130,0.38,-33.5
1965,129,0.38,-33.5
1965,128,0.38,-33.5
1965,127,0.38,-33.0
1965,126,0.37,-33.0
1965,124,0.37,-33.0
1965,125,0.37,-33.0
1965,123,0.37,-33.0
1965,122,0.37,-33.0
1965,121,0.36,-33.0
1965,120,0.37,-33.0
1965,119,0.37,-32.0
1965,118,0.36,-31.5
1965,117,0.37,-31.0
1965,116,0.37,-31.0
1965,115,0.37,-30.5
1965,114,0.38,-30.0
1965,113,0.38,-30.0
1965,112,0.38,-31.0
1965,111,0.38,-30.0
1965,110,0.37,-31.0
1965,109,0.38,-31.0
1965,108,0.37,-30.5
1965,107,0.37,-29.5
1965,106,0.38,-28.5
1965,105,0.38,-27.5
1965,104,0.38,-26.5
1965,103,0.38,-26.5
1965,102,0.37,-26.5
1965,101,0.38,-26.5
1965,100,0.37,-26.5
1965,99,0.37,-25.5
1965,98,0.37,-26.0
1965,96,0.36,-26.0
1965,97,0.36,-26.0
1965,95,0.37,-25.0
1965,94,0.37,-24.0
1965,93,0.37,-24.0
1965,92,0.36,-25.0
1965,91,0.36,-25.0
1965,90,0.37,-24.0
1965,89,0.37,-24.0
1965,88,0.38,-22.0
1965,87,0.38,-22.0
1965,86,0.37,-22.0
1965,85,0.36,-22.5
1965,84,0.37,-22.5
1965,83,0.37,-22.5
1965,82,0.38,-21.5
1965,81,0.38,-21.0
1965,80,0.38,-21.0
1965,79,0.38,-20.5
1965,78,0.38,-19.5
1965,77,0.39,-18.5
1965,76,0.39,-18.5
1965,75,0.4,-16.5
1965,74,0.39,-16.5
1965,73,0.4,-16.5
1965,72,0.4,-15.5
1965,71,0.41,-15.0
1965,70,0.41,-14.0
1965,68,0.41,-13.5
1965,69,0.42,-13.5
1965,67,0.4,-13.5
1965,66,0.41,-13.5
1965,65,0.4,-13.5
1965,64,0.41,-13.5
1965,63,0.41,-12.5
1965,62,0.4,-12.5
1965,61,0.41,-13.0
1965,60,0.42,-11.5
1965,59,0.41,-12.5
1965,58,0.41,-12.5
1965,57,0.42,-11.5
1965,56,0.43,-11.5
1965,55,0.44,-10.5
1965,54,0.44,-10.5
1965,53,0.45,-10.5
1965,52,0.46,-9.0
1965,51,0.47,-9.0
1965,50,0.46,-10.0
1965,49,0.47,-9.0
1965,48,0.48,-9.0
1965,47,0.49,-9.0
1965,46,0.48,-8.5
1965,45,0.47,-8.5
1965,44,0.48,-7.5
1965,43,0.49,-6.5
1965,41,0.49,-6.0
1965,42,0.5,-6.0
1965,40,0.5,-6.0
1965,39,0.49,-6.0
1965,38,0.47,-6.0
1965,37,0.46,-6.5
1965,36,0.47,-6.5
1965,35,0.49,-7.0
1965,34,0.47,-7.0
1965,33,0.45,-7.5
1965,32,0.44,-8.5
1965,31,0.45,-8.5
1965,30,0.47,-8.0
1965,29,0.45,-9.0
1965,27,0.44,-7.5
1965,28,0.46,-7.5
1965,26,0.42,-7.5
1965,25,0.44,-6.5
1965,24,0.46,-5.5
1965,23,0.43,-6.0
1965,22,0.41,-6.0
1965,21,0.43,-5.0
1965,20,0.4,-5.5
1965,19,0.42,-5.5
1965,18,0.44,-5.0
1965,17,0.41,-6.0
1965,16,0.44,-5.0
1965,15,0.47,-3.5
1965,14,0.5,-2.5
1965,13,0.54,-2.0
1965,12,0.5,-2.0
1965,11,0.45,-3.0
1965,10,0.5,-2.5
1965,9,0.56,-2.0
1965,8,0.62,-1.0
1965,7,0.57,-2.0
1965,6,0.67,-0.5
1965,5,0.8,0.5
1965,4,0.75,-0.5
1965,3,0.67,-0.5
1965,2,0.5,-1.0
1965,1,1.0,0.0
1964,162,0.44,-27.0
1964,161,0.44,-28.0
1964,160,0.44,-27.5
1964,159,0.43,-29.0
1964,158,0.44,-29.0
1964,157,0.44,-27.0
1964,156,0.44,-27.0
1964,155,0.45,-26.0
1964,154,0.45,-25.0
1964,153,0.45,-23.5
1964,152,0.45,-23.0
1964,151,0.45,-22.0
1964,150,0.45,-22.0
1964,149,0.44,-22.0
1964,148,0.44,-23.0
1964,147,0.44,-24.0
1964,146,0.44,-23.0
1964,145,0.43,-24.0
1964,144,0.44,-23.0
1964,143,0.43,-23.5
1964,142,0.44,-22.5
1964,141,0.43,-23.0
1964,140,0.44,-23.0
1964,139,0.44,-22.5
1964,138,0.44,-22.0
1964,137,0.45,-21.0
1964,136,0.45,-21.0
1964,135,0.44,-21.0
1964,134,0.45,-20.0
1964,133,0.44,-21.0
1964,131,0.45,-21.0
1964,132,0.45,-21.0
1964,130,0.45,-19.5
1964,129,0.45,-20.0
1964,128,0.45,-19.5
1964,127,0.46,-19.5
1964,126,0.46,-19.5
1964,125,0.46,-19.0
1964,124,0.47,-19.0
1964,123,0.46,-18.5
1964,122,0.46,-19.0
1964,121,0.45,-19.5
1964,120,0.45,-20.5
1964,119,0.45,-19.5
1964,118,0.46,-19.5
1964,117,0.45,-20.5
1964,116,0.46,-19.5
1964,115,0.46,-18.5
1964,114,0.46,-17.5
1964,113,0.47,-16.5
1964,112,0.47,-16.5
1964,111,0.47,-16.5
1964,110,0.47,-15.5
1964,109,0.48,-14.5
1964,108,0.48,-14.0
1964,107,0.49,-14.0
1964,106,0.49,-13.5
1964,105,0.5,-12.5
1964,104,0.5,-11.5
1964,103,0.5,-12.5
1964,102,0.49,-12.5
1964,101,0.5,-12.0
1964,100,0.49,-12.0
1964,99,0.48,-13.0
1964,98,0.48,-13.0
1964,97,0.48,-11.5
1964,96,0.48,-12.5
1964,95,0.48,-11.5
1964,94,0.48,-13.0
1964,93,0.48,-12.5
1964,92,0.49,-12.5
1964,91,0.48,-12.0
1964,90,0.48,-12.5
1964,89,0.47,-12.5
1964,88,0.48,-12.0
1964,87,0.47,-12.5
1964,86,0.48,-12.5
1964,85,0.47,-13.5
1964,84,0.48,-13.5
1964,83,0.47,-13.5
1964,81,0.48,-12.5
1964,82,0.48,-12.5
1964,80,0.48,-13.0
1964,79,0.48,-11.5
1964,78,0.47,-12.5
1964,77,0.47,-13.0
1964,76,0.47,-12.0
1964,75,0.48,-12.0
1964,74,0.49,-11.0
1964,73,0.49,-11.0
1964,72,0.49,-11.0
1964,71,0.48,-11.0
1964,70,0.47,-11.5
1964,69,0.48,-10.5
1964,68,0.47,-10.0
1964,67,0.48,-9.0
1964,66,0.48,-8.0
1964,65,0.48,-9.0
1964,63,0.49,-8.0
1964,64,0.48,-8.0
1964,62,0.5,-6.0
1964,61,0.51,-6.0
1964,60,0.5,-6.0
1964,59,0.51,-6.0
1964,58,0.5,-6.5
1964,57,0.51,-6.5
1964,56,0.52,-5.5
1964,55,0.51,-6.5
1964,54,0.5,-8.0
1964,53,0.51,-8.0
1964,52,0.52,-8.0
1964,51,0.51,-7.5
1964,50,0.5,-7.5
1964,49,0.51,-7.5
1964,48,0.5,-7.5
1964,47,0.49,-7.5
1964,45,0.49,-8.5
1964,46,0.48,-8.5
1964,44,0.5,-7.0
1964,43,0.51,-6.0
1964,42,0.5,-6.5
1964,41,0.49,-6.0
1964,40,0.5,-5.0
1964,39,0.51,-4.5
1964,38,0.53,-4.0
1964,37,0.51,-4.5
1964,36,0.5,-5.0
1964,35,0.49,-5.0
1964,34,0.47,-5.5
1964,33,0.45,-6.0
1964,32,0.47,-5.0
1964,31,0.45,-5.0
1964,30,0.43,-5.5
1964,29,0.41,-5.5
1964,28,0.43,-5.5
1964,27,0.41,-6.0
1964,26,0.38,-6.0
1964,25,0.4,-5.5
1964,24,0.42,-4.5
1964,23,0.43,-4.5
1964,22,0.45,-4.0
1964,21,0.43,-4.0
1964,20,0.45,-3.5
1964,19,0.47,-3.5
1964,18,0.44,-4.0
1964,17,0.41,-4.0
1964,16,0.44,-3.0
1964,15,0.4,-4.0
1964,14,0.43,-3.0
1964,13,0.38,-3.5
1964,12,0.42,-2.0
1964,11,0.45,-1.5
1964,10,0.4,-2.5
1964,9,0.44,-2.5
1964,8,0.5,-1.5
1964,7,0.57,-1.0
1964,6,0.67,-1.0
1964,5,0.6,-1.0
1964,4,0.5,-1.5
1964,3,0.67,-1.5
1964,2,1.0,-0.5
1964,1,1.0,-0.5
1963,161,0.47,-28.0
1963,160,0.47,-29.5
1963,159,0.47,-28.5
1963,158,0.47,-28.5
1963,157,0.47,-27.5
1963,156,0.47,-27.5
1963,155,0.47,-28.0
1963,154,0.47,-28.0
1963,153,0.48,-27.0
1963,152,0.48,-27.0
1963,151,0.48,-27.0
1963,150,0.47,-27.5
1963,149,0.47,-27.5
1963,148,0.47,-26.5
1963,147,0.48,-25.5
1963,146,0.48,-25.5
1963,145,0.48,-26.5
1963,144,0.47,-26.5
1963,143,0.47,-26.5
1963,142,0.47,-26.5
1963,141,0.48,-25.0
1963,140,0.48,-24.0
1963,139,0.48,-23.0
1963,137,0.48,-23.0
1963,138,0.49,-23.0
1963,136,0.48,-24.0
1963,135,0.47,-24.0
1963,134,0.47,-24.0
1963,133,0.47,-23.0
1963,132,0.47,-24.0
1963,131,0.47,-23.0
1963,130,0.48,-23.0
1963,129,0.48,-21.0
1963,128,0.48,-21.0
1963,127,0.48,-21.0
1963,126,0.48,-20.0
1963,125,0.48,-20.0
1963,124,0.48,-21.0
1963,123,0.48,-19.5
1963,122,0.48,-19.5
1963,121,0.49,-19.0
1963,120,0.49,-17.5
1963,119,0.49,-18.5
1963,118,0.48,-18.5
1963,117,0.49,-17.5
1963,116,0.48,-17.5
1963,115,0.48,-19.5
1963,114,0.47,-20.0
1963,113,0.48,-19.0
1963,112,0.48,-18.0
1963,111,0.49,-17.0
1963,110,0.49,-16.0
1963,109,0.5,-15.0
1963,108,0.5,-14.5
1963,107,0.5,-14.0
1963,106,0.51,-13.0
1963,105,0.51,-13.0
1963,104,0.51,-13.5
1963,103,0.51,-12.5
1963,102,0.52,-11.5
1963,101,0.51,-12.5
1963,100,0.52,-12.5
1963,99,0.53,-11.5
1963,98,0.53,-10.5
1963,97,0.53,-10.5
1963,96,0.53,-10.5
1963,95,0.54,-10.5
1963,94,0.54,-9.0
1963,93,0.55,-7.5
1963,92,0.54,-7.0
1963,91,0.55,-6.0
1963,90,0.54,-7.0
1963,89,0.55,-6.0
1963,88,0.56,-5.5
1963,87,0.55,-6.5
1963,86,0.55,-6.5
1963,85,0.55,-5.5
1963,84,0.56,-5.5
1963,83,0.55,-5.5
1963,82,0.55,-5.5
1963,81,0.54,-6.0
1963,80,0.55,-5.5
1963,79,0.54,-5.5
1963,78,0.54,-6.5
1963,77,0.55,-6.5
1963,76,0.55,-5.5
1963,75,0.55,-5.5
1963,74,0.54,-5.5
1963,73,0.55,-4.5
1963,72,0.56,-4.5
1963,71,0.56,-2.5
1963,70,0.57,-1.5
1963,69,0.57,-2.5
1963,68,0.57,-2.5
1963,67,0.57,-2.5
1963,66,0.56,-2.5
1963,65,0.55,-4.0
1963,64,0.55,-5.0
1963,63,0.56,-4.0
1963,62,0.56,-4.0
1963,61,0.57,-2.0
1963,60,0.57,-3.0
1963,59,0.56,-3.0
1963,58,0.55,-3.0
1963,57,0.54,-3.0
1963,55,0.55,-2.5
1963,56,0.55,-2.5
1963,54,0.54,-3.0
1963,53,0.53,-3.0
1963,52,0.52,-3.5
1963,51,0.51,-4.0
1963,50,0.5,-5.0
1963,49,0.51,-4.5
1963,48,0.5,-5.0
1963,47,0.49,-6.0
1963,46,0.5,-5.5
1963,44,0.52,-4.5
1963,45,0.51,-4.5
1963,43,0.51,-5.0
1963,42,0.52,-5.0
1963,41,0.54,-5.0
1963,40,0.55,-5.5
1963,39,0.54,-5.5
1963,38,0.53,-5.5
1963,37,0.54,-4.5
1963,36,0.56,-3.5
1963,35,0.54,-3.0
1963,34,0.56,-2.0
1963,33,0.58,-1.0
1963,32,0.59,0.0
1963,31,0.61,0.0
1963,30,0.6,-0.5
1963,29,0.62,0.0
1963,28,0.61,-1.0
1963,27,0.59,-1.0
1963,26,0.58,-1.0
1963,25,0.56,-2.0
1963,24,0.54,-2.0
1963,23,0.57,-1.5
1963,22,0.55,-1.5
1963,21,0.57,-0.5
1963,20,0.6,0.0
1963,19,0.58,-1.5
1963,18,0.56,-2.5
1963,17,0.59,-1.5
1963,16,0.62,-1.0
1963,14,0.57,-1.0
1963,15,0.6,-1.0
1963,13,0.54,-1.5
1963,12,0.5,-2.0
1963,11,0.55,-1.0
1963,10,0.6,-0.5
1963,9,0.56,-1.0
1963,8,0.5,-1.0
1963,7,0.43,-2.0
1963,6,0.5,-1.0
1963,5,0.4,-2.0
1963,4,0.5,-1.0
1963,3,0.33,-2.0
1963,2,0.5,-1.0
1963,1,0.0,-1.0
1962,160,0.48,-19.0
1962,159,0.47,-19.0
1962,158,0.47,-18.5
1962,157,0.48,-17.5
1962,156,0.47,-17.0
1962,155,0.48,-17.0
1962,154,0.47,-18.0
1962,153,0.48,-17.5
1962,152,0.48,-16.5
1962,151,0.48,-16.5
1962,150,0.47,-17.5
1962,149,0.48,-16.5
1962,148,0.47,-17.5
1962,147,0.48,-17.0
1962,146,0.47,-17.0
1962,145,0.47,-17.0
1962,144,0.47,-16.0
1962,143,0.47,-16.0
1962,142,0.46,-18.0
1962,141,0.47,-17.0
1962,140,0.47,-15.5
1962,139,0.47,-16.0
1962,138,0.47,-16.0
1962,137,0.47,-16.0
1962,136,0.47,-16.0
1962,135,0.47,-15.0
1962,134,0.47,-15.0
1962,133,0.47,-15.5
1962,132,0.46,-15.5
1962,131,0.47,-15.5
1962,130,0.47,-15.0
1962,129,0.47,-15.5
1962,128,0.47,-17.0
1962,127,0.46,-18.0
1962,126,0.47,-17.0
1962,125,0.46,-17.0
1962,123,0.47,-17.0
1962,124,0.47,-17.0
1962,122,0.48,-15.5
1962,121,0.47,-16.0
1962,120,0.47,-16.0
1962,119,0.47,-17.0
1962,118,0.47,-16.0
1962,117,0.47,-16.0
1962,116,0.47,-16.5
1962,115,0.47,-16.5
1962,113,0.46,-16.5
1962,114,0.46,-16.5
1962,112,0.46,-17.0
1962,111,0.45,-17.5
1962,110,0.45,-18.0
1962,109,0.45,-17.0
1962,108,0.45,-17.0
1962,107,0.45,-17.0
1962,106,0.45,-17.5
1962,105,0.46,-17.5
1962,104,0.46,-16.5
1962,103,0.46,-17.0
1962,102,0.45,-16.0
1962,101,0.45,-16.5
1962,100,0.45,-15.5
1962,99,0.45,-15.5
1962,98,0.46,-14.0
1962,96,0.47,-13.0
1962,97,0.46,-13.0
1962,95,0.46,-13.0
1962,94,0.47,-12.0
1962,93,0.47,-12.5
1962,92,0.48,-11.5
1962,91,0.47,-11.5
1962,90,0.48,-10.5
1962,89,0.48,-9.5
1962,88,0.49,-8.0
1962,87,0.49,-6.5
1962,86,0.49,-6.5
1962,85,0.48,-7.5
1962,84,0.48,-7.5
1962,83,0.48,-8.0
1962,82,0.48,-8.5
1962,81,0.47,-8.5
1962,79,0.46,-8.5
1962,80,0.46,-8.5
1962,78,0.46,-8.0
1962,77,0.47,-7.0
1962,76,0.46,-7.0
1962,75,0.47,-7.0
1962,74,0.46,-8.0
1962,73,0.45,-9.0
1962,72,0.46,-8.5
1962,71,0.46,-8.5
1962,70,0.46,-9.0
1962,69,0.45,-9.0
1962,68,0.44,-10.0
1962,67,0.45,-10.0
1962,66,0.45,-10.0
1962,65,0.45,-9.5
1962,64,0.44,-10.5
1962,63,0.44,-10.5
1962,62,0.45,-8.5
1962,61,0.44,-9.5
1962,60,0.43,-9.5
1962,59,0.44,-8.5
1962,58,0.43,-9.0
1962,57,0.42,-10.0
1962,56,0.43,-9.0
1962,55,0.42,-9.5
1962,54,0.41,-10.0
1962,53,0.42,-9.5
1962,52,0.42,-9.5
1962,51,0.41,-10.5
1962,50,0.42,-9.5
1962,49,0.43,-8.5
1962,47,0.43,-8.5
1962,48,0.42,-8.5
1962,46,0.41,-8.5
1962,45,0.4,-9.5
1962,44,0.41,-8.0
1962,43,0.42,-8.0
1962,42,0.43,-7.0
1962,41,0.41,-7.5
1962,40,0.4,-8.5
1962,39,0.41,-7.5
1962,38,0.39,-8.5
1962,37,0.41,-8.5
1962,36,0.39,-8.5
1962,35,0.37,-8.5
1962,34,0.38,-8.0
1962,33,0.39,-7.0
1962,32,0.41,-7.0
1962,31,0.42,-6.0
1962,30,0.43,-6.0
1962,29,0.45,-5.0
1962,28,0.46,-4.5
1962,27,0.48,-3.5
1962,26,0.46,-4.5
1962,25,0.48,-4.5
1962,24,0.46,-4.5
1962,23,0.48,-4.5
1962,22,0.5,-3.5
1962,21,0.52,-3.5
1962,20,0.5,-3.5
1962,19,0.47,-3.5
1962,18,0.44,-4.0
1962,17,0.41,-4.5
1962,16,0.44,-3.5
1962,15,0.47,-3.5
1962,14,0.5,-2.5
1962,13,0.54,-1.5
1962,12,0.58,-0.5
1962,11,0.55,-0.5
1962,10,0.5,-1.5
1962,9,0.44,-1.5
1962,8,0.5,-1.5
1962,7,0.43,-2.5
1962,6,0.33,-2.0
1962,4,0.25,-1.5
1962,5,0.4,-1.5
1962,3,0.33,-1.0
1962,2,0.5,-0.5
1962,1,0.0,-1.0
1961,163,0.47,-33.0
1961,162,0.47,-32.0
1961,161,0.47,-31.0
1961,160,0.48,-30.0
1961,159,0.47,-31.0
1961,158,0.47,-31.0
1961,157,0.47,-30.5
1961,156,0.47,-31.5
1961,155,0.47,-31.0
1961,154,0.47,-30.0
1961,153,0.48,-29.5
1961,152,0.47,-29.5
1961,151,0.48,-29.5
1961,150,0.47,-31.0
1961,149,0.48,-30.5
1961,148,0.48,-29.5
1961,147,0.48,-30.0
1961,146,0.47,-29.5
1961,145,0.48,-28.5
1961,144,0.47,-28.5
1961,143,0.47,-28.5
1961,142,0.46,-28.5
1961,141,0.47,-27.5
1961,140,0.47,-26.0
1961,139,0.47,-26.0
1961,138,0.46,-26.0
1961,137,0.47,-25.5
1961,136,0.46,-25.5
1961,135,0.46,-26.5
1961,134,0.46,-27.0
1961,133,0.46,-26.0
1961,132,0.46,-25.0
1961,131,0.46,-25.0
1961,130,0.45,-26.0
1961,129,0.45,-26.0
1961,127,0.45,-27.0
1961,128,0.45,-27.0
1961,126,0.45,-25.0
1961,125,0.46,-24.0
1961,124,0.46,-24.0
1961,123,0.46,-23.0
1961,122,0.47,-22.0
1961,121,0.46,-23.0
1961,120,0.47,-22.5
1961,119,0.47,-22.5
1961,118,0.47,-21.5
1961,117,0.47,-21.5
1961,116,0.47,-21.5
1961,115,0.47,-20.5
1961,114,0.46,-20.5
1961,113,0.46,-21.0
1961,112,0.46,-21.0
1961,111,0.46,-20.0
1961,110,0.45,-20.0
1961,109,0.46,-19.0
1961,108,0.45,-20.0
1961,107,0.45,-20.0
1961,106,0.44,-20.0
1961,105,0.44,-20.0
1961,104,0.44,-20.5
1961,103,0.44,-21.5
1961,102,0.44,-20.5
1961,101,0.45,-20.5
1961,100,0.45,-19.0
1961,99,0.45,-18.0
1961,98,0.45,-18.5
1961,97,0.45,-17.5
1961,96,0.46,-17.0
1961,94,0.47,-16.0
1961,95,0.46,-16.0
1961,93,0.47,-16.0
1961,92,0.47,-16.5
1961,91,0.47,-15.5
1961,90,0.47,-15.5
1961,89,0.47,-14.5
1961,88,0.47,-14.5
1961,87,0.47,-14.5
1961,86,0.47,-15.0
1961,85,0.46,-15.0
1961,84,0.46,-14.5
1961,83,0.47,-13.5
1961,82,0.48,-13.0
1961,81,0.48,-12.0
1961,80,0.48,-12.0
1961,79,0.48,-12.0
1961,78,0.49,-11.5
1961,77,0.49,-11.0
1961,76,0.5,-11.0
1961,75,0.51,-10.0
1961,74,0.51,-9.0
1961,73,0.51,-9.0
1961,72,0.5,-9.0
1961,71,0.51,-9.0
1961,69,0.52,-9.0
1961,70,0.51,-9.0
1961,68,0.51,-9.0
1961,67,0.52,-8.0
1961,66,0.52,-8.0
1961,65,0.51,-8.0
1961,64,0.52,-7.5
1961,63,0.51,-7.5
1961,62,0.5,-7.5
1961,61,0.49,-9.0
1961,60,0.48,-9.0
1961,59,0.47,-9.0
1961,58,0.47,-10.0
1961,57,0.47,-10.0
1961,56,0.48,-9.0
1961,55,0.47,-10.0
1961,54,0.48,-10.0
1961,53,0.47,-9.0
1961,52,0.48,-9.0
1961,51,0.49,-9.0
1961,50,0.48,-8.5
1961,49,0.49,-8.5
1961,48,0.48,-9.0
1961,47,0.47,-9.0
1961,46,0.46,-10.0
1961,45,0.47,-10.0
1961,44,0.45,-10.5
1961,43,0.44,-10.0
1961,42,0.45,-9.0
1961,41,0.44,-9.0
1961,40,0.42,-9.5
1961,39,0.44,-9.5
1961,38,0.45,-9.0
1961,37,0.43,-9.5
1961,36,0.42,-9.5
1961,35,0.43,-10.0
1961,34,0.44,-10.0
1961,33,0.45,-8.5
1961,32,0.44,-8.5
1961,31,0.42,-8.5
1961,30,0.43,-8.0
1961,29,0.41,-9.0
1961,28,0.39,-10.0
1961,27,0.41,-9.0
1961,26,0.38,-9.0
1961,25,0.4,-8.0
1961,24,0.42,-8.0
1961,23,0.43,-8.0
1961,22,0.45,-7.0
1961,21,0.43,-7.5
1961,20,0.4,-7.5
1961,19,0.42,-7.0
1961,18,0.44,-6.5
1961,17,0.41,-5.5
1961,16,0.44,-4.0
1961,15,0.47,-4.0
1961,14,0.5,-3.0
1961,13,0.54,-3.0
1961,12,0.5,-3.0
1961,11,0.55,-2.5
1961,10,0.5,-3.0
1961,9,0.56,-3.0
1961,8,0.5,-3.0
1961,7,0.57,-3.0
1961,6,0.5,-2.0
1961,5,0.4,-2.5
1961,4,0.5,-2.0
1961,3,0.67,-1.0
1961,2,0.5,-0.5
1961,1,0.0,-1.0
1960,154,0.42,-32.0
1960,153,0.42,-31.0
1960,152,0.43,-30.0
1960,151,0.43,-29.0
1960,150,0.43,-29.0
1960,149,0.43,-27.5
1960,148,0.43,-26.5
1960,147,0.44,-25.5
1960,146,0.44,-24.5
1960,145,0.43,-24.5
1960,144,0.44,-23.5
1960,143,0.43,-23.0
1960,142,0.43,-23.0
1960,141,0.43,-22.0
1960,140,0.44,-22.0
1960,139,0.44,-22.0
1960,138,0.44,-22.0
1960,137,0.45,-20.0
1960,136,0.44,-20.5
1960,135,0.44,-20.5
1960,134,0.44,-20.5
1960,133,0.44,-21.5
1960,132,0.43,-22.0
1960,131,0.44,-22.0
1960,130,0.44,-21.0
1960,129,0.43,-21.0
1960,128,0.43,-21.0
1960,127,0.43,-21.0
1960,126,0.44,-20.5
1960,125,0.44,-20.0
1960,124,0.44,-20.0
1960,123,0.43,-20.5
1960,122,0.43,-21.0
1960,121,0.42,-21.0
1960,120,0.42,-22.0
1960,119,0.42,-20.5
1960,118,0.42,-19.0
1960,117,0.42,-19.5
1960,116,0.42,-18.5
1960,115,0.43,-18.5
1960,114,0.43,-18.5
1960,113,0.43,-18.5
1960,112,0.43,-18.5
1960,111,0.43,-17.5
1960,110,0.44,-16.5
1960,109,0.44,-15.5
1960,108,0.44,-16.0
1960,107,0.43,-17.0
1960,106,0.43,-16.0
1960,105,0.44,-16.0
1960,104,0.43,-16.5
1960,103,0.43,-16.5
1960,102,0.43,-16.0
1960,101,0.43,-16.0
1960,100,0.43,-16.0
1960,99,0.42,-16.0
1960,98,0.42,-16.0
1960,97,0.41,-16.0
1960,96,0.41,-17.5
1960,95,0.41,-16.5
1960,93,0.41,-16.5
1960,94,0.41,-16.5
1960,92,0.41,-15.0
1960,91,0.41,-16.0
1960,90,0.4,-17.0
1960,89,0.4,-16.0
1960,87,0.4,-15.0
1960,88,0.41,-15.0
1960,86,0.4,-16.0
1960,85,0.4,-15.0
1960,84,0.39,-16.0
1960,83,0.4,-16.0
1960,82,0.4,-15.0
1960,81,0.41,-14.0
1960,80,0.4,-15.5
1960,79,0.39,-15.5
1960,78,0.38,-16.5
1960,77,0.38,-17.5
1960,76,0.37,-18.5
1960,75,0.36,-19.5
1960,74,0.35,-19.5
1960,73,0.36,-19.0
1960,72,0.36,-18.0
1960,70,0.37,-18.0
1960,71,0.37,-18.0
1960,69,0.36,-18.5
1960,68,0.35,-18.0
1960,67,0.36,-17.0
1960,66,0.35,-17.0
1960,65,0.34,-17.0
1960,64,0.34,-17.0
1960,63,0.35,-17.0
1960,62,0.35,-15.5
1960,61,0.36,-15.0
1960,60,0.37,-14.0
1960,59,0.36,-15.0
1960,58,0.36,-14.0
1960,57,0.37,-13.5
1960,56,0.38,-13.0
1960,55,0.36,-13.0
1960,54,0.35,-13.0
1960,53,0.36,-13.0
1960,52,0.35,-13.0
1960,51,0.35,-12.0
1960,50,0.34,-12.5
1960,49,0.35,-12.0
1960,47,0.34,-13.0
1960,48,0.33,-13.0
1960,46,0.33,-13.0
1960,45,0.33,-13.0
1960,44,0.34,-12.0
1960,43,0.35,-12.0
1960,42,0.36,-11.5
1960,41,0.37,-11.0
1960,40,0.38,-11.0
1960,39,0.38,-9.5
1960,38,0.37,-10.5
1960,36,0.39,-10.5
1960,37,0.38,-10.5
1960,35,0.4,-8.5
1960,34,0.38,-8.5
1960,33,0.36,-8.5
1960,32,0.38,-8.5
1960,31,0.39,-8.5
1960,30,0.4,-6.5
1960,29,0.38,-6.5
1960,28,0.39,-6.5
1960,27,0.37,-6.5
1960,25,0.4,-6.0
1960,26,0.38,-6.0
1960,24,0.42,-6.0
1960,23,0.43,-5.0
1960,22,0.45,-4.0
1960,21,0.48,-3.0
1960,20,0.5,-2.0
1960,19,0.53,-2.0
1960,18,0.56,-1.0
1960,17,0.59,-0.5
1960,16,0.56,-1.5
1960,15,0.53,-2.0
1960,14,0.5,-2.0
1960,13,0.46,-2.0
1960,12,0.5,-1.5
1960,11,0.45,-1.5
1960,10,0.4,-2.0
1960,9,0.44,-2.0
1960,8,0.5,-2.0
1960,7,0.43,-3.0
1960,6,0.5,-2.0
1960,5,0.4,-2.0
1960,4,0.25,-2.0
1960,3,0.33,-1.5
1960,2,0.0,-1.5
1960,1,0.0,-1.0
1959,154,0.49,-19.0
1959,153,0.48,-19.0
1959,152,0.48,-19.0
1959,151,0.48,-20.0
1959,150,0.47,-20.5
1959,149,0.47,-20.5
1959,148,0.47,-20.5
1959,147,0.48,-20.5
1959,146,0.47,-20.5
1959,145,0.47,-21.5
1959,144,0.47,-21.5
1959,143,0.46,-22.5
1959,142,0.46,-21.5
1959,141,0.46,-21.5
1959,140,0.46,-22.0
1959,139,0.46,-23.0
1959,138,0.46,-21.5
1959,137,0.46,-21.0
1959,136,0.46,-22.0
1959,135,0.46,-22.0
1959,134,0.46,-21.0
1959,133,0.47,-20.5
1959,132,0.47,-19.0
1959,131,0.47,-19.0
1959,130,0.47,-19.5
1959,129,0.47,-19.0
1959,128,0.46,-19.0
1959,127,0.46,-19.0
1959,126,0.46,-18.0
1959,125,0.46,-19.0
1959,124,0.46,-17.5
1959,123,0.46,-17.5
1959,122,0.47,-16.5
1959,121,0.46,-16.5
1959,120,0.47,-15.5
1959,119,0.46,-16.5
1959,118,0.47,-16.5
1959,117,0.46,-16.5
1959,116,0.47,-16.5
1959,115,0.46,-17.0
1959,114,0.46,-18.0
1959,113,0.45,-17.5
1959,112,0.45,-17.5
1959,111,0.45,-17.5
1959,110,0.45,-17.0
1959,109,0.46,-15.5
1959,108,0.45,-16.0
1959,107,0.45,-16.0
1959,106,0.44,-16.5
1959,105,0.44,-17.0
1959,104,0.44,-17.0
1959,103,0.44,-17.5
1959,102,0.43,-17.0
1959,101,0.44,-16.0
1959,100,0.43,-16.0
1959,99,0.43,-15.0
1959,98,0.43,-15.5
1959,97,0.42,-15.5
1959,96,0.43,-15.0
1959,95,0.42,-16.0
1959,94,0.43,-15.0
1959,93,0.43,-14.0
1959,92,0.43,-13.0
1959,91,0.44,-12.0
1959,90,0.44,-11.0
1959,89,0.45,-11.0
1959,88,0.44,-12.0
1959,87,0.45,-11.0
1959,86,0.45,-10.0
1959,85,0.45,-10.0
1959,84,0.45,-10.0
1959,83,0.46,-10.0
1959,82,0.45,-10.5
1959,81,0.44,-11.0
1959,80,0.44,-11.0
1959,79,0.43,-11.0
1959,78,0.42,-12.0
1959,76,0.42,-11.5
1959,77,0.43,-11.5
1959,75,0.41,-12.0
1959,74,0.42,-10.5
1959,73,0.42,-9.5
1959,72,0.43,-9.5
1959,71,0.44,-9.5
1959,70,0.44,-8.5
1959,69,0.45,-8.5
1959,68,0.46,-6.5
1959,67,0.45,-7.5
1959,66,0.45,-6.5
1959,65,0.46,-5.5
1959,64,0.45,-6.5
1959,63,0.44,-7.5
1959,61,0.44,-6.0
1959,62,0.45,-6.0
1959,60,0.43,-8.0
1959,59,0.42,-9.0
1959,58,0.43,-8.0
1959,57,0.44,-7.5
1959,56,0.43,-7.0
1959,55,0.42,-8.0
1959,54,0.43,-7.5
1959,53,0.43,-6.5
1959,52,0.44,-5.5
1959,51,0.43,-6.5
1959,50,0.44,-6.0
1959,49,0.43,-6.0
1959,48,0.44,-6.0
1959,47,0.43,-7.0
1959,46,0.43,-6.0
1959,45,0.42,-6.0
1959,44,0.43,-6.0
1959,43,0.44,-6.5
1959,42,0.45,-6.5
1959,41,0.44,-6.5
1959,40,0.42,-7.5
1959,39,0.44,-7.0
1959,38,0.42,-8.0
1959,37,0.43,-8.0
1959,36,0.42,-8.0
1959,35,0.43,-7.5
1959,34,0.44,-7.5
1959,33,0.42,-7.5
1959,32,0.41,-8.0
1959,31,0.42,-7.0
1959,30,0.43,-6.5
1959,29,0.41,-7.0
1959,28,0.43,-6.0
1959,27,0.44,-5.0
1959,26,0.46,-4.5
1959,25,0.48,-4.0
1959,24,0.5,-3.0
1959,23,0.48,-3.0
1959,22,0.45,-5.0
1959,21,0.48,-5.0
1959,20,0.45,-5.0
1959,19,0.47,-4.5
1959,18,0.44,-5.5
1959,17,0.47,-4.5
1959,16,0.44,-5.0
1959,15,0.47,-4.5
1959,14,0.43,-4.5
1959,13,0.46,-3.5
1959,12,0.5,-4.0
1959,11,0.55,-4.0
1959,10,0.5,-4.0
1959,9,0.56,-3.0
1959,8,0.5,-3.0
1959,7,0.57,-2.0
1959,6,0.5,-3.0
1959,5,0.6,-2.0
1959,4,0.5,-2.0
1959,3,0.67,-1.5
1959,2,0.5,-2.0
1959,1,0.0,-2.0
1958,155,0.51,-13.0
1958,154,0.51,-12.5
1958,152,0.5,-13.0
1958,153,0.5,-13.0
1958,151,0.5,-14.5
1958,150,0.5,-13.5
1958,149,0.5,-14.5
1958,148,0.49,-15.5
1958,147,0.49,-16.5
1958,146,0.49,-17.5
1958,145,0.49,-17.0
1958,144,0.49,-17.0
1958,142,0.49,-18.0
1958,143,0.49,-18.0
1958,141,0.5,-16.0
1958,140,0.5,-15.0
1958,139,0.5,-14.0
1958,138,0.51,-13.5
1958,137,0.51,-12.5
1958,136,0.51,-12.5
1958,135,0.51,-13.0
1958,134,0.51,-13.0
1958,133,0.51,-14.0
1958,132,0.51,-14.5
1958,131,0.51,-13.5
1958,130,0.52,-12.5
1958,129,0.52,-12.5
1958,128,0.52,-12.5
1958,127,0.51,-12.5
1958,126,0.52,-12.5
1958,124,0.52,-13.5
1958,125,0.51,-13.5
1958,123,0.51,-13.5
1958,122,0.51,-13.5
1958,121,0.5,-14.5
1958,120,0.51,-14.5
1958,119,0.5,-14.5
1958,118,0.5,-14.5
1958,117,0.5,-13.5
1958,116,0.51,-13.5
1958,115,0.5,-14.5
1958,114,0.5,-15.5
1958,113,0.5,-16.5
1958,112,0.5,-15.5
1958,111,0.5,-15.0
1958,110,0.51,-15.5
1958,109,0.5,-15.5
1958,108,0.51,-15.5
1958,107,0.5,-16.5
1958,106,0.51,-15.5
1958,105,0.5,-16.0
1958,104,0.5,-16.0
1958,103,0.5,-15.5
1958,102,0.49,-15.5
1958,101,0.49,-17.5
1958,100,0.49,-16.5
1958,99,0.49,-16.5
1958,98,0.5,-15.0
1958,97,0.51,-14.0
1958,96,0.51,-14.0
1958,95,0.51,-15.0
1958,94,0.51,-14.0
1958,93,0.51,-15.5
1958,92,0.51,-14.5
1958,91,0.52,-13.0
1958,90,0.52,-12.0
1958,88,0.52,-11.0
1958,89,0.53,-11.0
1958,87,0.53,-10.0
1958,86,0.52,-11.0
1958,85,0.52,-12.0
1958,84,0.51,-12.0
1958,83,0.51,-12.0
1958,82,0.5,-13.0
1958,81,0.49,-13.0
1958,80,0.5,-12.5
1958,79,0.51,-12.5
1958,78,0.51,-11.0
1958,77,0.51,-11.0
1958,76,0.5,-11.0
1958,75,0.49,-12.0
1958,74,0.5,-12.0
1958,73,0.51,-12.0
1958,72,0.5,-11.0
1958,71,0.51,-10.0
1958,70,0.51,-9.0
1958,69,0.51,-9.5
1958,68,0.5,-10.5
1958,67,0.49,-10.5
1958,66,0.5,-9.5
1958,65,0.49,-9.5
1958,64,0.48,-10.0
1958,63,0.49,-9.0
1958,62,0.5,-9.0
1958,61,0.51,-9.0
1958,60,0.52,-8.0
1958,59,0.51,-8.0
1958,58,0.52,-7.0
1958,57,0.53,-7.0
1958,56,0.54,-7.0
1958,55,0.53,-8.0
1958,54,0.52,-9.0
1958,53,0.51,-9.5
1958,52,0.52,-9.5
1958,51,0.53,-7.5
1958,49,0.51,-8.0
1958,50,0.52,-8.0
1958,48,0.5,-10.0
1958,47,0.49,-10.0
1958,46,0.48,-10.0
1958,45,0.47,-10.5
1958,44,0.48,-10.5
1958,43,0.47,-10.0
1958,42,0.48,-9.0
1958,40,0.5,-8.0
1958,41,0.49,-8.0
1958,39,0.49,-9.0
1958,38,0.5,-9.0
1958,37,0.51,-9.0
1958,36,0.53,-9.0
1958,35,0.51,-8.0
1958,34,0.5,-9.0
1958,33,0.48,-9.0
1958,32,0.47,-9.0
1958,31,0.48,-8.0
1958,30,0.47,-8.0
1958,29,0.45,-7.5
1958,28,0.46,-7.5
1958,27,0.44,-6.5
1958,26,0.42,-6.5
1958,25,0.4,-6.5
1958,24,0.42,-6.0
1958,23,0.43,-6.0
1958,22,0.45,-5.0
1958,21,0.48,-4.0
1958,20,0.45,-4.0
1958,19,0.42,-4.5
1958,18,0.39,-5.0
1958,17,0.35,-5.0
1958,16,0.38,-5.0
1958,15,0.33,-5.0
1958,14,0.29,-5.5
1958,13,0.31,-5.0
1958,12,0.25,-5.5
1958,11,0.27,-4.5
1958,10,0.3,-4.5
1958,9,0.22,-5.0
1958,8,0.12,-6.0
1958,7,0.14,-5.0
1958,6,0.17,-4.0
1958,5,0.2,-3.0
1958,4,0.25,-2.0
1958,3,0.33,-1.5
1958,2,0.0,-1.5
1958,1,0.0,-1.0
1957,154,0.53,-16.0
1957,153,0.53,-17.0
1957,152,0.53,-16.0
1957,151,0.54,-15.0
1957,150,0.53,-15.5
1957,149,0.53,-16.0
1957,148,0.53,-16.5
1957,147,0.53,-15.5
1957,146,0.53,-16.5
1957,145,0.53,-15.5
1957,144,0.53,-14.5
1957,143,0.53,-14.5
1957,142,0.54,-14.5
1957,141,0.54,-12.5
1957,140,0.54,-13.5
1957,139,0.54,-12.5
1957,138,0.54,-12.0
1957,137,0.55,-11.5
1957,136,0.54,-12.0
1957,135,0.54,-12.0
1957,134,0.54,-12.0
1957,133,0.53,-13.0
1957,132,0.54,-12.0
1957,131,0.53,-12.5
1957,130,0.53,-12.5
1957,129,0.53,-14.5
1957,128,0.53,-13.5
1957,127,0.54,-13.5
1957,126,0.53,-14.5
1957,125,0.53,-14.5
1957,124,0.52,-14.5
1957,123,0.52,-14.5
1957,122,0.52,-15.5
1957,121,0.52,-15.5
1957,120,0.52,-14.5
1957,119,0.53,-14.5
1957,118,0.53,-14.5
1957,117,0.52,-15.5
1957,116,0.53,-15.5
1957,115,0.53,-14.0
1957,114,0.54,-13.0
1957,113,0.54,-13.0
1957,112,0.54,-12.0
1957,111,0.54,-13.0
1957,109,0.54,-12.0
1957,110,0.55,-12.0
1957,108,0.54,-12.5
1957,107,0.53,-12.5
1957,106,0.54,-12.5
1957,105,0.54,-12.5
1957,104,0.54,-13.5
1957,103,0.54,-13.0
1957,102,0.55,-11.5
1957,101,0.54,-11.5
1957,100,0.54,-11.5
1957,99,0.55,-11.0
1957,98,0.55,-9.5
1957,97,0.55,-9.5
1957,96,0.54,-10.0
1957,95,0.54,-10.5
1957,94,0.54,-9.5
1957,93,0.54,-10.5
1957,92,0.53,-11.5
1957,91,0.53,-12.5
1957,90,0.52,-12.5
1957,89,0.53,-12.0
1957,88,0.53,-12.0
1957,87,0.53,-12.0
1957,86,0.52,-12.0
1957,85,0.53,-11.0
1957,83,0.53,-11.0
1957,84,0.52,-11.0
1957,82,0.54,-10.0
1957,81,0.53,-11.0
1957,80,0.54,-10.0
1957,79,0.53,-10.0
1957,78,0.54,-9.0
1957,77,0.53,-9.0
1957,75,0.53,-9.0
1957,76,0.53,-9.0
1957,74,0.53,-9.0
1957,73,0.53,-8.0
1957,72,0.53,-8.0
1957,71,0.54,-7.0
1957,70,0.53,-6.5
1957,69,0.52,-6.5
1957,68,0.51,-6.5
1957,67,0.51,-6.5
1957,66,0.5,-8.5
1957,65,0.51,-7.5
1957,64,0.52,-7.0
1957,63,0.51,-7.0
1957,62,0.5,-8.0
1957,61,0.49,-8.5
1957,60,0.48,-9.5
1957,59,0.47,-10.5
1957,58,0.47,-10.5
1957,57,0.47,-10.5
1957,56,0.48,-9.0
1957,55,0.49,-9.0
1957,54,0.5,-8.0
1957,53,0.49,-9.0
1957,52,0.5,-8.0
1957,51,0.51,-8.0
1957,50,0.5,-8.5
1957,49,0.49,-8.5
1957,48,0.48,-10.0
1957,47,0.49,-10.0
1957,46,0.5,-9.0
1957,45,0.51,-8.0
1957,44,0.52,-7.0
1957,43,0.51,-7.5
1957,42,0.5,-7.5
1957,40,0.5,-6.5
1957,41,0.51,-6.5
1957,39,0.49,-6.5
1957,38,0.5,-6.5
1957,37,0.51,-5.5
1957,36,0.53,-5.5
1957,35,0.51,-5.5
1957,34,0.5,-6.5
1957,33,0.52,-5.5
1957,32,0.5,-6.5
1957,31,0.48,-6.5
1957,30,0.5,-5.5
1957,29,0.52,-4.5
1957,28,0.54,-4.0
1957,27,0.52,-4.0
1957,26,0.54,-3.0
1957,25,0.52,-3.0
1957,24,0.54,-2.5
1957,23,0.57,-2.0
1957,22,0.59,-2.0
1957,21,0.57,-1.0
1957,20,0.6,-0.5
1957,19,0.58,-1.5
1957,18,0.56,-2.5
1957,17,0.53,-2.5
1957,16,0.5,-4.0
1957,15,0.53,-4.0
1957,14,0.57,-3.0
1957,13,0.62,-2.0
1957,12,0.67,-1.0
1957,11,0.64,-1.0
1957,10,0.7,0.0
1957,9,0.67,-1.0
1957,8,0.62,-1.0
1957,7,0.57,-1.0
1957,6,0.5,-1.5
1957,5,0.4,-2.5
1957,4,0.5,-2.0
1957,3,0.33,-2.0
1957,2,0.5,-1.0
1957,1,1.0,0.0
1956,155,0.54,-13.0
1956,154,0.54,-14.0
1956,153,0.54,-15.0
1956,152,0.54,-14.0
1956,151,0.54,-15.0
1956,150,0.53,-15.5
1956,149,0.54,-14.5
1956,148,0.54,-13.5
1956,147,0.54,-14.5
1956,146,0.54,-14.0
1956,145,0.54,-13.0
1956,144,0.55,-13.0
1956,143,0.55,-12.0
1956,142,0.55,-13.0
1956,141,0.55,-13.0
1956,140,0.55,-12.5
1956,139,0.55,-11.5
1956,138,0.55,-12.5
1956,137,0.55,-12.5
1956,136,0.54,-12.5
1956,135,0.54,-12.5
1956,134,0.54,-12.5
1956,133,0.54,-13.0
1956,132,0.55,-12.0
1956,130,0.54,-12.5
1956,131,0.54,-12.5
1956,129,0.53,-12.5
1956,128,0.54,-12.5
1956,127,0.54,-13.5
1956,126,0.54,-12.5
1956,125,0.54,-12.5
1956,123,0.54,-11.5
1956,124,0.54,-11.5
1956,122,0.54,-11.5
1956,121,0.54,-12.5
1956,120,0.54,-11.5
1956,119,0.54,-13.0
1956,118,0.53,-13.0
1956,117,0.54,-13.0
1956,116,0.54,-13.0
1956,115,0.55,-12.5
1956,114,0.55,-11.0
1956,113,0.56,-11.0
1956,112,0.55,-12.0
1956,111,0.56,-11.0
1956,110,0.56,-10.0
1956,109,0.57,-8.5
1956,108,0.57,-8.5
1956,107,0.57,-8.5
1956,106,0.57,-8.5
1956,105,0.56,-8.5
1956,104,0.56,-9.5
1956,103,0.56,-8.5
1956,102,0.56,-9.5
1956,101,0.55,-10.5
1956,100,0.55,-11.5
1956,99,0.55,-12.5
1956,98,0.54,-13.5
1956,97,0.55,-13.5
1956,96,0.55,-12.5
1956,95,0.56,-12.5
1956,94,0.56,-11.0
1956,93,0.56,-11.0
1956,92,0.55,-11.0
1956,91,0.55,-11.0
1956,90,0.56,-10.0
1956,89,0.55,-11.0
1956,88,0.55,-11.5
1956,87,0.54,-12.0
1956,86,0.55,-11.0
1956,85,0.55,-10.0
1956,84,0.55,-11.5
1956,83,0.54,-11.5
1956,82,0.54,-12.0
1956,81,0.54,-11.5
1956,80,0.54,-11.5
1956,79,0.54,-10.5
1956,78,0.54,-10.5
1956,77,0.53,-10.5
1956,76,0.53,-10.5
1956,75,0.52,-10.5
1956,74,0.51,-11.0
1956,73,0.51,-10.5
1956,72,0.51,-9.5
1956,71,0.52,-9.5
1956,70,0.51,-9.5
1956,69,0.52,-8.5
1956,68,0.51,-9.0
1956,67,0.52,-7.5
1956,66,0.52,-7.5
1956,65,0.51,-9.0
1956,64,0.5,-9.0
1956,63,0.49,-9.0
1956,62,0.5,-7.5
1956,61,0.51,-8.0
1956,60,0.5,-9.0
1956,59,0.49,-10.0
1956,58,0.5,-9.5
1956,57,0.51,-8.5
1956,56,0.52,-7.0
1956,55,0.51,-7.0
1956,54,0.5,-7.0
1956,53,0.51,-6.0
1956,52,0.5,-6.0
1956,51,0.51,-6.5
1956,49,0.49,-6.5
1956,50,0.5,-6.5
1956,48,0.5,-6.5
1956,47,0.51,-5.5
1956,46,0.52,-5.5
1956,45,0.51,-6.5
1956,44,0.5,-6.5
1956,43,0.49,-6.5
1956,42,0.5,-6.5
1956,41,0.51,-7.0
1956,40,0.52,-6.5
1956,39,0.51,-7.5
1956,38,0.5,-7.5
1956,37,0.51,-7.5
1956,36,0.53,-5.5
1956,35,0.51,-6.5
1956,34,0.53,-5.5
1956,33,0.55,-5.5
1956,32,0.53,-5.5
1956,31,0.55,-5.5
1956,30,0.57,-4.0
1956,29,0.59,-3.0
1956,28,0.57,-3.5
1956,27,0.56,-3.5
1956,26,0.54,-4.0
1956,25,0.56,-3.0
1956,24,0.54,-3.0
1956,23,0.52,-3.0
1956,22,0.5,-3.0
1956,21,0.52,-3.0
1956,20,0.5,-3.5
1956,19,0.53,-3.5
1956,18,0.56,-2.5
1956,17,0.59,-2.5
1956,16,0.56,-3.5
1956,15,0.53,-3.5
1956,14,0.5,-3.0
1956,13,0.54,-2.0
1956,12,0.5,-2.0
1956,11,0.45,-3.0
1956,10,0.4,-4.0
1956,9,0.44,-3.0
1956,8,0.38,-4.0
1956,7,0.43,-3.5
1956,6,0.5,-2.0
1956,5,0.6,-1.0
1956,4,0.75,-0.5
1956,3,1.0,0.5
1956,2,1.0,0.0
1956,1,1.0,0.0
1955,154,0.55,-12.0
1955,153,0.54,-12.0
1955,152,0.55,-12.0
1955,151,0.55,-12.0
1955,150,0.55,-12.0
1955,149,0.55,-11.0
1955,148,0.55,-11.0
1955,147,0.56,-9.0
1955,146,0.56,-8.0
1955,145,0.57,-7.0
1955,144,0.57,-7.0
1955,143,0.57,-7.0
1955,142,0.57,-7.0
1955,141,0.57,-6.0
1955,140,0.58,-6.0
1955,139,0.58,-6.0
1955,138,0.58,-5.0
1955,137,0.58,-4.0
1955,136,0.59,-3.0
1955,135,0.59,-3.0
1955,134,0.58,-3.0
1955,133,0.58,-4.0
1955,132,0.58,-4.0
1955,131,0.57,-5.0
1955,130,0.57,-5.0
1955,129,0.57,-4.0
1955,128,0.58,-3.5
1955,127,0.57,-4.0
1955,126,0.57,-5.0
1955,125,0.58,-5.0
1955,124,0.57,-5.0
1955,123,0.58,-4.5
1955,122,0.58,-3.5
1955,121,0.58,-4.5
1955,120,0.57,-4.5
1955,119,0.58,-3.5
1955,118,0.58,-3.5
1955,117,0.57,-4.5
1955,116,0.58,-3.5
1955,115,0.57,-3.5
1955,114,0.57,-3.5
1955,113,0.57,-5.0
1955,112,0.57,-3.0
1955,111,0.58,-2.0
1955,110,0.58,-1.5
1955,109,0.58,-1.5
1955,108,0.57,-2.0
1955,107,0.58,-2.0
1955,106,0.58,-2.0
1955,105,0.58,-3.0
1955,104,0.58,-4.0
1955,103,0.58,-3.0
1955,102,0.58,-3.0
1955,101,0.57,-3.0
1955,100,0.58,-3.0
1955,99,0.58,-3.0
1955,98,0.58,-3.0
1955,97,0.58,-4.0
1955,96,0.57,-4.0
1955,95,0.57,-4.0
1955,94,0.57,-3.0
1955,93,0.57,-4.0
1955,92,0.58,-4.0
1955,91,0.57,-5.0
1955,90,0.57,-6.0
1955,88,0.57,-6.0
1955,89,0.56,-6.0
1955,87,0.56,-6.5
1955,86,0.57,-6.5
1955,85,0.56,-6.5
1955,84,0.57,-7.0
1955,83,0.57,-7.5
1955,82,0.56,-7.5
1955,81,0.57,-6.5
1955,80,0.56,-7.0
1955,78,0.55,-8.0
1955,79,0.56,-8.0
1955,77,0.55,-10.0
1955,76,0.54,-11.0
1955,75,0.53,-11.0
1955,74,0.53,-11.0
1955,73,0.53,-10.5
1955,72,0.53,-10.0
1955,71,0.52,-10.0
1955,70,0.51,-11.0
1955,69,0.51,-11.0
1955,68,0.5,-12.0
1955,67,0.51,-11.0
1955,66,0.52,-10.0
1955,65,0.51,-10.0
1955,64,0.5,-10.0
1955,63,0.49,-10.0
1955,62,0.48,-9.5
1955,61,0.48,-10.5
1955,60,0.48,-10.5
1955,59,0.47,-11.0
1955,58,0.47,-11.0
1955,57,0.46,-12.0
1955,56,0.45,-13.0
1955,55,0.45,-13.0
1955,54,0.44,-13.0
1955,53,0.43,-13.0
1955,52,0.42,-14.0
1955,51,0.41,-14.5
1955,50,0.4,-14.5
1955,49,0.41,-14.5
1955,48,0.4,-14.5
1955,47,0.4,-14.5
1955,46,0.41,-13.5
1955,44,0.41,-12.0
1955,45,0.42,-12.0
1955,43,0.42,-12.0
1955,42,0.4,-12.0
1955,41,0.41,-11.0
1955,40,0.4,-11.0
1955,39,0.41,-9.5
1955,38,0.39,-9.5
1955,37,0.41,-9.0
1955,36,0.42,-8.0
1955,35,0.43,-7.5
1955,34,0.44,-7.5
1955,33,0.45,-6.5
1955,32,0.44,-7.5
1955,31,0.45,-7.5
1955,30,0.43,-7.5
1955,29,0.41,-8.0
1955,28,0.39,-8.5
1955,27,0.37,-9.5
1955,26,0.35,-9.5
1955,25,0.36,-8.5
1955,24,0.38,-7.0
1955,23,0.39,-6.0
1955,22,0.41,-5.0
1955,21,0.43,-4.5
1955,20,0.4,-5.5
1955,19,0.42,-4.5
1955,18,0.44,-3.5
1955,17,0.47,-3.5
1955,16,0.5,-2.5
1955,15,0.53,-1.5
1955,14,0.57,-1.0
1955,13,0.54,-1.0
1955,12,0.58,-1.0
1955,11,0.64,0.0
1955,10,0.6,-1.0
1955,9,0.67,0.0
1955,8,0.75,1.0
1955,7,0.86,1.5
1955,5,0.8,1.0
1955,6,0.83,1.0
1955,4,0.75,0.0
1955,3,0.67,-1.0
1955,2,1.0,0.0
1955,1,1.0,0.0
1954,156,0.44,-42.0
1954,155,0.44,-43.0
1954,154,0.44,-43.0
1954,153,0.44,-43.0
1954,151,0.44,-42.0
1954,152,0.44,-42.0
1954,150,0.43,-43.5
1954,149,0.43,-43.5
1954,148,0.43,-43.5
1954,147,0.43,-42.5
1954,146,0.43,-41.5
1954,145,0.43,-41.0
1954,144,0.44,-40.0
1954,143,0.44,-40.0
1954,142,0.44,-38.0
1954,141,0.45,-37.0
1954,140,0.45,-36.0
1954,139,0.45,-36.0
1954,138,0.44,-36.0
1954,137,0.44,-36.0
1954,136,0.44,-36.0
1954,135,0.44,-36.0
1954,134,0.43,-36.5
1954,133,0.44,-36.5
1954,132,0.43,-37.0
1954,131,0.44,-37.0
1954,130,0.43,-37.0
1954,129,0.43,-36.0
1954,128,0.44,-36.0
1954,127,0.44,-34.0
1954,126,0.44,-34.0
1954,125,0.43,-35.0
1954,124,0.44,-34.0
1954,123,0.43,-34.0
1954,122,0.43,-34.0
1954,121,0.43,-34.0
1954,120,0.42,-34.0
1954,119,0.42,-34.0
1954,118,0.42,-34.5
1954,117,0.41,-34.5
1954,116,0.41,-34.5
1954,115,0.41,-33.0
1954,114,0.41,-32.0
1954,113,0.42,-31.0
1954,112,0.41,-31.0
1954,111,0.41,-30.5
1954,110,0.42,-30.5
1954,109,0.41,-30.0
1954,107,0.4,-31.0
1954,108,0.41,-31.0
1954,106,0.4,-31.0
1954,105,0.4,-30.0
1954,104,0.39,-30.0
1954,103,0.4,-30.0
1954,102,0.4,-29.0
1954,101,0.41,-29.0
1954,100,0.4,-28.5
1954,99,0.39,-28.5
1954,98,0.4,-27.5
1954,97,0.39,-28.5
1954,96,0.4,-27.5
1954,95,0.4,-26.5
1954,94,0.4,-26.5
1954,93,0.41,-26.0
1954,92,0.4,-26.0
1954,90,0.41,-25.0
1954,91,0.41,-25.0
1954,89,0.42,-23.0
1954,88,0.42,-23.0
1954,87,0.43,-23.0
1954,86,0.42,-23.0
1954,85,0.41,-23.5
1954,84,0.42,-23.5
1954,83,0.41,-23.5
1954,82,0.4,-23.5
1954,81,0.4,-23.5
1954,80,0.4,-23.5
1954,79,0.39,-23.0
1954,78,0.38,-23.0
1954,77,0.38,-25.0
1954,76,0.37,-26.0
1954,75,0.37,-25.5
1954,74,0.38,-24.5
1954,73,0.38,-23.5
1954,72,0.39,-23.5
1954,71,0.38,-23.5
1954,70,0.37,-23.5
1954,69,0.38,-22.5
1954,68,0.37,-22.0
1954,67,0.37,-21.5
1954,66,0.36,-21.5
1954,65,0.37,-20.5
1954,64,0.38,-20.5
1954,63,0.37,-20.0
1954,62,0.35,-21.0
1954,61,0.36,-21.5
1954,60,0.37,-20.5
1954,58,0.36,-21.5
1954,59,0.36,-21.5
1954,57,0.37,-19.5
1954,56,0.36,-20.5
1954,55,0.36,-19.5
1954,54,0.37,-18.5
1954,53,0.36,-18.5
1954,52,0.37,-17.5
1954,51,0.37,-16.5
1954,50,0.38,-16.5
1954,49,0.39,-14.5
1954,48,0.4,-14.0
1954,47,0.4,-14.0
1954,46,0.41,-14.0
1954,45,0.42,-13.0
1954,44,0.41,-13.0
1954,42,0.4,-12.0
1954,43,0.42,-12.0
1954,41,0.39,-13.0
1954,40,0.38,-12.5
1954,39,0.36,-12.5
1954,38,0.37,-12.0
1954,37,0.38,-12.0
1954,36,0.39,-12.0
1954,35,0.37,-12.0
1954,34,0.38,-11.5
1954,33,0.36,-11.5
1954,32,0.34,-12.5
1954,31,0.32,-12.5
1954,30,0.33,-11.5
1954,29,0.34,-10.5
1954,28,0.36,-10.5
1954,27,0.33,-11.5
1954,26,0.31,-11.0
1954,25,0.32,-10.0
1954,24,0.29,-10.0
1954,23,0.3,-9.0
1954,22,0.32,-8.0
1954,20,0.3,-8.5
1954,21,0.29,-8.5
1954,19,0.32,-7.5
1954,18,0.33,-6.5
1954,17,0.35,-5.5
1954,16,0.31,-6.5
1954,15,0.33,-5.5
1954,14,0.36,-5.5
1954,13,0.31,-5.0
1954,12,0.33,-4.0
1954,11,0.36,-3.0
1954,10,0.4,-2.5
1954,9,0.44,-2.0
1954,8,0.38,-2.0
1954,7,0.43,-1.0
1954,6,0.5,-1.0
1954,5,0.6,-1.0
1954,4,0.5,-1.5
1954,3,0.33,-1.5
1954,2,0.5,-0.5
1954,1,0.0,-1.0
1953,153,0.55,-16.0
1953,152,0.55,-17.0
1953,151,0.54,-18.0
1953,150,0.54,-18.0
1953,149,0.54,-17.0
1953,148,0.54,-18.0
1953,147,0.54,-19.0
1953,146,0.54,-18.5
1953,145,0.54,-18.5
1953,144,0.55,-17.5
1953,143,0.55,-17.5
1953,142,0.54,-17.5
1953,141,0.55,-17.5
1953,140,0.54,-17.5
1953,138,0.55,-16.5
1953,139,0.55,-16.5
1953,137,0.55,-16.5
1953,136,0.54,-16.5
1953,135,0.54,-17.5
1953,134,0.54,-16.5
1953,133,0.54,-16.5
1953,132,0.55,-15.5
1953,130,0.55,-16.0
1953,131,0.54,-16.0
1953,129,0.55,-15.0
1953,128,0.55,-15.0
1953,127,0.55,-16.0
1953,126,0.56,-15.0
1953,125,0.55,-15.0
1953,124,0.55,-16.0
1953,123,0.54,-16.0
1953,122,0.55,-15.0
1953,121,0.55,-15.0
1953,119,0.55,-15.0
1953,120,0.54,-15.0
1953,118,0.54,-14.0
1953,117,0.55,-14.0
1953,116,0.55,-13.5
1953,115,0.56,-12.5
1953,114,0.55,-12.5
1953,113,0.55,-12.5
1953,112,0.54,-14.0
1953,111,0.55,-13.5
1953,110,0.55,-13.5
1953,109,0.55,-13.0
1953,108,0.55,-13.0
1953,107,0.55,-12.0
1953,106,0.55,-12.0
1953,105,0.54,-11.5
1953,104,0.55,-11.5
1953,103,0.55,-10.5
1953,102,0.56,-10.5
1953,101,0.56,-9.5
1953,100,0.57,-9.5
1953,99,0.58,-8.5
1953,98,0.58,-7.5
1953,97,0.59,-7.5
1953,96,0.58,-7.5
1953,95,0.58,-7.5
1953,94,0.57,-7.5
1953,93,0.57,-9.0
1953,92,0.57,-10.0
1953,90,0.57,-10.5
1953,91,0.57,-10.5
1953,89,0.56,-10.5
1953,88,0.56,-10.5
1953,87,0.55,-10.5
1953,86,0.55,-11.0
1953,85,0.55,-11.0
1953,84,0.55,-10.5
1953,83,0.54,-10.5
1953,82,0.54,-10.5
1953,81,0.53,-11.5
1953,80,0.54,-10.5
1953,79,0.53,-11.5
1953,78,0.53,-11.0
1953,76,0.53,-12.5
1953,77,0.52,-12.5
1953,75,0.52,-11.5
1953,74,0.53,-10.5
1953,73,0.53,-9.5
1953,72,0.53,-10.5
1953,71,0.52,-11.5
1953,70,0.53,-11.5
1953,69,0.54,-11.5
1953,68,0.54,-11.5
1953,67,0.55,-11.5
1953,66,0.56,-11.5
1953,65,0.55,-11.5
1953,64,0.55,-13.0
1953,63,0.56,-13.0
1953,62,0.55,-13.0
1953,61,0.54,-13.0
1953,60,0.53,-14.0
1953,59,0.53,-13.5
1953,58,0.52,-13.5
1953,57,0.53,-13.5
1953,56,0.54,-13.5
1953,55,0.55,-11.5
1953,54,0.56,-10.5
1953,53,0.55,-10.5
1953,52,0.54,-10.5
1953,51,0.53,-10.5
1953,50,0.52,-11.0
1953,49,0.51,-11.0
1953,48,0.52,-10.5
1953,47,0.51,-10.0
1953,46,0.5,-10.0
1953,45,0.49,-10.0
1953,44,0.5,-9.0
1953,43,0.49,-9.0
1953,42,0.5,-8.0
1953,41,0.51,-8.0
1953,40,0.52,-6.5
1953,39,0.54,-6.5
1953,38,0.53,-6.5
1953,37,0.54,-5.5
1953,36,0.56,-4.5
1953,35,0.57,-3.5
1953,34,0.56,-4.5
1953,33,0.58,-3.5
1953,32,0.59,-2.5
1953,31,0.58,-2.5
1953,30,0.57,-4.0
1953,29,0.59,-3.0
1953,28,0.57,-3.0
1953,27,0.56,-3.0
1953,26,0.54,-3.0
1953,25,0.56,-2.5
1953,24,0.54,-3.5
1953,23,0.52,-4.5
1953,22,0.5,-4.5
1953,21,0.52,-3.5
1953,20,0.55,-2.5
1953,19,0.58,-1.5
1953,18,0.56,-2.5
1953,17,0.59,-2.0
1953,16,0.56,-2.5
1953,15,0.6,-2.5
1953,14,0.57,-2.0
1953,13,0.54,-3.0
1953,12,0.5,-3.5
1953,11,0.45,-4.0
1953,10,0.4,-4.5
1953,9,0.33,-4.5
1953,8,0.38,-3.5
1953,7,0.43,-2.5
1953,6,0.5,-1.5
1953,5,0.6,-1.5
1953,4,0.5,-1.5
1953,3,0.33,-2.5
1953,2,0.5,-1.0
1953,1,1.0,-0.5
1952,154,0.49,-19.0
1952,153,0.5,-19.0
1952,152,0.5,-18.0
1952,151,0.5,-18.0
1952,150,0.5,-17.0
1952,149,0.5,-17.0
1952,148,0.51,-15.0
1952,147,0.5,-15.0
1952,146,0.51,-14.0
1952,145,0.51,-14.0
1952,144,0.51,-13.0
1952,143,0.51,-13.0
1952,142,0.51,-12.5
1952,141,0.52,-11.5
1952,140,0.51,-11.5
1952,139,0.52,-10.5
1952,138,0.52,-10.0
1952,137,0.53,-9.0
1952,136,0.53,-9.0
1952,135,0.53,-9.0
1952,134,0.52,-9.0
1952,133,0.52,-9.5
1952,132,0.52,-9.5
1952,131,0.53,-8.5
1952,130,0.53,-8.5
1952,129,0.53,-8.5
1952,128,0.54,-6.5
1952,127,0.54,-5.5
1952,126,0.55,-5.5
1952,125,0.54,-4.5
1952,124,0.55,-4.5
1952,123,0.55,-4.0
1952,122,0.56,-3.5
1952,121,0.55,-3.5
1952,120,0.55,-4.0
1952,119,0.55,-4.0
1952,118,0.54,-4.5
1952,117,0.54,-4.5
1952,116,0.54,-4.5
1952,115,0.54,-5.5
1952,114,0.54,-5.5
1952,113,0.54,-6.5
1952,112,0.54,-5.5
1952,111,0.55,-4.5
1952,110,0.55,-3.5
1952,108,0.55,-4.5
1952,109,0.55,-4.5
1952,107,0.54,-5.0
1952,106,0.54,-5.5
1952,105,0.54,-5.0
1952,104,0.55,-4.0
1952,103,0.54,-5.0
1952,102,0.54,-5.0
1952,101,0.54,-5.5
1952,100,0.55,-4.0
1952,99,0.56,-2.5
1952,98,0.55,-3.5
1952,97,0.55,-4.5
1952,96,0.55,-3.5
1952,95,0.55,-4.5
1952,93,0.55,-4.0
1952,94,0.55,-4.0
1952,92,0.55,-4.0
1952,91,0.56,-4.0
1952,90,0.57,-4.0
1952,89,0.57,-4.0
1952,88,0.57,-5.0
1952,87,0.56,-4.5
1952,86,0.56,-5.5
1952,85,0.56,-4.5
1952,84,0.56,-4.5
1952,83,0.55,-5.0
1952,82,0.55,-4.5
1952,81,0.54,-5.5
1952,80,0.55,-5.5
1952,79,0.54,-5.5
1952,78,0.54,-5.5
1952,76,0.53,-5.5
1952,77,0.53,-5.5
1952,75,0.52,-6.5
1952,74,0.53,-6.0
1952,73,0.53,-5.0
1952,72,0.54,-5.0
1952,71,0.54,-4.0
1952,70,0.54,-3.5
1952,69,0.54,-4.5
1952,68,0.54,-3.5
1952,67,0.54,-3.5
1952,66,0.55,-3.5
1952,65,0.55,-2.5
1952,64,0.55,-3.5
1952,63,0.56,-2.5
1952,62,0.55,-2.5
1952,61,0.56,-2.5
1952,60,0.57,-1.5
1952,59,0.56,-2.5
1952,58,0.57,-2.5
1952,57,0.56,-2.5
1952,56,0.57,-1.5
1952,55,0.58,-1.5
1952,54,0.57,-1.5
1952,53,0.58,-0.5
1952,52,0.6,0.0
1952,51,0.59,0.0
1952,50,0.58,-0.5
1952,49,0.59,0.5
1952,47,0.57,0.0
1952,48,0.58,0.0
1952,46,0.57,-2.0
1952,45,0.56,-2.0
1952,44,0.57,-1.0
1952,43,0.58,0.0
1952,42,0.57,-1.0
1952,41,0.59,0.0
1952,40,0.57,-1.0
1952,39,0.56,-1.5
1952,38,0.58,-1.0
1952,37,0.57,-1.0
1952,36,0.58,-2.0
1952,35,0.57,-2.5
1952,34,0.59,-2.5
1952,33,0.58,-3.0
1952,32,0.56,-2.5
1952,31,0.55,-3.5
1952,30,0.57,-2.5
1952,29,0.55,-3.0
1952,28,0.54,-3.5
1952,27,0.56,-2.5
1952,26,0.58,-2.5
1952,25,0.56,-3.0
1952,24,0.58,-3.0
1952,23,0.61,-2.0
1952,22,0.64,-0.5
1952,21,0.67,-0.5
1952,20,0.7,0.0
1952,19,0.74,1.0
1952,18,0.72,1.0
1952,17,0.71,1.0
1952,16,0.75,2.0
1952,15,0.8,3.0
1952,14,0.79,2.0
1952,13,0.77,2.0
1952,12,0.83,2.0
1952,11,0.82,1.0
1952,10,0.8,0.5
1952,9,0.78,-0.5
1952,8,0.75,-1.5
1952,7,0.86,-1.0
1952,6,0.83,-0.5
1952,5,0.8,-0.5
1952,4,0.75,-1.0
1952,3,0.67,-1.0
1952,2,0.5,-1.0
1952,1,1.0,0.0
1951,154,0.56,-11.0
1951,153,0.57,-10.0
1951,152,0.57,-10.0
1951,150,0.58,-8.0
1951,151,0.58,-8.0
1951,149,0.58,-6.0
1951,148,0.59,-5.5
1951,147,0.59,-5.5
1951,146,0.6,-5.0
1951,145,0.6,-4.0
1951,144,0.6,-5.0
1951,143,0.6,-3.5
1951,142,0.61,-2.5
1951,141,0.61,-2.5
1951,140,0.61,-2.5
1951,139,0.6,-3.5
1951,138,0.61,-3.0
1951,137,0.61,-3.5
1951,136,0.6,-4.5
1951,135,0.6,-5.0
1951,134,0.6,-5.5
1951,133,0.6,-5.5
1951,132,0.61,-4.0
1951,131,0.6,-4.0
1951,130,0.61,-4.0
1951,129,0.6,-4.0
1951,128,0.6,-4.5
1951,127,0.6,-4.5
1951,126,0.6,-4.5
1951,125,0.59,-5.0
1951,124,0.59,-6.0
1951,122,0.6,-5.0
1951,123,0.59,-5.0
1951,121,0.6,-5.0
1951,120,0.6,-5.0
1951,119,0.61,-5.0
1951,118,0.6,-5.0
1951,117,0.6,-5.0
1951,116,0.6,-3.5
1951,115,0.6,-4.0
1951,114,0.6,-4.0
1951,113,0.59,-5.5
1951,112,0.6,-5.5
1951,111,0.59,-5.5
1951,109,0.59,-5.0
1951,110,0.59,-5.0
1951,108,0.58,-5.5
1951,107,0.59,-4.5
1951,106,0.58,-4.5
1951,105,0.58,-4.5
1951,104,0.59,-4.5
1951,103,0.59,-3.5
1951,102,0.6,-3.5
1951,101,0.6,-1.5
1951,100,0.61,-0.5
1951,99,0.61,-1.0
1951,98,0.6,-1.0
1951,97,0.6,-2.5
1951,96,0.59,-3.0
1951,95,0.6,-2.0
1951,94,0.61,-0.5
1951,93,0.6,-1.0
1951,92,0.61,0.0
1951,91,0.6,-1.0
1951,90,0.61,0.0
1951,89,0.61,0.0
1951,88,0.6,0.5
1951,87,0.6,0.0
1951,86,0.6,0.0
1951,85,0.61,1.0
1951,84,0.61,0.0
1951,83,0.61,1.0
1951,82,0.62,2.0
1951,81,0.62,2.0
1951,80,0.62,1.0
1951,79,0.62,0.0
1951,78,0.63,1.0
1951,77,0.62,1.0
1951,76,0.62,-1.0
1951,75,0.61,-1.0
1951,74,0.61,-1.0
1951,73,0.6,-2.0
1951,72,0.6,-2.5
1951,71,0.59,-2.5
1951,70,0.59,-4.0
1951,69,0.59,-3.5
1951,68,0.59,-3.5
1951,67,0.6,-3.0
1951,66,0.59,-4.0
1951,65,0.6,-3.0
1951,64,0.59,-4.0
1951,63,0.59,-4.0
1951,62,0.58,-4.0
1951,61,0.59,-4.0
1951,60,0.58,-5.0
1951,59,0.58,-6.0
1951,58,0.59,-5.0
1951,57,0.6,-5.0
1951,56,0.59,-5.5
1951,54,0.59,-5.0
1951,55,0.6,-5.0
1951,53,0.58,-5.0
1951,52,0.58,-6.0
1951,51,0.57,-6.5
1951,50,0.58,-5.5
1951,49,0.57,-5.5
1951,48,0.56,-6.5
1951,47,0.57,-6.5
1951,46,0.59,-6.5
1951,45,0.58,-6.5
1951,44,0.59,-5.5
1951,43,0.6,-4.5
1951,42,0.62,-4.5
1951,41,0.63,-2.5
1951,40,0.65,-2.5
1951,39,0.64,-2.5
1951,38,0.63,-3.5
1951,37,0.65,-3.0
1951,36,0.64,-3.0
1951,35,0.63,-3.0
1951,34,0.62,-4.0
1951,33,0.61,-4.0
1951,32,0.59,-5.0
1951,31,0.58,-5.0
1951,30,0.57,-4.5
1951,29,0.55,-5.0
1951,28,0.54,-5.0
1951,27,0.52,-5.0
1951,26,0.54,-4.0
1951,25,0.52,-4.5
1951,24,0.5,-5.0
1951,23,0.52,-4.0
1951,22,0.55,-3.5
1951,21,0.52,-3.5
1951,20,0.5,-5.0
1951,19,0.53,-4.0
1951,18,0.5,-5.0
1951,17,0.53,-5.0
1951,16,0.5,-4.5
1951,15,0.53,-3.5
1951,14,0.57,-2.5
1951,13,0.54,-2.5
1951,12,0.58,-1.5
1951,11,0.64,-0.5
1951,10,0.6,-2.0
1951,9,0.56,-2.5
1951,8,0.5,-2.5
1951,7,0.43,-3.0
1951,6,0.5,-2.0
1951,5,0.4,-2.0
1951,4,0.25,-2.5
1951,3,0.0,-3.5
1951,2,0.0,-2.0
1951,1,0.0,-1.0
1950,154,0.61,-4.0
1950,153,0.61,-5.0
1950,152,0.61,-4.0
1950,151,0.61,-4.5
1950,150,0.61,-4.5
1950,149,0.61,-4.5
1950,148,0.61,-4.0
1950,147,0.61,-4.0
1950,146,0.61,-4.0
1950,145,0.61,-3.0
1950,144,0.62,-2.0
1950,143,0.62,-2.0
1950,142,0.63,-1.0
1950,141,0.62,-1.5
1950,140,0.62,-2.0
1950,139,0.63,-1.5
1950,138,0.62,-2.0
1950,137,0.63,-1.0
1950,136,0.62,-1.0
1950,135,0.62,-1.5
1950,134,0.62,-1.5
1950,133,0.62,-1.5
1950,132,0.61,-2.5
1950,130,0.62,-3.5
1950,131,0.61,-3.5
1950,129,0.61,-3.5
1950,128,0.61,-3.5
1950,127,0.61,-2.5
1950,126,0.61,-2.5
1950,125,0.61,-2.0
1950,124,0.6,-3.0
1950,123,0.6,-4.0
1950,122,0.6,-4.5
1950,121,0.6,-3.5
1950,120,0.6,-4.5
1950,119,0.6,-4.5
1950,118,0.59,-5.5
1950,117,0.59,-6.0
1950,116,0.59,-6.0
1950,115,0.58,-6.5
1950,114,0.58,-6.5
1950,113,0.58,-6.5
1950,111,0.57,-7.0
1950,112,0.57,-7.0
1950,110,0.56,-8.0
1950,109,0.57,-7.5
1950,108,0.56,-8.0
1950,107,0.57,-7.5
1950,106,0.57,-7.5
1950,105,0.57,-7.0
1950,104,0.58,-6.0
1950,103,0.57,-7.0
1950,102,0.57,-7.0
1950,101,0.56,-7.5
1950,100,0.56,-7.5
1950,99,0.57,-7.0
1950,98,0.56,-7.0
1950,97,0.56,-7.0
1950,96,0.55,-7.0
1950,95,0.56,-6.5
1950,94,0.56,-5.5
1950,93,0.57,-5.5
1950,92,0.58,-4.5
1950,91,0.57,-5.5
1950,90,0.57,-6.5
1950,89,0.56,-6.5
1950,88,0.56,-7.5
1950,87,0.55,-8.5
1950,86,0.55,-9.5
1950,85,0.55,-8.5
1950,84,0.55,-9.5
1950,83,0.54,-9.5
1950,82,0.55,-8.5
1950,81,0.56,-8.5
1950,80,0.55,-8.5
1950,79,0.56,-8.0
1950,78,0.55,-8.0
1950,77,0.55,-8.0
1950,76,0.55,-8.5
1950,75,0.55,-8.5
1950,74,0.55,-7.5
1950,73,0.56,-6.0
1950,72,0.57,-5.5
1950,71,0.56,-6.5
1950,70,0.56,-6.5
1950,69,0.57,-7.0
1950,68,0.56,-8.0
1950,67,0.55,-8.0
1950,66,0.55,-7.5
1950,65,0.54,-7.5
1950,64,0.53,-8.5
1950,63,0.52,-8.5
1950,62,0.52,-8.5
1950,61,0.52,-8.5
1950,60,0.53,-8.5
1950,59,0.53,-9.5
1950,58,0.53,-8.5
1950,57,0.54,-7.5
1950,56,0.55,-6.5
1950,55,0.56,-5.5
1950,54,0.57,-5.5
1950,53,0.57,-6.0
1950,52,0.58,-6.0
1950,51,0.59,-4.0
1950,50,0.6,-4.0
1950,49,0.61,-4.0
1950,48,0.6,-4.0
1950,47,0.6,-4.0
1950,46,0.61,-4.0
1950,45,0.6,-5.0
1950,44,0.59,-5.0
1950,43,0.58,-4.5
1950,42,0.57,-5.0
1950,41,0.59,-5.0
1950,40,0.6,-3.0
1950,39,0.62,-2.5
1950,38,0.61,-2.5
1950,37,0.59,-3.5
1950,36,0.58,-3.5
1950,35,0.57,-4.0
1950,34,0.59,-3.0
1950,33,0.61,-3.0
1950,32,0.59,-2.0
1950,31,0.61,-1.0
1950,30,0.63,0.0
1950,29,0.62,-0.5
1950,28,0.64,0.5
1950,27,0.63,0.0
1950,26,0.65,0.0
1950,25,0.64,-0.5
1950,24,0.62,-0.5
1950,23,0.61,-1.0
1950,22,0.64,-1.0
1950,21,0.67,1.0
1950,20,0.65,0.5
1950,19,0.63,0.5
1950,18,0.61,-1.0
1950,17,0.59,-1.0
1950,16,0.56,-1.0
1950,15,0.6,0.0
1950,14,0.57,-0.5
1950,13,0.54,-1.0
1950,12,0.5,-1.0
1950,11,0.45,-2.5
1950,10,0.4,-3.5
1950,9,0.33,-4.0
1950,8,0.38,-2.5
1950,7,0.43,-2.0
1950,6,0.33,-2.0
1950,5,0.4,-2.5
1950,4,0.5,-1.5
1950,2,0.5,-1.5
1950,3,0.33,-1.5
1950,1,0.0,-1.0
1949,155,0.62,-1.0
1949,154,0.62,0.0
1949,153,0.63,1.0
1949,152,0.62,0.0
1949,151,0.63,1.0
1949,150,0.63,1.0
1949,149,0.62,0.0
1949,148,0.62,-1.0
1949,147,0.62,-2.0
1949,146,0.62,-3.0
1949,145,0.61,-2.5
1949,144,0.61,-2.5
1949,143,0.61,-2.5
1949,142,0.61,-3.0
1949,141,0.6,-2.5
1949,140,0.6,-3.0
1949,139,0.6,-3.0
1949,138,0.61,-1.0
1949,137,0.61,-1.5
1949,136,0.6,-2.5
1949,135,0.61,-1.5
1949,134,0.6,-1.5
1949,133,0.6,-1.5
1949,132,0.6,-2.5
1949,131,0.6,-2.5
1949,130,0.59,-3.0
1949,129,0.6,-2.0
1949,128,0.59,-3.0
1949,127,0.59,-4.0
1949,126,0.6,-4.0
1949,125,0.6,-3.0
1949,124,0.6,-1.5
1949,123,0.6,-1.5
1949,122,0.6,-1.5
1949,121,0.6,-3.0
1949,120,0.6,-2.5
1949,119,0.61,-2.5
1949,118,0.6,-3.5
1949,117,0.6,-3.5
1949,116,0.59,-3.0
1949,115,0.59,-3.0
1949,114,0.6,-2.5
1949,113,0.59,-3.5
1949,112,0.59,-3.5
1949,111,0.59,-4.5
1949,110,0.58,-4.5
1949,109,0.58,-4.5
1949,108,0.57,-5.0
1949,107,0.57,-6.0
1949,106,0.58,-5.0
1949,105,0.57,-6.0
1949,104,0.58,-5.0
1949,103,0.57,-5.0
1949,102,0.57,-4.5
1949,101,0.56,-5.5
1949,100,0.56,-5.5
1949,99,0.56,-6.5
1949,98,0.55,-7.0
1949,97,0.55,-7.5
1949,95,0.56,-7.5
1949,96,0.55,-7.5
1949,94,0.55,-7.0
1949,93,0.55,-7.0
1949,92,0.54,-7.5
1949,90,0.53,-8.5
1949,91,0.54,-8.5
1949,89,0.54,-8.0
1949,88,0.53,-9.0
1949,87,0.53,-8.5
1949,86,0.53,-7.5
1949,85,0.53,-8.5
1949,84,0.54,-8.5
1949,83,0.53,-8.5
1949,82,0.54,-8.5
1949,81,0.53,-9.5
1949,80,0.54,-8.5
1949,79,0.53,-8.5
1949,78,0.53,-8.5
1949,77,0.52,-9.5
1949,76,0.51,-10.5
1949,75,0.51,-10.5
1949,74,0.5,-10.5
1949,73,0.49,-11.0
1949,72,0.49,-12.0
1949,71,0.49,-12.0
1949,70,0.5,-10.0
1949,69,0.51,-10.0
1949,68,0.51,-9.0
1949,67,0.52,-8.0
1949,66,0.53,-7.0
1949,65,0.54,-6.0
1949,64,0.55,-5.0
1949,63,0.54,-5.5
1949,62,0.53,-6.5
1949,61,0.52,-6.5
1949,60,0.52,-6.5
1949,59,0.53,-6.0
1949,58,0.52,-6.5
1949,57,0.51,-6.5
1949,56,0.5,-7.5
1949,55,0.49,-7.5
1949,54,0.48,-7.5
1949,53,0.47,-9.0
1949,52,0.48,-8.5
1949,51,0.49,-7.5
1949,50,0.5,-6.5
1949,49,0.49,-6.5
1949,48,0.48,-8.0
1949,47,0.49,-7.0
1949,46,0.5,-7.0
1949,45,0.51,-7.0
1949,44,0.52,-7.0
1949,43,0.51,-7.5
1949,42,0.52,-7.5
1949,41,0.51,-7.5
1949,40,0.52,-6.5
1949,39,0.54,-5.5
1949,38,0.55,-4.5
1949,37,0.54,-4.5
1949,36,0.53,-4.5
1949,35,0.51,-5.5
1949,34,0.53,-5.5
1949,33,0.52,-5.0
1949,32,0.5,-5.5
1949,31,0.52,-4.5
1949,30,0.5,-4.5
1949,29,0.48,-4.5
1949,28,0.46,-5.0
1949,27,0.44,-5.0
1949,26,0.46,-5.0
1949,25,0.44,-5.0
1949,24,0.42,-5.0
1949,23,0.43,-4.5
1949,22,0.41,-6.0
1949,21,0.43,-6.0
1949,20,0.4,-6.5
1949,19,0.42,-6.5
1949,17,0.41,-6.0
1949,18,0.44,-6.0
1949,16,0.38,-6.5
1949,15,0.4,-6.0
1949,14,0.43,-5.0
1949,13,0.46,-4.0
1949,12,0.5,-3.5
1949,11,0.45,-4.5
1949,10,0.5,-3.5
1949,9,0.56,-2.5
1949,8,0.5,-2.5
1949,7,0.43,-3.0
1949,6,0.33,-3.0
1949,5,0.4,-2.0
1949,4,0.25,-3.0
1949,3,0.33,-2.0
1949,2,0.0,-2.0
1949,1,0.0,-1.0
1948,155,0.62,-1.0
1948,154,0.62,0.0
1948,153,0.62,-1.0
1948,152,0.62,-1.5
1948,151,0.62,-2.0
1948,150,0.61,-2.0
1948,149,0.62,-1.0
1948,148,0.62,0.0
1948,147,0.62,0.0
1948,146,0.62,0.0
1948,145,0.63,1.0
1948,144,0.62,0.5
1948,143,0.62,0.5
1948,142,0.63,0.5
1948,141,0.63,2.0
1948,140,0.63,1.0
1948,139,0.63,1.0
1948,138,0.63,1.5
1948,137,0.64,2.0
1948,136,0.63,2.0
1948,135,0.64,3.0
1948,134,0.63,3.0
1948,133,0.63,2.5
1948,132,0.64,3.5
1948,131,0.63,2.5
1948,129,0.63,1.5
1948,130,0.63,1.5
1948,128,0.62,0.5
1948,127,0.62,0.5
1948,126,0.62,0.5
1948,125,0.62,1.0
1948,124,0.61,1.0
1948,123,0.61,1.5
1948,122,0.61,1.5
1948,121,0.61,1.5
1948,120,0.61,1.0
1948,119,0.61,0.5
1948,118,0.6,-0.5
1948,117,0.61,0.5
1948,116,0.6,-0.5
1948,115,0.6,-2.0
1948,114,0.6,-3.0
1948,113,0.59,-3.0
1948,112,0.59,-3.5
1948,111,0.59,-3.0
1948,110,0.59,-2.5
1948,109,0.59,-2.5
1948,108,0.59,-1.5
1948,107,0.59,-1.5
1948,106,0.58,-2.0
1948,105,0.58,-2.0
1948,103,0.58,-2.5
1948,104,0.58,-2.5
1948,102,0.58,-2.0
1948,101,0.58,-1.5
1948,100,0.59,-1.0
1948,99,0.59,-0.5
1948,98,0.59,0.0
1948,97,0.59,-1.0
1948,96,0.59,-1.0
1948,95,0.6,0.5
1948,94,0.61,1.5
1948,93,0.6,0.5
1948,92,0.6,0.0
1948,91,0.6,1.0
1948,90,0.6,0.0
1948,89,0.6,-0.5
1948,88,0.59,-0.5
1948,87,0.59,-1.5
1948,86,0.58,-2.0
1948,85,0.58,-2.0
1948,84,0.57,-3.5
1948,83,0.57,-3.5
1948,82,0.56,-4.5
1948,81,0.56,-5.5
1948,79,0.54,-5.5
1948,80,0.55,-5.5
1948,78,0.54,-5.5
1948,77,0.55,-5.5
1948,76,0.54,-6.5
1948,75,0.53,-6.5
1948,74,0.53,-6.5
1948,73,0.53,-6.5
1948,72,0.53,-6.5
1948,71,0.52,-7.0
1948,70,0.53,-7.0
1948,69,0.52,-7.0
1948,68,0.53,-6.0
1948,66,0.52,-7.0
1948,67,0.52,-7.0
1948,65,0.51,-8.0
1948,64,0.5,-8.5
1948,63,0.51,-7.5
1948,62,0.52,-6.5
1948,61,0.52,-6.5
1948,60,0.52,-6.5
1948,58,0.52,-5.5
1948,59,0.53,-5.5
1948,57,0.51,-6.0
1948,56,0.52,-6.0
1948,55,0.51,-6.0
1948,54,0.52,-7.0
1948,53,0.51,-7.5
1948,52,0.5,-7.0
1948,51,0.49,-7.5
1948,50,0.48,-8.5
1948,49,0.47,-9.5
1948,48,0.46,-11.0
1948,47,0.47,-9.5
1948,46,0.46,-9.5
1948,45,0.44,-10.5
1948,44,0.45,-9.5
1948,43,0.44,-9.5
1948,42,0.43,-9.5
1948,41,0.41,-9.5
1948,40,0.4,-10.0
1948,39,0.38,-10.5
1948,38,0.39,-10.5
1948,37,0.38,-11.5
1948,36,0.39,-11.5
1948,35,0.37,-11.5
1948,34,0.38,-11.0
1948,33,0.39,-11.0
1948,32,0.41,-9.5
1948,31,0.42,-8.0
1948,30,0.4,-8.5
1948,28,0.43,-7.5
1948,29,0.41,-7.5
1948,27,0.44,-6.5
1948,26,0.46,-5.5
1948,25,0.44,-6.5
1948,24,0.46,-5.5
1948,23,0.48,-5.0
1948,22,0.5,-5.0
1948,21,0.48,-5.5
1948,20,0.45,-5.5
1948,19,0.42,-5.5
1948,18,0.39,-5.5
1948,17,0.41,-5.0
1948,16,0.44,-5.0
1948,15,0.47,-3.0
1948,14,0.5,-2.0
1948,13,0.54,-1.0
1948,12,0.5,-1.5
1948,11,0.45,-2.5
1948,10,0.4,-3.5
1948,9,0.33,-4.5
1948,8,0.38,-4.0
1948,7,0.29,-4.0
1948,6,0.17,-4.0
1948,5,0.2,-3.0
1948,4,0.25,-2.0
1948,3,0.0,-3.0
1948,1,0.0,-2.0
1948,2,0.0,-2.0
1947,157,0.53,-14.0
1947,156,0.53,-13.0
1947,155,0.53,-14.0
1947,154,0.53,-15.0
1947,153,0.52,-15.0
1947,152,0.53,-14.0
1947,150,0.53,-13.0
1947,151,0.53,-13.0
1947,149,0.53,-13.5
1947,148,0.53,-13.5
1947,147,0.52,-13.5
1947,146,0.53,-13.0
1947,145,0.53,-13.0
1947,143,0.52,-13.0
1947,144,0.53,-13.0
1947,142,0.53,-13.0
1947,141,0.53,-12.5
1947,140,0.53,-12.5
1947,139,0.53,-12.5
1947,138,0.53,-12.5
1947,137,0.53,-12.5
1947,136,0.54,-11.5
1947,135,0.53,-12.5
1947,134,0.54,-12.5
1947,133,0.54,-11.0
1947,132,0.54,-12.0
1947,131,0.54,-12.5
1947,130,0.55,-12.5
1947,129,0.55,-10.5
1947,128,0.55,-10.5
1947,127,0.54,-12.5
1947,126,0.54,-12.0
1947,125,0.54,-12.0
1947,124,0.53,-12.0
1947,123,0.53,-12.5
1947,122,0.52,-12.5
1947,121,0.53,-12.0
1947,120,0.52,-12.0
1947,119,0.53,-12.5
1947,118,0.53,-12.5
1947,117,0.54,-12.5
1947,116,0.53,-12.0
1947,115,0.53,-12.0
1947,114,0.54,-13.0
1947,113,0.54,-11.5
1947,112,0.54,-12.5
1947,111,0.53,-13.5
1947,110,0.54,-12.5
1947,109,0.54,-11.0
1947,108,0.54,-11.0
1947,107,0.53,-11.5
1947,106,0.53,-12.5
1947,105,0.53,-11.5
1947,104,0.53,-12.5
1947,103,0.52,-13.5
1947,102,0.52,-14.0
1947,101,0.52,-14.0
1947,100,0.53,-13.5
1947,99,0.54,-12.5
1947,98,0.53,-12.0
1947,97,0.54,-12.0
1947,96,0.54,-11.5
1947,95,0.55,-10.5
1947,94,0.55,-9.5
1947,93,0.55,-9.5
1947,92,0.54,-10.5
1947,91,0.54,-11.5
1947,90,0.53,-11.5
1947,89,0.53,-11.5
1947,88,0.52,-12.5
1947,87,0.52,-12.5
1947,86,0.52,-12.5
1947,85,0.53,-12.5
1947,84,0.52,-12.5
1947,83,0.53,-12.5
1947,82,0.52,-12.5
1947,81,0.52,-12.5
1947,80,0.51,-12.5
1947,79,0.52,-11.0
1947,78,0.51,-11.5
1947,77,0.52,-11.5
1947,76,0.53,-9.5
1947,75,0.52,-9.0
1947,74,0.53,-9.0
1947,73,0.52,-8.5
1947,72,0.53,-8.0
1947,71,0.52,-8.0
1947,70,0.51,-8.0
1947,69,0.51,-8.0
1947,68,0.5,-8.0
1947,67,0.51,-7.0
1947,66,0.52,-6.5
1947,65,0.52,-5.5
1947,63,0.54,-4.5
1947,64,0.53,-4.5
1947,62,0.55,-3.5
1947,61,0.54,-3.5
1947,60,0.55,-2.5
1947,59,0.56,-2.5
1947,58,0.55,-2.5
1947,57,0.56,-2.0
1947,56,0.55,-2.0
1947,55,0.55,-2.0
1947,54,0.56,-1.5
1947,53,0.55,-1.0
1947,52,0.56,-0.5
1947,51,0.55,-1.0
1947,50,0.54,-1.0
1947,49,0.53,-1.0
1947,48,0.52,-2.0
1947,47,0.51,-2.5
1947,46,0.5,-3.0
1947,45,0.49,-4.0
1947,44,0.48,-5.0
1947,43,0.49,-4.5
1947,42,0.48,-5.0
1947,41,0.49,-5.0
1947,40,0.5,-5.0
1947,38,0.5,-4.5
1947,39,0.49,-4.5
1947,37,0.51,-3.5
1947,36,0.53,-3.5
1947,35,0.51,-4.0
1947,34,0.5,-4.0
1947,33,0.52,-3.0
1947,32,0.53,-2.5
1947,31,0.55,-1.5
1947,30,0.57,-1.0
1947,29,0.55,-2.0
1947,28,0.54,-2.0
1947,27,0.56,-2.0
1947,26,0.58,-1.0
1947,25,0.56,-2.0
1947,24,0.58,-1.0
1947,23,0.57,-1.0
1947,22,0.55,-1.0
1947,21,0.52,-1.5
1947,20,0.5,-1.0
1947,19,0.53,-0.5
1947,18,0.5,-1.5
1947,17,0.47,-2.5
1947,16,0.44,-2.5
1947,15,0.4,-2.5
1947,14,0.43,-2.0
1947,13,0.46,-1.0
1947,12,0.42,-2.0
1947,11,0.45,-1.5
1947,10,0.5,-2.0
1947,9,0.56,-1.0
1947,8,0.62,-0.5
1947,7,0.57,-1.5
1947,6,0.67,-0.5
1947,5,0.8,0.5
1947,4,1.0,1.0
1947,3,1.0,0.5
1947,2,1.0,0.5
1947,1,1.0,0.0
1946,156,0.67,12.0
1946,155,0.67,12.0
1946,154,0.68,13.0
1946,153,0.67,12.5
1946,152,0.67,11.5
1946,151,0.67,12.0
1946,150,0.67,12.5
1946,149,0.66,13.0
1946,148,0.67,14.0
1946,146,0.67,15.0
1946,147,0.67,15.0
1946,145,0.67,15.0
1946,144,0.67,14.0
1946,143,0.67,15.0
1946,142,0.68,16.0
1946,141,0.68,16.0
1946,140,0.69,15.5
1946,139,0.69,16.5
1946,138,0.7,16.5
1946,137,0.69,16.5
1946,136,0.69,15.5
1946,135,0.69,15.5
1946,134,0.69,13.5
1946,133,0.68,13.5
1946,132,0.68,13.5
1946,131,0.68,13.5
1946,130,0.68,12.5
1946,129,0.68,13.5
1946,128,0.69,14.0
1946,127,0.69,14.0
1946,126,0.68,14.0
1946,125,0.68,12.5
1946,124,0.69,12.5
1946,123,0.68,12.5
1946,122,0.69,14.0
1946,121,0.69,14.5
1946,120,0.69,14.5
1946,119,0.69,14.0
1946,118,0.69,14.0
1946,117,0.69,14.0
1946,116,0.69,13.0
1946,115,0.69,12.0
1946,114,0.69,13.5
1946,113,0.69,13.5
1946,111,0.69,13.0
1946,112,0.69,13.0
1946,110,0.69,13.0
1946,109,0.7,14.0
1946,108,0.69,13.0
1946,107,0.69,13.0
1946,106,0.69,12.5
1946,105,0.69,12.0
1946,104,0.68,12.0
1946,103,0.68,11.5
1946,102,0.69,11.5
1946,101,0.69,12.5
1946,100,0.7,12.5
1946,98,0.69,11.0
1946,99,0.7,11.0
1946,97,0.7,11.0
1946,96,0.7,11.0
1946,95,0.69,11.0
1946,94,0.7,11.5
1946,93,0.7,11.5
1946,92,0.71,11.5
1946,91,0.7,11.5
1946,90,0.7,10.5
1946,89,0.71,11.5
1946,88,0.7,11.0
1946,87,0.7,11.0
1946,86,0.7,11.0
1946,85,0.69,11.0
1946,84,0.7,11.0
1946,83,0.7,11.0
1946,82,0.7,9.0
1946,81,0.69,8.0
1946,80,0.69,7.5
1946,78,0.68,7.5
1946,79,0.68,7.5
1946,77,0.68,6.5
1946,76,0.68,7.5
1946,74,0.68,6.5
1946,75,0.68,6.5
1946,73,0.68,6.5
1946,72,0.69,7.5
1946,71,0.7,8.5
1946,70,0.71,8.5
1946,69,0.71,8.0
1946,68,0.71,7.0
1946,67,0.7,7.0
1946,66,0.7,7.0
1946,65,0.71,7.5
1946,64,0.7,6.5
1946,63,0.71,7.0
1946,62,0.71,7.0
1946,61,0.7,6.5
1946,60,0.72,7.5
1946,59,0.71,6.5
1946,58,0.72,7.0
1946,57,0.74,7.5
1946,56,0.75,8.0
1946,55,0.76,8.0
1946,54,0.76,9.0
1946,53,0.77,9.0
1946,52,0.79,10.0
1946,51,0.8,10.0
1946,50,0.8,9.0
1946,49,0.8,8.0
1946,48,0.79,8.0
1946,47,0.79,7.0
1946,46,0.78,6.5
1946,45,0.78,6.5
1946,44,0.8,7.0
1946,43,0.79,7.0
1946,42,0.79,7.0
1946,41,0.78,6.5
1946,40,0.78,6.5
1946,39,0.77,6.5
1946,38,0.76,6.0
1946,37,0.78,6.0
1946,36,0.78,6.0
1946,35,0.77,5.0
1946,34,0.79,6.0
1946,33,0.79,6.0
1946,32,0.78,4.5
1946,31,0.81,4.5
1946,30,0.8,5.5
1946,29,0.79,5.0
1946,28,0.82,5.5
1946,27,0.85,5.5
1946,26,0.85,5.5
1946,25,0.84,4.5
1946,24,0.88,5.5
1946,23,0.87,4.5
1946,22,0.86,3.5
1946,21,0.86,3.5
1946,20,0.85,3.0
1946,19,0.84,3.0
1946,18,0.83,2.0
1946,17,0.82,2.0
1946,16,0.81,2.0
1946,15,0.8,2.0
1946,14,0.79,2.0
1946,13,0.77,1.0
1946,12,0.75,1.0
1946,11,0.73,0.0
1946,10,0.7,0.0
1946,9,0.67,-1.0
1946,8,0.75,0.0
1946,7,0.86,0.5
1946,5,1.0,0.5
1946,6,0.83,0.5
1946,4,1.0,1.0
1946,3,1.0,0.5
1946,2,1.0,0.0
1946,1,1.0,0.0
1945,157,0.45,-17.5
1945,156,0.46,-16.5
1945,155,0.46,-16.0
1945,154,0.46,-16.0
1945,153,0.46,-16.5
1945,152,0.46,-15.5
1945,151,0.46,-16.5
1945,150,0.45,-16.5
1945,149,0.45,-18.5
1945,148,0.45,-18.5
1945,147,0.45,-18.5
1945,146,0.45,-18.5
1945,145,0.46,-16.5
1945,144,0.46,-15.5
1945,143,0.46,-15.5
1945,142,0.46,-15.0
1945,141,0.47,-14.0
1945,140,0.47,-14.0
1945,139,0.47,-14.0
1945,138,0.47,-14.0
1945,137,0.47,-13.0
1945,136,0.47,-13.0
1945,135,0.47,-13.0
1945,134,0.46,-13.5
1945,133,0.47,-13.5
1945,132,0.46,-13.0
1945,131,0.46,-13.0
1945,130,0.46,-12.0
1945,129,0.47,-12.0
1945,128,0.47,-11.5
1945,127,0.46,-11.5
1945,126,0.46,-11.5
1945,125,0.46,-12.0
1945,124,0.47,-11.5
1945,123,0.46,-12.5
1945,122,0.47,-11.5
1945,121,0.46,-11.5
1945,120,0.46,-13.5
1945,119,0.45,-13.5
1945,118,0.46,-13.0
1945,117,0.45,-13.0
1945,116,0.46,-13.0
1945,115,0.46,-11.5
1945,114,0.46,-11.5
1945,113,0.46,-11.5
1945,112,0.46,-11.5
1945,111,0.46,-12.5
1945,110,0.46,-11.5
1945,109,0.47,-11.5
1945,108,0.47,-11.0
1945,107,0.48,-10.5
1945,106,0.48,-9.0
1945,105,0.49,-9.0
1945,104,0.48,-8.0
1945,103,0.49,-7.0
1945,102,0.48,-8.0
1945,101,0.49,-7.0
1945,100,0.48,-7.0
1945,99,0.48,-7.0
1945,98,0.49,-7.0
1945,97,0.49,-7.0
1945,96,0.49,-7.0
1945,94,0.5,-7.5
1945,95,0.49,-7.5
1945,93,0.51,-7.0
1945,92,0.51,-6.0
1945,91,0.51,-6.0
1945,90,0.51,-5.0
1945,89,0.51,-5.0
1945,88,0.5,-5.0
1945,87,0.51,-4.0
1945,86,0.5,-5.0
1945,85,0.51,-5.0
1945,84,0.5,-5.0
1945,83,0.51,-4.5
1945,82,0.51,-5.0
1945,81,0.52,-4.5
1945,80,0.51,-4.0
1945,79,0.52,-3.5
1945,78,0.53,-2.5
1945,77,0.52,-3.5
1945,76,0.51,-4.5
1945,75,0.51,-5.5
1945,74,0.5,-6.5
1945,73,0.51,-6.5
1945,72,0.5,-6.5
1945,70,0.5,-6.5
1945,71,0.49,-6.5
1945,69,0.51,-6.0
1945,68,0.51,-5.0
1945,67,0.52,-5.0
1945,66,0.52,-5.0
1945,65,0.51,-6.0
1945,64,0.52,-6.0
1945,63,0.52,-5.0
1945,62,0.52,-5.0
1945,61,0.52,-4.0
1945,60,0.53,-3.5
1945,59,0.53,-4.0
1945,58,0.52,-5.0
1945,57,0.53,-5.0
1945,56,0.52,-4.0
1945,55,0.53,-3.0
1945,54,0.52,-4.0
1945,53,0.53,-2.5
1945,51,0.51,-3.0
1945,52,0.52,-3.0
1945,50,0.5,-5.0
1945,49,0.51,-3.5
1945,48,0.52,-3.5
1945,47,0.51,-4.0
1945,46,0.5,-4.5
1945,45,0.51,-4.0
1945,44,0.52,-3.0
1945,43,0.53,-2.0
1945,42,0.52,-3.0
1945,41,0.51,-3.5
1945,40,0.5,-3.5
1945,38,0.5,-5.0
1945,39,0.49,-5.0
1945,37,0.49,-5.0
1945,36,0.47,-6.0
1945,35,0.46,-6.0
1945,34,0.44,-7.0
1945,33,0.42,-7.0
1945,32,0.44,-7.0
1945,31,0.42,-7.0
1945,30,0.43,-6.5
1945,29,0.41,-6.5
1945,28,0.39,-6.5
1945,27,0.41,-5.5
1945,26,0.42,-5.0
1945,25,0.4,-6.0
1945,23,0.39,-7.0
1945,24,0.38,-7.0
1945,22,0.41,-5.0
1945,21,0.43,-4.0
1945,20,0.4,-5.0
1945,19,0.42,-5.0
1945,18,0.39,-4.5
1945,17,0.35,-5.5
1945,16,0.38,-5.0
1945,15,0.4,-5.0
1945,14,0.36,-4.5
1945,13,0.38,-3.5
1945,12,0.33,-4.0
1945,11,0.27,-4.0
1945,10,0.2,-4.0
1945,9,0.11,-6.0
1945,8,0.0,-6.5
1945,7,0.0,-6.0
1945,6,0.0,-5.5
1945,5,0.0,-4.0
1945,4,0.0,-4.0
1945,3,0.0,-3.0
1945,2,0.0,-2.0
1945,1,0.0,-1.0
1944,156,0.49,-12.0
1944,155,0.5,-12.0
1944,154,0.49,-11.5
1944,153,0.49,-11.5
1944,152,0.49,-11.0
1944,151,0.49,-11.0
1944,150,0.49,-10.0
1944,149,0.5,-10.0
1944,148,0.5,-9.0
1944,147,0.5,-8.0
1944,146,0.51,-8.0
1944,145,0.51,-6.0
1944,144,0.51,-6.0
1944,143,0.52,-5.0
1944,142,0.52,-4.0
1944,141,0.52,-3.0
1944,140,0.52,-3.5
1944,139,0.53,-3.0
1944,138,0.53,-3.0
1944,137,0.53,-3.0
1944,136,0.52,-4.0
1944,134,0.53,-3.0
1944,135,0.53,-3.0
1944,133,0.53,-2.5
1944,132,0.53,-1.5
1944,131,0.53,-2.5
1944,130,0.52,-4.0
1944,129,0.53,-4.0
1944,128,0.53,-4.0
1944,127,0.53,-3.5
1944,126,0.52,-4.0
1944,125,0.52,-4.0
1944,124,0.52,-5.0
1944,123,0.52,-5.0
1944,122,0.52,-5.0
1944,121,0.53,-4.5
1944,120,0.53,-4.5
1944,118,0.53,-3.5
1944,119,0.54,-3.5
1944,117,0.53,-5.5
1944,116,0.53,-6.5
1944,115,0.52,-6.5
1944,114,0.53,-7.0
1944,113,0.53,-6.5
1944,112,0.54,-6.5
1944,111,0.54,-5.5
1944,110,0.54,-6.5
1944,109,0.54,-6.5
1944,108,0.54,-6.5
1944,107,0.53,-6.5
1944,106,0.54,-6.5
1944,105,0.53,-6.5
1944,104,0.53,-6.5
1944,103,0.52,-6.5
1944,102,0.53,-5.5
1944,101,0.52,-5.5
1944,100,0.52,-5.5
1944,99,0.53,-5.5
1944,98,0.53,-4.5
1944,97,0.53,-4.5
1944,96,0.53,-4.5
1944,95,0.53,-3.5
1944,94,0.52,-3.5
1944,93,0.52,-4.5
1944,92,0.52,-4.0
1944,91,0.52,-4.0
1944,90,0.52,-3.0
1944,89,0.53,-3.0
1944,88,0.52,-3.0
1944,87,0.52,-4.0
1944,86,0.52,-4.0
1944,85,0.52,-4.0
1944,84,0.52,-4.0
1944,83,0.52,-4.0
1944,82,0.52,-2.5
1944,81,0.53,-2.5
1944,80,0.54,-2.5
1944,79,0.53,-2.5
1944,78,0.54,-2.5
1944,77,0.53,-2.5
1944,76,0.54,-2.5
1944,75,0.53,-2.5
1944,74,0.54,-2.5
1944,73,0.53,-2.5
1944,72,0.54,-1.5
1944,71,0.54,-1.5
1944,70,0.54,-1.5
1944,69,0.54,-1.5
1944,68,0.53,-3.5
1944,67,0.54,-2.5
1944,66,0.53,-2.5
1944,65,0.52,-3.5
1944,64,0.52,-4.5
1944,63,0.51,-4.5
1944,62,0.52,-3.0
1944,61,0.52,-2.0
1944,60,0.53,-2.0
1944,59,0.53,-2.5
1944,58,0.53,-1.5
1944,57,0.54,-1.5
1944,55,0.56,-0.5
1944,56,0.55,-0.5
1944,54,0.56,-1.5
1944,53,0.55,-1.5
1944,52,0.56,-0.5
1944,51,0.55,-1.0
1944,50,0.54,-1.0
1944,49,0.53,-1.5
1944,48,0.52,-1.5
1944,47,0.51,-1.5
1944,46,0.5,-3.0
1944,45,0.49,-4.0
1944,44,0.48,-4.5
1944,43,0.47,-4.5
1944,42,0.48,-4.5
1944,41,0.46,-4.5
1944,40,0.48,-3.5
1944,39,0.46,-4.5
1944,38,0.47,-4.0
1944,37,0.49,-4.0
1944,36,0.5,-4.0
1944,34,0.47,-5.0
1944,35,0.49,-5.0
1944,33,0.45,-5.0
1944,32,0.47,-5.0
1944,31,0.45,-5.0
1944,30,0.47,-4.5
1944,29,0.48,-4.0
1944,28,0.46,-4.0
1944,27,0.44,-4.0
1944,26,0.42,-4.5
1944,25,0.4,-5.0
1944,24,0.38,-6.0
1944,23,0.39,-6.0
1944,22,0.36,-6.5
1944,20,0.4,-6.0
1944,21,0.38,-6.0
1944,19,0.42,-4.5
1944,18,0.39,-5.5
1944,17,0.35,-5.5
1944,16,0.38,-5.5
1944,15,0.4,-5.5
1944,14,0.43,-5.5
1944,13,0.46,-4.5
1944,12,0.42,-4.5
1944,11,0.45,-4.5
1944,10,0.5,-4.0
1944,9,0.56,-4.0
1944,8,0.5,-4.0
1944,7,0.43,-5.0
1944,6,0.5,-3.5
1944,5,0.6,-2.5
1944,4,0.5,-2.0
1944,3,0.67,-0.5
1944,2,0.5,-0.5
1944,1,0.0,-1.0
1943,155,0.44,-29.0
1943,154,0.44,-29.0
1943,153,0.44,-27.0
1943,152,0.45,-27.0
1943,151,0.45,-26.5
1943,150,0.45,-27.5
1943,149,0.45,-26.5
1943,148,0.45,-26.5
1943,147,0.44,-26.5
1943,146,0.45,-25.5
1943,145,0.44,-26.5
1943,144,0.44,-26.5
1943,143,0.44,-25.5
1943,142,0.44,-25.5
1943,141,0.44,-26.5
1943,140,0.44,-26.0
1943,139,0.45,-25.0
1943,138,0.45,-24.0
1943,137,0.45,-24.0
1943,136,0.46,-22.0
1943,135,0.46,-21.0
1943,134,0.46,-20.0
1943,133,0.47,-19.0
1943,132,0.46,-19.0
1943,131,0.46,-20.0
1943,130,0.46,-20.5
1943,129,0.46,-20.5
1943,128,0.46,-19.5
1943,127,0.46,-18.5
1943,126,0.47,-18.5
1943,125,0.47,-16.5
1943,124,0.47,-17.5
1943,123,0.46,-18.0
1943,122,0.47,-18.0
1943,121,0.47,-16.0
1943,120,0.47,-16.0
1943,119,0.47,-16.0
1943,118,0.47,-16.0
1943,117,0.47,-16.0
1943,116,0.47,-16.0
1943,115,0.47,-16.0
1943,113,0.48,-15.0
1943,114,0.47,-15.0
1943,112,0.47,-14.5
1943,111,0.48,-15.0
1943,110,0.48,-14.0
1943,109,0.48,-14.0
1943,108,0.47,-14.0
1943,107,0.47,-15.0
1943,106,0.47,-14.0
1943,105,0.48,-13.0
1943,104,0.48,-13.0
1943,103,0.48,-12.5
1943,102,0.47,-13.5
1943,100,0.47,-13.5
1943,101,0.48,-13.5
1943,99,0.47,-12.5
1943,98,0.47,-12.5
1943,97,0.47,-12.5
1943,96,0.48,-12.0
1943,95,0.47,-12.0
1943,94,0.48,-11.0
1943,93,0.47,-12.0
1943,92,0.48,-12.0
1943,91,0.47,-11.0
1943,90,0.47,-11.0
1943,89,0.46,-12.0
1943,88,0.47,-11.0
1943,87,0.46,-11.0
1943,86,0.45,-12.0
1943,85,0.45,-12.5
1943,84,0.45,-12.5
1943,82,0.45,-11.5
1943,83,0.45,-11.5
1943,80,0.45,-12.0
1943,81,0.44,-12.0
1943,79,0.46,-10.0
1943,78,0.46,-9.0
1943,77,0.45,-9.0
1943,75,0.47,-8.5
1943,76,0.46,-8.5
1943,74,0.47,-6.5
1943,73,0.47,-6.0
1943,72,0.47,-5.5
1943,71,0.48,-5.5
1943,70,0.49,-4.0
1943,69,0.48,-4.0
1943,68,0.49,-3.0
1943,67,0.48,-4.5
1943,66,0.48,-4.5
1943,65,0.49,-4.5
1943,64,0.5,-4.0
1943,63,0.49,-4.0
1943,62,0.5,-4.0
1943,61,0.49,-5.0
1943,60,0.5,-5.0
1943,59,0.51,-4.5
1943,58,0.5,-5.0
1943,57,0.49,-6.0
1943,56,0.48,-6.0
1943,55,0.47,-7.0
1943,54,0.48,-6.0
1943,53,0.47,-7.0
1943,52,0.48,-7.0
1943,51,0.47,-6.5
1943,50,0.46,-7.5
1943,49,0.47,-7.5
1943,47,0.47,-5.5
1943,48,0.48,-5.5
1943,46,0.48,-6.5
1943,45,0.49,-5.0
1943,44,0.48,-5.0
1943,43,0.47,-5.5
1943,42,0.45,-5.5
1943,41,0.44,-5.5
1943,40,0.45,-5.5
1943,39,0.46,-4.5
1943,38,0.47,-3.5
1943,37,0.46,-3.5
1943,36,0.47,-4.0
1943,35,0.46,-4.0
1943,34,0.44,-5.0
1943,33,0.42,-5.0
1943,32,0.41,-5.5
1943,31,0.42,-4.5
1943,30,0.43,-4.0
1943,29,0.41,-4.0
1943,27,0.37,-5.5
1943,28,0.39,-5.5
1943,26,0.38,-5.5
1943,25,0.4,-5.5
1943,24,0.42,-5.0
1943,23,0.39,-5.0
1943,22,0.36,-6.0
1943,21,0.33,-6.0
1943,20,0.35,-6.5
1943,19,0.32,-7.0
1943,17,0.35,-7.0
1943,18,0.33,-7.0
1943,16,0.38,-6.0
1943,15,0.33,-7.0
1943,14,0.29,-7.0
1943,13,0.31,-7.0
1943,12,0.33,-5.0
1943,11,0.36,-4.0
1943,9,0.44,-3.0
1943,10,0.4,-3.0
1943,8,0.38,-3.0
1943,7,0.29,-3.5
1943,6,0.33,-2.5
1943,5,0.4,-1.5
1943,4,0.25,-2.5
1943,3,0.33,-1.5
1943,2,0.5,-0.5
1943,1,1.0,0.0
1942,152,0.61,-9.0
1942,151,0.61,-9.0
1942,149,0.6,-10.0
1942,150,0.61,-10.0
1942,148,0.61,-10.0
1942,147,0.61,-11.0
1942,146,0.6,-11.0
1942,145,0.61,-10.0
1942,144,0.61,-9.0
1942,143,0.61,-9.0
1942,142,0.61,-9.0
1942,141,0.6,-9.0
1942,140,0.6,-10.0
1942,139,0.6,-9.5
1942,138,0.61,-9.0
1942,137,0.61,-8.5
1942,136,0.6,-8.0
1942,135,0.61,-7.5
1942,134,0.6,-8.0
1942,133,0.6,-8.0
1942,132,0.6,-8.0
1942,130,0.59,-8.0
1942,131,0.6,-8.0
1942,129,0.6,-7.0
1942,128,0.59,-8.0
1942,127,0.59,-8.0
1942,126,0.6,-7.5
1942,125,0.59,-8.5
1942,124,0.59,-8.5
1942,122,0.58,-9.0
1942,123,0.59,-9.0
1942,121,0.58,-10.0
1942,120,0.57,-10.0
1942,119,0.57,-10.5
1942,118,0.57,-10.5
1942,117,0.56,-11.5
1942,116,0.57,-11.5
1942,115,0.57,-11.5
1942,113,0.56,-12.0
1942,114,0.56,-12.0
1942,112,0.55,-12.5
1942,111,0.55,-12.5
1942,110,0.55,-13.0
1942,109,0.55,-12.0
1942,108,0.55,-13.0
1942,107,0.55,-13.0
1942,106,0.56,-11.5
1942,105,0.55,-12.5
1942,104,0.55,-13.0
1942,103,0.55,-13.0
1942,102,0.56,-13.0
1942,101,0.56,-11.0
1942,100,0.56,-12.0
1942,99,0.56,-12.5
1942,98,0.56,-12.0
1942,97,0.57,-12.5
1942,96,0.56,-12.5
1942,94,0.56,-13.0
1942,95,0.56,-13.0
1942,93,0.57,-11.5
1942,92,0.57,-11.5
1942,91,0.57,-11.5
1942,90,0.57,-11.0
1942,89,0.56,-12.0
1942,88,0.57,-11.0
1942,87,0.57,-10.0
1942,86,0.58,-10.0
1942,85,0.59,-7.5
1942,84,0.58,-7.5
1942,83,0.59,-6.5
1942,82,0.6,-6.5
1942,81,0.59,-6.0
1942,80,0.6,-4.5
1942,79,0.61,-4.5
1942,78,0.62,-4.0
1942,77,0.61,-4.0
1942,76,0.61,-4.0
1942,75,0.6,-4.0
1942,74,0.61,-4.0
1942,73,0.6,-4.0
1942,72,0.61,-4.0
1942,71,0.62,-3.0
1942,70,0.61,-3.0
1942,68,0.6,-4.5
1942,69,0.61,-4.5
1942,67,0.6,-5.5
1942,66,0.61,-5.5
1942,65,0.6,-6.5
1942,64,0.59,-6.5
1942,63,0.59,-7.5
1942,62,0.6,-7.0
1942,61,0.59,-7.0
1942,60,0.58,-7.0
1942,59,0.58,-7.0
1942,58,0.59,-7.5
1942,57,0.58,-9.0
1942,56,0.59,-9.0
1942,54,0.57,-9.5
1942,55,0.58,-9.5
1942,53,0.57,-9.5
1942,52,0.56,-9.5
1942,51,0.55,-10.0
1942,50,0.54,-11.0
1942,49,0.53,-10.5
1942,48,0.52,-10.5
1942,47,0.51,-11.5
1942,46,0.52,-10.5
1942,45,0.51,-10.5
1942,44,0.52,-9.0
1942,42,0.52,-8.5
1942,43,0.53,-8.5
1942,41,0.51,-9.5
1942,40,0.52,-9.5
1942,39,0.51,-8.5
1942,38,0.5,-8.5
1942,37,0.51,-7.5
1942,36,0.5,-7.5
1942,35,0.51,-6.5
1942,34,0.53,-5.5
1942,33,0.52,-5.5
1942,32,0.53,-6.0
1942,31,0.55,-5.0
1942,30,0.53,-5.0
1942,29,0.55,-4.0
1942,28,0.54,-4.5
1942,27,0.56,-4.0
1942,26,0.54,-3.5
1942,25,0.56,-3.0
1942,24,0.58,-3.0
1942,23,0.61,-3.0
1942,22,0.64,-1.0
1942,21,0.67,-0.5
1942,20,0.65,-1.0
1942,19,0.63,-2.0
1942,18,0.61,-3.0
1942,17,0.59,-4.0
1942,16,0.56,-4.0
1942,15,0.6,-3.0
1942,14,0.57,-3.0
1942,13,0.62,-2.0
1942,12,0.58,-2.0
1942,11,0.64,-1.0
1942,10,0.6,-2.0
1942,9,0.67,-1.0
1942,8,0.75,0.0
1942,7,0.71,0.5
1942,6,0.83,0.5
1942,5,0.8,0.0
1942,4,0.75,-1.0
1942,3,1.0,0.0
1942,2,1.0,0.0
1942,1,1.0,0.0
1941,155,0.54,-17.0
1941,154,0.55,-17.0
1941,153,0.54,-17.5
1941,151,0.54,-17.5
1941,152,0.54,-17.5
1941,150,0.53,-18.0
1941,149,0.54,-18.0
1941,148,0.53,-19.0
1941,147,0.54,-18.0
1941,146,0.54,-17.5
1941,145,0.54,-17.5
1941,143,0.53,-17.5
1941,144,0.53,-17.5
1941,142,0.53,-18.5
1941,141,0.52,-19.5
1941,140,0.52,-20.0
1941,139,0.52,-20.5
1941,138,0.51,-20.5
1941,137,0.52,-19.5
1941,136,0.51,-20.5
1941,135,0.52,-19.5
1941,133,0.52,-18.5
1941,134,0.52,-18.5
1941,132,0.52,-19.5
1941,131,0.52,-19.5
1941,130,0.52,-19.0
1941,129,0.51,-19.0
1941,128,0.52,-18.0
1941,127,0.52,-17.0
1941,126,0.52,-17.5
1941,125,0.51,-18.5
1941,124,0.52,-18.5
1941,123,0.52,-16.5
1941,122,0.52,-15.5
1941,121,0.52,-16.5
1941,120,0.52,-17.5
1941,119,0.52,-17.5
1941,118,0.53,-17.0
1941,117,0.52,-17.0
1941,116,0.53,-17.0
1941,115,0.53,-15.5
1941,114,0.53,-16.5
1941,112,0.53,-17.0
1941,113,0.52,-17.0
1941,111,0.52,-16.0
1941,110,0.52,-16.5
1941,109,0.52,-15.5
1941,108,0.52,-16.5
1941,107,0.52,-16.5
1941,106,0.52,-15.5
1941,105,0.52,-14.5
1941,104,0.52,-15.5
1941,103,0.51,-16.5
1941,102,0.52,-16.5
1941,101,0.51,-16.5
1941,100,0.51,-17.5
1941,99,0.51,-17.5
1941,98,0.51,-18.0
1941,97,0.52,-16.5
1941,96,0.51,-16.5
1941,95,0.52,-15.5
1941,94,0.52,-15.5
1941,93,0.53,-15.0
1941,92,0.52,-15.0
1941,91,0.52,-15.0
1941,90,0.51,-15.0
1941,89,0.52,-14.0
1941,88,0.51,-14.0
1941,87,0.52,-14.0
1941,86,0.52,-12.5
1941,85,0.53,-12.5
1941,84,0.54,-10.5
1941,83,0.54,-10.5
1941,82,0.54,-10.5
1941,81,0.53,-10.5
1941,80,0.52,-10.5
1941,78,0.54,-10.5
1941,79,0.53,-10.5
1941,76,0.54,-8.5
1941,77,0.55,-8.5
1941,75,0.53,-9.0
1941,73,0.53,-7.5
1941,74,0.54,-7.5
1941,72,0.53,-7.5
1941,71,0.52,-7.5
1941,70,0.51,-8.0
1941,68,0.53,-7.0
1941,69,0.52,-7.0
1941,67,0.54,-5.0
1941,66,0.55,-5.0
1941,65,0.54,-4.0
1941,64,0.55,-4.0
1941,63,0.56,-3.0
1941,62,0.56,-2.0
1941,61,0.56,-3.0
1941,60,0.55,-4.0
1941,59,0.56,-4.0
1941,58,0.55,-3.5
1941,57,0.56,-3.5
1941,56,0.55,-4.5
1941,55,0.55,-4.5
1941,54,0.56,-3.5
1941,53,0.57,-3.5
1941,51,0.55,-3.5
1941,52,0.56,-3.5
1941,50,0.54,-5.0
1941,49,0.55,-5.0
1941,48,0.54,-5.0
1941,47,0.55,-4.0
1941,46,0.54,-4.0
1941,45,0.53,-4.0
1941,44,0.55,-3.0
1941,43,0.53,-3.0
1941,42,0.52,-4.0
1941,41,0.51,-4.0
1941,40,0.5,-4.0
1941,39,0.49,-6.0
1941,38,0.47,-6.0
1941,37,0.49,-7.0
1941,36,0.47,-7.0
1941,34,0.5,-7.0
1941,35,0.49,-7.0
1941,33,0.48,-8.0
1941,32,0.47,-8.0
1941,31,0.48,-7.0
1941,30,0.5,-6.5
1941,29,0.52,-5.5
1941,28,0.5,-5.5
1941,27,0.48,-6.5
1941,26,0.5,-6.5
1941,25,0.52,-6.5
1941,24,0.54,-5.5
1941,23,0.57,-4.5
1941,22,0.59,-3.5
1941,21,0.57,-3.5
1941,20,0.6,-2.5
1941,19,0.58,-3.0
1941,18,0.56,-4.0
1941,17,0.53,-5.0
1941,16,0.5,-5.0
1941,15,0.53,-4.0
1941,14,0.57,-3.0
1941,13,0.54,-3.0
1941,12,0.58,-2.0
1941,11,0.64,-1.0
1941,10,0.6,-1.0
1941,9,0.56,-1.0
1941,8,0.62,0.0
1941,7,0.71,1.0
1941,6,0.83,1.0
1941,5,1.0,1.5
1941,4,1.0,1.5
1941,3,1.0,1.5
1941,2,1.0,0.0
1941,1,1.0,0.0
1940,153,0.53,-8.0
1940,154,0.53,-8.0
1940,152,0.53,-9.5
1940,151,0.52,-9.5
1940,150,0.52,-11.0
1940,149,0.52,-11.0
1940,148,0.52,-9.5
1940,147,0.52,-9.5
1940,146,0.51,-10.5
1940,145,0.52,-10.5
1940,144,0.52,-9.0
1940,143,0.52,-8.0
1940,142,0.53,-7.0
1940,141,0.52,-7.5
1940,140,0.53,-7.5
1940,139,0.53,-6.0
1940,138,0.53,-7.0
1940,137,0.53,-6.0
1940,136,0.54,-5.0
1940,135,0.54,-4.0
1940,134,0.54,-5.0
1940,133,0.54,-4.0
1940,132,0.55,-4.5
1940,131,0.54,-5.5
1940,130,0.54,-5.5
1940,129,0.53,-7.0
1940,128,0.54,-7.0
1940,127,0.54,-6.5
1940,126,0.54,-6.5
1940,125,0.54,-6.5
1940,124,0.53,-7.0
1940,123,0.54,-6.5
1940,122,0.53,-6.5
1940,121,0.53,-6.5
1940,120,0.53,-7.0
1940,119,0.53,-7.0
1940,118,0.53,-8.0
1940,117,0.54,-8.0
1940,116,0.54,-7.0
1940,115,0.55,-6.0
1940,114,0.54,-7.0
1940,113,0.54,-7.5
1940,112,0.54,-8.5
1940,111,0.53,-8.5
1940,110,0.53,-8.5
1940,109,0.53,-7.5
1940,108,0.54,-7.5
1940,107,0.54,-5.5
1940,106,0.55,-6.0
1940,105,0.54,-6.0
1940,104,0.55,-6.0
1940,103,0.54,-6.5
1940,102,0.55,-6.5
1940,101,0.54,-6.0
1940,100,0.54,-6.0
1940,99,0.54,-6.5
1940,98,0.53,-7.5
1940,97,0.54,-7.5
1940,96,0.54,-5.5
1940,95,0.54,-6.5
1940,94,0.53,-6.5
1940,93,0.54,-5.5
1940,92,0.54,-6.0
1940,91,0.54,-6.0
1940,90,0.53,-7.5
1940,89,0.54,-6.0
1940,88,0.53,-7.0
1940,87,0.54,-6.0
1940,86,0.55,-5.0
1940,85,0.55,-5.0
1940,84,0.56,-5.0
1940,83,0.57,-3.0
1940,82,0.57,-2.0
1940,81,0.58,-1.0
1940,79,0.58,-0.5
1940,80,0.59,-0.5
1940,78,0.58,-2.5
1940,76,0.57,-3.5
1940,77,0.57,-3.5
1940,74,0.57,-5.0
1940,75,0.56,-5.0
1940,73,0.58,-3.0
1940,71,0.58,-3.5
1940,72,0.57,-3.5
1940,70,0.57,-3.5
1940,69,0.57,-3.5
1940,68,0.56,-4.0
1940,67,0.57,-4.0
1940,66,0.58,-3.0
1940,65,0.57,-3.0
1940,64,0.56,-3.0
1940,63,0.57,-3.5
1940,61,0.57,-3.5
1940,62,0.58,-3.5
1940,60,0.57,-4.5
1940,59,0.58,-3.5
1940,58,0.59,-3.0
1940,57,0.58,-4.0
1940,56,0.59,-4.0
1940,55,0.58,-3.0
1940,54,0.57,-3.0
1940,53,0.58,-3.0
1940,52,0.6,-2.0
1940,51,0.61,-1.0
1940,50,0.62,-1.0
1940,49,0.63,0.5
1940,48,0.65,1.5
1940,47,0.66,2.5
1940,46,0.65,2.5
1940,45,0.64,2.0
1940,44,0.64,1.5
1940,43,0.63,2.0
1940,42,0.62,1.0
1940,41,0.61,-0.5
1940,40,0.62,0.5
1940,39,0.64,0.5
1940,38,0.63,0.5
1940,37,0.65,0.5
1940,36,0.67,1.0
1940,35,0.69,2.0
1940,34,0.68,2.0
1940,33,0.7,2.0
1940,32,0.69,1.0
1940,31,0.68,1.0
1940,30,0.7,2.0
1940,29,0.69,2.0
1940,28,0.68,0.5
1940,27,0.7,1.5
1940,26,0.73,2.5
1940,25,0.72,1.5
1940,24,0.75,3.0
1940,23,0.74,2.5
1940,22,0.73,1.5
1940,21,0.76,1.5
1940,20,0.75,1.5
1940,19,0.74,1.5
1940,18,0.72,1.5
1940,17,0.71,1.0
1940,16,0.69,0.5
1940,15,0.67,-0.5
1940,14,0.71,0.5
1940,13,0.69,0.5
1940,12,0.67,0.0
1940,11,0.64,-1.0
1940,10,0.7,0.0
1940,9,0.67,-1.0
1940,8,0.62,-1.0
1940,7,0.71,0.0
1940,6,0.67,-0.5
1940,5,0.8,0.5
1940,4,0.75,0.0
1940,3,1.0,0.0
1940,2,1.0,0.5
1940,1,1.0,0.0
1939,152,0.59,-17.0
1939,151,0.58,-17.0
1939,150,0.59,-17.0
1939,149,0.59,-17.0
1939,148,0.59,-17.0
1939,147,0.59,-17.0
1939,146,0.58,-17.0
1939,145,0.58,-17.5
1939,144,0.58,-17.5
1939,143,0.58,-16.5
1939,142,0.58,-16.0
1939,141,0.57,-16.0
1939,140,0.58,-17.0
1939,139,0.58,-16.0
1939,138,0.59,-15.0
1939,137,0.59,-15.0
1939,136,0.59,-16.0
1939,135,0.59,-17.0
1939,134,0.58,-17.5
1939,133,0.58,-17.5
1939,132,0.58,-17.5
1939,131,0.58,-16.5
1939,130,0.58,-15.5
1939,129,0.59,-14.5
1939,128,0.59,-13.5
1939,127,0.6,-13.5
1939,126,0.6,-11.5
1939,125,0.61,-11.5
1939,124,0.6,-12.5
1939,123,0.6,-13.5
1939,122,0.61,-12.5
1939,121,0.61,-12.0
1939,120,0.62,-12.0
1939,119,0.61,-13.0
1939,118,0.61,-13.0
1939,117,0.62,-13.0
1939,116,0.62,-11.5
1939,115,0.63,-10.5
1939,114,0.63,-9.0
1939,113,0.64,-8.0
1939,112,0.63,-7.5
1939,111,0.63,-7.5
1939,110,0.63,-7.5
1939,109,0.63,-7.5
1939,108,0.64,-7.5
1939,107,0.64,-7.5
1939,106,0.63,-7.5
1939,105,0.63,-7.0
1939,103,0.64,-6.0
1939,104,0.63,-6.0
1939,102,0.64,-6.0
1939,101,0.63,-5.5
1939,100,0.63,-6.5
1939,99,0.63,-6.5
1939,98,0.62,-7.0
1939,97,0.62,-8.0
1939,96,0.61,-8.0
1939,95,0.62,-9.0
1939,94,0.63,-7.5
1939,93,0.62,-7.5
1939,92,0.62,-7.5
1939,91,0.63,-8.0
1939,90,0.62,-9.0
1939,89,0.62,-9.5
1939,88,0.62,-9.0
1939,87,0.63,-8.0
1939,86,0.64,-7.5
1939,85,0.64,-7.5
1939,84,0.64,-7.0
1939,83,0.64,-7.0
1939,81,0.63,-7.5
1939,82,0.63,-7.5
1939,80,0.62,-8.5
1939,79,0.62,-9.0
1939,78,0.62,-10.0
1939,76,0.63,-9.0
1939,77,0.62,-9.0
1939,74,0.65,-8.0
1939,75,0.64,-8.0
1939,73,0.64,-7.0
1939,71,0.65,-6.0
1939,72,0.65,-6.0
1939,70,0.64,-6.0
1939,69,0.64,-5.5
1939,68,0.63,-6.5
1939,67,0.63,-6.5
1939,66,0.62,-8.5
1939,65,0.62,-8.5
1939,64,0.61,-10.5
1939,63,0.6,-11.5
1939,62,0.6,-11.5
1939,61,0.59,-11.5
1939,60,0.58,-12.5
1939,59,0.59,-12.5
1939,58,0.59,-12.5
1939,57,0.58,-13.0
1939,56,0.59,-11.5
1939,55,0.58,-12.0
1939,54,0.57,-13.0
1939,53,0.58,-12.0
1939,52,0.58,-12.0
1939,51,0.59,-11.0
1939,50,0.58,-10.5
1939,49,0.57,-10.5
1939,48,0.56,-11.5
1939,47,0.57,-10.5
1939,46,0.59,-9.5
1939,45,0.6,-9.5
1939,44,0.61,-9.0
1939,43,0.6,-9.0
1939,42,0.62,-8.0
1939,41,0.61,-8.0
1939,40,0.6,-9.0
1939,39,0.59,-8.5
1939,38,0.61,-8.5
1939,37,0.62,-8.5
1939,36,0.61,-8.5
1939,35,0.63,-7.5
1939,34,0.65,-6.5
1939,32,0.66,-6.5
1939,33,0.64,-6.5
1939,31,0.65,-6.5
1939,30,0.67,-5.5
1939,29,0.66,-5.5
1939,28,0.64,-5.5
1939,27,0.63,-5.5
1939,26,0.62,-5.5
1939,25,0.64,-4.5
1939,24,0.67,-4.5
1939,23,0.7,-3.5
1939,22,0.68,-3.5
1939,21,0.71,-2.5
1939,20,0.7,-2.5
1939,19,0.68,-2.5
1939,18,0.72,-1.5
1939,17,0.71,-1.5
1939,16,0.69,-1.5
1939,15,0.67,-1.5
1939,14,0.71,0.0
1939,13,0.69,-0.5
1939,12,0.75,0.5
1939,11,0.73,0.5
1939,10,0.7,-0.5
1939,9,0.67,-0.5
1939,8,0.62,0.0
1939,7,0.57,-1.0
1939,6,0.5,-2.0
1939,5,0.4,-2.0
1939,4,0.5,-1.0
1939,3,0.67,-0.5
1939,2,0.5,-1.0
1939,1,0.0,-1.5
1938,150,0.59,-9.5
1938,149,0.59,-8.5
1938,148,0.59,-9.5
1938,147,0.59,-9.5
1938,146,0.58,-10.5
1938,145,0.58,-10.5
1938,144,0.58,-9.5
1938,143,0.59,-9.5
1938,142,0.58,-10.5
1938,141,0.58,-11.0
1938,140,0.58,-12.0
1938,139,0.58,-12.0
1938,138,0.57,-15.0
1938,137,0.58,-15.0
1938,136,0.57,-15.0
1938,135,0.57,-15.0
1938,134,0.57,-15.5
1938,133,0.57,-16.0
1938,132,0.58,-15.0
1938,131,0.57,-16.0
1938,130,0.58,-15.0
1938,129,0.58,-14.0
1938,128,0.59,-13.0
1938,127,0.58,-14.0
1938,126,0.59,-13.5
1938,125,0.58,-13.5
1938,124,0.58,-13.5
1938,123,0.58,-13.5
1938,122,0.58,-13.0
1938,121,0.58,-14.0
1938,120,0.58,-13.0
1938,119,0.58,-14.0
1938,118,0.58,-15.0
1938,117,0.58,-14.0
1938,116,0.59,-13.0
1938,115,0.59,-12.0
1938,114,0.59,-12.0
1938,113,0.58,-12.0
1938,112,0.58,-12.0
1938,111,0.59,-12.0
1938,110,0.58,-12.0
1938,109,0.58,-12.0
1938,108,0.58,-11.5
1938,107,0.58,-11.5
1938,105,0.57,-12.5
1938,106,0.58,-12.5
1938,104,0.58,-11.5
1938,103,0.57,-11.5
1938,102,0.57,-11.5
1938,101,0.56,-12.0
1938,100,0.56,-12.0
1938,99,0.56,-13.0
1938,98,0.56,-11.5
1938,97,0.57,-10.0
1938,96,0.57,-9.0
1938,95,0.58,-8.5
1938,94,0.59,-7.5
1938,93,0.59,-6.5
1938,92,0.59,-7.5
1938,91,0.59,-6.5
1938,90,0.59,-6.5
1938,89,0.58,-6.0
1938,88,0.59,-6.0
1938,87,0.59,-5.5
1938,85,0.6,-5.5
1938,86,0.59,-5.5
1938,84,0.61,-3.5
1938,83,0.6,-3.0
1938,82,0.6,-3.0
1938,81,0.59,-4.0
1938,80,0.6,-2.5
1938,79,0.61,-2.5
1938,78,0.6,-2.5
1938,76,0.59,-3.5
1938,77,0.6,-3.5
1938,75,0.59,-4.0
1938,74,0.59,-3.0
1938,73,0.59,-3.0
1938,72,0.58,-3.0
1938,71,0.59,-3.0
1938,70,0.59,-3.5
1938,69,0.58,-3.5
1938,68,0.59,-2.5
1938,66,0.58,-2.5
1938,67,0.58,-2.5
1938,65,0.57,-4.5
1938,64,0.58,-4.0
1938,63,0.57,-4.5
1938,62,0.56,-5.0
1938,61,0.56,-5.0
1938,60,0.55,-5.5
1938,59,0.56,-4.5
1938,58,0.57,-3.5
1938,57,0.58,-3.5
1938,56,0.59,-2.0
1938,55,0.6,-2.0
1938,54,0.59,-1.5
1938,53,0.58,-1.5
1938,52,0.6,-1.0
1938,51,0.59,-2.0
1938,50,0.58,-2.0
1938,49,0.57,-2.0
1938,48,0.56,-2.0
1938,47,0.55,-3.0
1938,46,0.57,-3.0
1938,45,0.56,-3.5
1938,44,0.57,-3.5
1938,43,0.56,-4.5
1938,42,0.55,-5.5
1938,41,0.56,-4.5
1938,40,0.55,-5.5
1938,39,0.56,-4.5
1938,38,0.55,-4.0
1938,37,0.54,-4.0
1938,36,0.53,-5.0
1938,35,0.54,-4.5
1938,34,0.56,-4.5
1938,33,0.58,-2.5
1938,32,0.59,-2.5
1938,31,0.61,-2.0
1938,30,0.6,-3.0
1938,29,0.62,-2.0
1938,28,0.61,-2.0
1938,27,0.63,-1.0
1938,26,0.65,-1.0
1938,25,0.64,-1.0
1938,24,0.67,1.5
1938,23,0.65,0.5
1938,22,0.64,-0.5
1938,21,0.62,-1.0
1938,20,0.6,-1.5
1938,19,0.58,-2.0
1938,18,0.56,-3.0
1938,17,0.53,-3.0
1938,16,0.5,-3.0
1938,15,0.53,-3.0
1938,14,0.57,-3.0
1938,13,0.54,-3.0
1938,12,0.5,-3.0
1938,11,0.55,-2.5
1938,10,0.6,-1.5
1938,9,0.56,-1.5
1938,8,0.62,-1.5
1938,7,0.71,-0.5
1938,6,0.67,-1.0
1938,5,0.8,0.0
1938,4,0.75,-0.5
1938,3,0.67,-0.5
1938,2,0.5,-0.5
1938,1,1.0,0.0
1937,154,0.52,-21.0
1937,153,0.52,-20.0
1937,152,0.53,-19.0
1937,151,0.52,-20.0
1937,150,0.52,-20.0
1937,149,0.52,-21.0
1937,148,0.52,-21.0
1937,147,0.52,-22.0
1937,146,0.52,-22.0
1937,145,0.52,-22.0
1937,144,0.51,-23.0
1937,143,0.52,-22.0
1937,142,0.52,-21.0
1937,141,0.52,-22.0
1937,140,0.52,-20.5
1937,139,0.53,-20.5
1937,138,0.52,-20.5
1937,137,0.52,-20.5
1937,136,0.52,-20.5
1937,135,0.53,-19.0
1937,134,0.53,-18.0
1937,133,0.53,-17.0
1937,132,0.53,-17.5
1937,131,0.53,-17.5
1937,130,0.52,-18.5
1937,129,0.52,-19.5
1937,128,0.52,-19.5
1937,127,0.53,-17.5
1937,126,0.53,-17.5
1937,124,0.54,-16.5
1937,125,0.54,-16.5
1937,123,0.54,-15.0
1937,122,0.54,-15.0
1937,121,0.54,-15.0
1937,120,0.54,-15.0
1937,119,0.55,-14.5
1937,118,0.54,-15.5
1937,116,0.55,-15.0
1937,117,0.55,-15.0
1937,115,0.55,-14.5
1937,114,0.54,-15.5
1937,113,0.54,-15.5
1937,112,0.54,-14.5
1937,111,0.54,-14.5
1937,110,0.55,-14.0
1937,109,0.55,-14.0
1937,108,0.56,-13.0
1937,107,0.55,-13.0
1937,106,0.56,-12.0
1937,104,0.56,-11.5
1937,105,0.55,-11.5
1937,103,0.56,-11.0
1937,102,0.57,-11.0
1937,101,0.57,-11.0
1937,100,0.58,-11.0
1937,99,0.58,-11.0
1937,98,0.58,-11.0
1937,96,0.59,-9.0
1937,97,0.59,-9.0
1937,95,0.59,-8.5
1937,94,0.59,-8.5
1937,93,0.58,-9.0
1937,92,0.58,-9.0
1937,91,0.57,-9.0
1937,90,0.57,-9.5
1937,88,0.57,-9.0
1937,89,0.56,-9.0
1937,87,0.56,-9.0
1937,86,0.56,-10.0
1937,85,0.55,-10.0
1937,84,0.55,-10.0
1937,83,0.54,-11.0
1937,82,0.55,-10.0
1937,81,0.54,-10.5
1937,80,0.55,-10.5
1937,79,0.54,-11.5
1937,78,0.55,-11.5
1937,77,0.55,-11.5
1937,76,0.55,-10.0
1937,74,0.57,-9.0
1937,75,0.56,-9.0
1937,73,0.58,-7.5
1937,72,0.58,-6.5
1937,71,0.58,-7.5
1937,70,0.59,-6.5
1937,68,0.57,-6.5
1937,69,0.58,-6.5
1937,67,0.57,-7.0
1937,66,0.56,-7.0
1937,65,0.55,-7.5
1937,64,0.55,-7.5
1937,63,0.56,-7.5
1937,62,0.56,-5.5
1937,61,0.56,-5.5
1937,60,0.55,-6.0
1937,59,0.54,-6.0
1937,58,0.53,-7.0
1937,57,0.54,-6.0
1937,56,0.55,-5.0
1937,54,0.56,-4.5
1937,55,0.56,-4.5
1937,53,0.55,-5.0
1937,52,0.56,-5.0
1937,51,0.55,-5.0
1937,50,0.54,-5.0
1937,49,0.53,-5.5
1937,48,0.54,-5.5
1937,47,0.53,-5.0
1937,46,0.52,-5.5
1937,45,0.51,-5.5
1937,44,0.5,-6.0
1937,43,0.49,-6.0
1937,42,0.48,-6.0
1937,40,0.48,-5.0
1937,41,0.49,-5.0
1937,39,0.49,-5.5
1937,38,0.5,-4.0
1937,37,0.51,-3.5
1937,36,0.5,-4.5
1937,35,0.51,-4.5
1937,34,0.53,-4.5
1937,33,0.52,-5.0
1937,32,0.5,-5.5
1937,31,0.52,-5.0
1937,30,0.5,-5.0
1937,29,0.52,-5.0
1937,28,0.54,-4.0
1937,27,0.52,-3.5
1937,26,0.5,-4.5
1937,25,0.48,-4.5
1937,24,0.46,-4.5
1937,23,0.43,-4.5
1937,22,0.45,-3.5
1937,21,0.43,-3.5
1937,20,0.45,-2.5
1937,19,0.47,-3.0
1937,18,0.5,-2.0
1937,17,0.53,-1.5
1937,16,0.5,-2.0
1937,15,0.53,-2.0
1937,14,0.57,-1.5
1937,13,0.54,-1.5
1937,12,0.58,-0.5
1937,11,0.64,-0.5
1937,10,0.7,-0.5
1937,9,0.67,-0.5
1937,8,0.62,-1.0
1937,7,0.57,-1.5
1937,6,0.5,-2.0
1937,5,0.6,-1.0
1937,4,0.5,-1.0
1937,3,0.33,-1.5
1937,2,0.5,-1.0
1937,1,1.0,0.0
1936,155,0.48,-28.5
1936,154,0.47,-28.5
1936,153,0.48,-28.5
1936,152,0.48,-28.0
1936,151,0.48,-27.0
1936,150,0.49,-26.0
1936,149,0.49,-26.0
1936,148,0.49,-25.0
1936,147,0.49,-25.0
1936,146,0.49,-24.5
1936,145,0.5,-23.5
1936,144,0.5,-23.0
1936,143,0.5,-22.5
1936,142,0.5,-22.5
1936,141,0.5,-22.0
1936,140,0.5,-22.5
1936,138,0.5,-21.0
1936,139,0.5,-21.0
1936,137,0.5,-20.0
1936,136,0.5,-20.0
1936,135,0.5,-22.0
1936,134,0.5,-22.0
1936,133,0.5,-23.0
1936,132,0.5,-22.0
1936,131,0.5,-22.0
1936,130,0.5,-22.0
1936,129,0.5,-22.0
1936,128,0.49,-22.0
1936,127,0.49,-21.5
1936,126,0.48,-21.5
1936,125,0.49,-20.5
1936,124,0.49,-19.5
1936,123,0.49,-20.5
1936,122,0.49,-19.5
1936,121,0.49,-19.5
1936,120,0.49,-19.5
1936,119,0.5,-18.5
1936,118,0.5,-17.5
1936,117,0.5,-17.5
1936,116,0.51,-16.0
1936,115,0.5,-17.5
1936,114,0.51,-17.5
1936,113,0.51,-16.5
1936,112,0.52,-15.5
1936,110,0.52,-16.5
1936,111,0.51,-16.5
1936,109,0.51,-16.0
1936,108,0.51,-17.5
1936,107,0.5,-17.0
1936,106,0.51,-16.0
1936,105,0.51,-15.5
1936,104,0.52,-14.5
1936,103,0.52,-13.5
1936,102,0.53,-13.5
1936,101,0.53,-12.5
1936,100,0.54,-11.5
1936,99,0.54,-11.5
1936,98,0.54,-11.5
1936,97,0.55,-10.5
1936,96,0.54,-10.5
1936,95,0.55,-10.5
1936,94,0.54,-10.0
1936,93,0.54,-10.0
1936,92,0.53,-10.5
1936,91,0.53,-10.5
1936,90,0.53,-10.5
1936,89,0.54,-10.5
1936,88,0.53,-11.0
1936,87,0.54,-10.5
1936,85,0.53,-10.5
1936,86,0.53,-10.5
1936,84,0.54,-10.0
1936,83,0.53,-10.0
1936,82,0.52,-11.0
1936,81,0.53,-10.5
1936,80,0.54,-10.5
1936,79,0.54,-10.0
1936,78,0.55,-10.0
1936,77,0.56,-9.0
1936,76,0.55,-10.0
1936,75,0.55,-10.0
1936,74,0.54,-11.5
1936,73,0.53,-11.5
1936,72,0.53,-11.5
1936,71,0.54,-10.5
1936,70,0.54,-9.5
1936,69,0.55,-9.5
1936,68,0.56,-7.5
1936,67,0.57,-7.0
1936,66,0.58,-6.0
1936,65,0.58,-5.5
1936,64,0.58,-5.5
1936,63,0.59,-4.5
1936,62,0.58,-5.5
1936,60,0.6,-4.5
1936,61,0.59,-4.5
1936,59,0.59,-5.0
1936,58,0.6,-4.5
1936,57,0.61,-3.5
1936,56,0.61,-3.0
1936,55,0.62,-2.5
1936,54,0.61,-2.5
1936,53,0.6,-3.0
1936,52,0.62,-3.0
1936,51,0.63,-3.0
1936,50,0.62,-2.5
1936,49,0.63,-1.5
1936,48,0.62,-2.5
1936,47,0.62,-2.5
1936,46,0.61,-3.5
1936,45,0.6,-3.5
1936,44,0.59,-4.5
1936,43,0.6,-3.5
1936,42,0.6,-3.5
1936,41,0.61,-2.5
1936,40,0.62,-1.5
1936,39,0.64,-0.5
1936,38,0.63,-1.5
1936,37,0.62,-2.5
1936,36,0.64,-1.5
1936,35,0.66,0.0
1936,34,0.65,-1.0
1936,33,0.67,-1.0
1936,32,0.66,-1.0
1936,31,0.65,-1.5
1936,30,0.63,-1.5
1936,29,0.66,-0.5
1936,28,0.68,-0.5
1936,27,0.67,-0.5
1936,26,0.65,-0.5
1936,25,0.68,-0.5
1936,24,0.71,0.5
1936,23,0.7,0.5
1936,22,0.73,0.5
1936,21,0.71,0.5
1936,20,0.7,0.5
1936,19,0.68,0.5
1936,18,0.67,0.5
1936,17,0.71,0.5
1936,16,0.69,0.5
1936,15,0.67,0.5
1936,14,0.64,0.0
1936,13,0.62,-0.5
1936,12,0.67,0.5
1936,11,0.64,-0.5
1936,10,0.7,0.5
1936,9,0.78,1.0
1936,8,0.75,0.5
1936,7,0.71,0.0
1936,6,0.83,0.0
1936,5,0.8,0.0
1936,4,0.75,-0.5
1936,3,1.0,0.0
1936,2,1.0,0.0
1936,1,1.0,0.0
1935,154,0.51,-16.0
1935,153,0.51,-16.0
1935,152,0.51,-17.0
1935,151,0.5,-18.0
1935,150,0.5,-18.0
1935,149,0.5,-19.5
1935,148,0.5,-19.5
1935,147,0.5,-19.0
1935,146,0.51,-17.5
1935,145,0.5,-18.5
1935,144,0.5,-19.5
1935,143,0.5,-20.5
1935,142,0.5,-19.5
1935,141,0.5,-20.5
1935,140,0.49,-21.0
1935,139,0.5,-21.0
1935,138,0.49,-20.5
1935,137,0.5,-19.5
1935,136,0.5,-19.5
1935,135,0.5,-20.0
1935,134,0.49,-20.0
1935,133,0.49,-21.5
1935,132,0.49,-21.5
1935,130,0.49,-19.5
1935,131,0.5,-19.5
1935,129,0.5,-19.5
1935,128,0.5,-19.5
1935,127,0.5,-18.5
1935,126,0.5,-18.0
1935,125,0.5,-17.5
1935,124,0.5,-17.5
1935,123,0.5,-17.5
1935,122,0.51,-15.0
1935,121,0.51,-14.5
1935,120,0.51,-14.5
1935,119,0.5,-15.0
1935,118,0.51,-14.0
1935,117,0.51,-13.0
1935,116,0.51,-14.0
1935,115,0.51,-14.0
1935,114,0.52,-12.0
1935,113,0.51,-12.0
1935,112,0.52,-13.0
1935,111,0.52,-13.0
1935,110,0.52,-12.5
1935,109,0.52,-12.5
1935,108,0.53,-11.0
1935,107,0.53,-11.0
1935,106,0.53,-11.0
1935,105,0.52,-11.0
1935,104,0.52,-12.0
1935,103,0.51,-12.0
1935,102,0.52,-11.5
1935,100,0.52,-10.5
1935,101,0.51,-10.5
1935,99,0.52,-10.5
1935,98,0.52,-10.0
1935,97,0.53,-10.0
1935,96,0.52,-9.5
1935,95,0.52,-9.0
1935,94,0.52,-8.0
1935,93,0.52,-8.0
1935,92,0.51,-9.5
1935,91,0.51,-9.5
1935,90,0.5,-9.5
1935,89,0.51,-8.5
1935,88,0.51,-8.0
1935,87,0.52,-7.5
1935,86,0.51,-8.0
1935,85,0.51,-8.5
1935,84,0.51,-8.0
1935,83,0.52,-8.0
1935,82,0.52,-8.0
1935,81,0.52,-8.0
1935,79,0.52,-8.5
1935,80,0.51,-8.5
1935,78,0.51,-9.0
1935,77,0.52,-9.0
1935,76,0.53,-8.0
1935,75,0.53,-8.0
1935,74,0.53,-7.5
1935,73,0.52,-8.0
1935,72,0.53,-8.0
1935,71,0.52,-7.5
1935,70,0.51,-8.0
1935,69,0.52,-8.0
1935,68,0.51,-8.0
1935,67,0.51,-8.0
1935,66,0.5,-8.0
1935,65,0.49,-8.5
1935,64,0.5,-8.5
1935,63,0.49,-8.5
1935,62,0.48,-9.0
1935,61,0.49,-8.5
1935,59,0.49,-7.5
1935,60,0.5,-7.5
1935,58,0.5,-8.0
1935,57,0.49,-9.0
1935,55,0.49,-9.5
1935,56,0.48,-9.5
1935,54,0.48,-8.5
1935,53,0.49,-8.0
1935,52,0.5,-8.0
1935,51,0.51,-7.0
1935,50,0.52,-6.0
1935,49,0.51,-6.0
1935,48,0.52,-5.0
1935,47,0.53,-4.5
1935,46,0.52,-4.5
1935,45,0.51,-4.5
1935,44,0.5,-4.5
1935,43,0.51,-4.5
1935,42,0.5,-5.5
1935,41,0.51,-5.0
1935,40,0.52,-5.0
1935,39,0.51,-5.0
1935,38,0.53,-4.0
1935,37,0.54,-4.0
1935,36,0.53,-4.0
1935,35,0.54,-4.0
1935,34,0.53,-3.0
1935,33,0.52,-3.5
1935,32,0.53,-3.5
1935,31,0.55,-3.5
1935,30,0.53,-3.5
1935,29,0.55,-2.5
1935,28,0.54,-3.5
1935,27,0.56,-3.0
1935,26,0.54,-4.0
1935,25,0.52,-4.0
1935,24,0.54,-4.0
1935,23,0.57,-3.0
1935,22,0.59,-2.0
1935,21,0.57,-2.5
1935,20,0.55,-3.0
1935,19,0.58,-2.5
1935,18,0.61,-1.5
1935,17,0.59,-2.5
1935,16,0.56,-3.5
1935,15,0.6,-2.0
1935,14,0.57,-2.0
1935,13,0.62,-2.0
1935,12,0.58,-2.0
1935,11,0.55,-2.5
1935,10,0.6,-2.5
1935,9,0.67,-1.5
1935,8,0.75,-0.5
1935,7,0.86,1.0
1935,6,0.83,1.0
1935,5,0.8,0.5
1935,4,0.75,0.5
1935,3,0.67,-0.5
1935,2,1.0,0.5
1935,1,1.0,0.0
1934,153,0.5,-24.0
1934,152,0.5,-24.0
1934,150,0.49,-22.5
1934,151,0.5,-22.5
1934,149,0.49,-23.5
1934,148,0.49,-24.0
1934,147,0.49,-24.0
1934,146,0.49,-22.0
1934,145,0.5,-22.0
1934,144,0.5,-22.0
1934,143,0.5,-22.0
1934,142,0.49,-22.0
1934,141,0.5,-22.0
1934,140,0.5,-20.0
1934,139,0.5,-18.5
1934,138,0.5,-19.5
1934,137,0.5,-20.5
1934,136,0.5,-19.5
1934,135,0.5,-18.5
1934,134,0.51,-18.5
1934,133,0.51,-18.5
1934,132,0.51,-19.0
1934,131,0.51,-18.0
1934,130,0.52,-18.0
1934,129,0.51,-18.5
1934,128,0.51,-19.5
1934,127,0.51,-18.0
1934,126,0.51,-18.5
1934,125,0.51,-17.5
1934,124,0.51,-17.5
1934,122,0.52,-17.0
1934,123,0.51,-17.0
1934,121,0.52,-15.0
1934,120,0.52,-15.0
1934,119,0.52,-16.0
1934,118,0.53,-15.0
1934,117,0.53,-15.0
1934,116,0.53,-13.0
1934,115,0.53,-14.0
1934,114,0.54,-14.0
1934,113,0.53,-14.0
1934,112,0.53,-15.0
1934,111,0.52,-14.5
1934,110,0.53,-14.5
1934,109,0.52,-14.0
1934,108,0.52,-14.0
1934,107,0.52,-13.0
1934,106,0.52,-13.0
1934,105,0.51,-13.0
1934,104,0.52,-12.0
1934,103,0.51,-12.0
1934,102,0.52,-11.5
1934,101,0.52,-10.0
1934,100,0.53,-9.0
1934,99,0.53,-9.0
1934,98,0.53,-9.0
1934,97,0.54,-8.0
1934,96,0.53,-8.5
1934,95,0.54,-8.5
1934,94,0.53,-8.0
1934,93,0.53,-9.0
1934,92,0.52,-10.0
1934,91,0.53,-9.0
1934,90,0.53,-8.0
1934,89,0.54,-8.0
1934,88,0.55,-7.0
1934,87,0.54,-7.0
1934,86,0.55,-7.0
1934,85,0.55,-6.5
1934,84,0.55,-6.5
1934,83,0.54,-6.5
1934,82,0.55,-6.5
1934,81,0.54,-7.0
1934,80,0.55,-7.0
1934,79,0.54,-6.5
1934,78,0.55,-6.0
1934,77,0.55,-6.0
1934,76,0.54,-6.0
1934,75,0.53,-6.5
1934,74,0.53,-6.5
1934,73,0.52,-7.5
1934,72,0.53,-6.5
1934,71,0.54,-6.5
1934,70,0.53,-6.5
1934,69,0.52,-7.5
1934,68,0.53,-6.5
1934,67,0.52,-6.5
1934,66,0.53,-6.0
1934,65,0.54,-5.0
1934,64,0.53,-5.0
1934,63,0.54,-4.0
1934,62,0.53,-5.0
1934,61,0.54,-4.0
1934,60,0.53,-3.5
1934,58,0.53,-4.0
1934,59,0.53,-4.0
1934,57,0.53,-4.5
1934,55,0.51,-4.0
1934,56,0.52,-4.0
1934,54,0.5,-5.5
1934,53,0.49,-5.5
1934,52,0.5,-5.5
1934,51,0.49,-5.5
1934,50,0.5,-4.5
1934,49,0.49,-5.5
1934,48,0.5,-4.5
1934,47,0.49,-5.5
1934,46,0.5,-4.5
1934,45,0.49,-4.0
1934,44,0.48,-4.0
1934,43,0.49,-3.5
1934,42,0.48,-4.5
1934,40,0.45,-4.5
1934,41,0.46,-4.5
1934,39,0.46,-5.0
1934,38,0.45,-6.0
1934,37,0.43,-6.0
1934,36,0.44,-6.0
1934,35,0.43,-6.0
1934,34,0.44,-5.0
1934,33,0.45,-5.0
1934,32,0.47,-4.0
1934,31,0.48,-3.5
1934,30,0.47,-4.5
1934,29,0.48,-4.5
1934,28,0.46,-5.5
1934,27,0.44,-6.5
1934,26,0.42,-6.5
1934,25,0.44,-6.5
1934,24,0.46,-6.5
1934,23,0.48,-6.0
1934,22,0.45,-6.0
1934,21,0.48,-5.0
1934,20,0.5,-4.0
1934,19,0.53,-3.0
1934,18,0.5,-4.0
1934,17,0.53,-3.0
1934,16,0.56,-2.0
1934,15,0.53,-2.0
1934,14,0.5,-2.0
1934,13,0.46,-2.0
1934,12,0.5,-2.0
1934,11,0.45,-2.0
1934,10,0.5,-1.5
1934,9,0.56,-1.5
1934,8,0.5,-1.5
1934,7,0.57,-1.0
1934,6,0.5,-1.0
1934,5,0.6,-0.5
1934,4,0.5,-0.5
1934,3,0.33,-0.5
1934,2,0.0,-2.0
1934,1,0.0,-1.0
1933,149,0.42,-34.5
1933,148,0.43,-34.5
1933,147,0.42,-34.5
1933,146,0.42,-34.5
1933,145,0.41,-35.5
1933,144,0.41,-36.5
1933,143,0.41,-35.5
1933,142,0.41,-36.5
1933,141,0.41,-34.5
1933,140,0.41,-35.0
1933,138,0.41,-34.5
1933,139,0.41,-34.5
1933,137,0.42,-33.0
1933,136,0.41,-33.0
1933,135,0.41,-33.0
1933,134,0.42,-32.0
1933,133,0.42,-31.0
1933,132,0.42,-31.0
1933,131,0.43,-29.0
1933,130,0.43,-28.0
1933,129,0.43,-27.5
1933,128,0.43,-28.5
1933,127,0.43,-29.0
1933,126,0.42,-29.0
1933,125,0.42,-29.0
1933,124,0.43,-29.0
1933,123,0.42,-29.0
1933,122,0.42,-30.0
1933,120,0.42,-30.0
1933,121,0.41,-30.0
1933,119,0.41,-29.5
1933,118,0.42,-29.5
1933,117,0.42,-28.5
1933,116,0.42,-28.5
1933,115,0.43,-28.0
1933,114,0.43,-27.5
1933,113,0.43,-27.5
1933,112,0.44,-25.5
1933,111,0.44,-24.5
1933,110,0.45,-23.5
1933,109,0.44,-23.5
1933,108,0.44,-22.5
1933,107,0.44,-22.5
1933,106,0.44,-22.0
1933,105,0.44,-22.0
1933,104,0.44,-21.0
1933,103,0.45,-20.0
1933,102,0.45,-19.0
1933,101,0.45,-19.0
1933,100,0.45,-18.0
1933,99,0.44,-19.5
1933,98,0.45,-19.5
1933,97,0.45,-18.5
1933,96,0.46,-17.5
1933,95,0.46,-17.0
1933,94,0.46,-18.0
1933,93,0.45,-18.0
1933,91,0.44,-18.0
1933,92,0.45,-18.0
1933,89,0.44,-17.0
1933,90,0.44,-17.0
1933,88,0.43,-18.0
1933,87,0.43,-18.0
1933,86,0.42,-18.0
1933,85,0.41,-19.0
1933,84,0.42,-19.0
1933,83,0.42,-18.0
1933,82,0.43,-18.0
1933,81,0.42,-17.5
1933,80,0.42,-17.5
1933,79,0.43,-17.5
1933,78,0.42,-17.5
1933,77,0.42,-18.5
1933,76,0.42,-18.5
1933,75,0.43,-18.5
1933,74,0.42,-18.0
1933,73,0.42,-16.5
1933,72,0.43,-16.0
1933,71,0.42,-16.0
1933,70,0.41,-16.0
1933,69,0.41,-16.0
1933,68,0.4,-16.0
1933,67,0.39,-17.0
1933,65,0.38,-17.0
1933,66,0.38,-17.0
1933,64,0.39,-15.0
1933,63,0.4,-14.0
1933,62,0.39,-14.0
1933,61,0.38,-15.0
1933,60,0.38,-15.0
1933,59,0.37,-14.5
1933,58,0.36,-14.5
1933,57,0.35,-15.5
1933,56,0.36,-15.5
1933,55,0.36,-14.5
1933,54,0.35,-14.5
1933,53,0.36,-14.0
1933,52,0.35,-15.0
1933,51,0.33,-16.0
1933,49,0.31,-17.0
1933,50,0.32,-17.0
1933,48,0.31,-17.0
1933,47,0.32,-17.5
1933,46,0.33,-16.5
1933,45,0.33,-16.5
1933,44,0.32,-17.0
1933,43,0.33,-17.0
1933,42,0.33,-15.0
1933,41,0.34,-13.5
1933,40,0.35,-12.5
1933,39,0.36,-11.5
1933,38,0.34,-12.0
1933,37,0.35,-12.0
1933,36,0.36,-10.5
1933,35,0.37,-10.5
1933,34,0.35,-9.5
1933,33,0.36,-8.5
1933,32,0.34,-9.5
1933,31,0.35,-9.0
1933,30,0.37,-8.0
1933,29,0.34,-8.0
1933,28,0.32,-9.0
1933,27,0.3,-10.0
1933,26,0.31,-9.0
1933,25,0.32,-8.0
1933,24,0.29,-8.0
1933,23,0.3,-8.5
1933,22,0.32,-8.5
1933,21,0.29,-8.0
1933,20,0.3,-7.0
1933,19,0.32,-6.5
1933,18,0.28,-6.5
1933,17,0.29,-6.5
1933,16,0.25,-7.0
1933,15,0.27,-7.0
1933,14,0.29,-7.0
1933,13,0.31,-5.0
1933,12,0.33,-5.0
1933,11,0.36,-5.0
1933,10,0.4,-4.0
1933,9,0.33,-4.0
1933,8,0.38,-4.0
1933,7,0.29,-5.0
1933,6,0.33,-4.0
1933,5,0.4,-3.0
1933,4,0.25,-3.0
1933,3,0.0,-3.0
1933,2,0.0,-2.0
1933,1,0.0,-1.5
1932,154,0.28,-64.0
1932,153,0.27,-65.0
1932,152,0.28,-64.0
1932,151,0.28,-63.0
1932,149,0.28,-62.0
1932,150,0.28,-62.0
1932,148,0.28,-61.5
1932,147,0.29,-61.0
1932,146,0.28,-61.5
1932,145,0.28,-61.0
1932,144,0.28,-60.0
1932,143,0.28,-60.0
1932,142,0.28,-60.0
1932,141,0.28,-59.0
1932,140,0.29,-57.5
1932,139,0.28,-57.5
1932,138,0.28,-58.0
1932,137,0.28,-57.5
1932,136,0.27,-59.0
1932,135,0.27,-58.0
1932,134,0.28,-58.0
1932,133,0.28,-56.0
1932,132,0.28,-55.0
1932,130,0.28,-54.0
1932,131,0.28,-54.0
1932,129,0.29,-54.0
1932,128,0.28,-54.0
1932,127,0.28,-52.5
1932,126,0.28,-52.5
1932,125,0.28,-52.5
1932,124,0.27,-52.5
1932,123,0.27,-52.5
1932,122,0.26,-52.5
1932,121,0.26,-51.5
1932,120,0.27,-50.5
1932,119,0.26,-51.5
1932,118,0.26,-51.5
1932,117,0.26,-51.0
1932,116,0.26,-50.0
1932,115,0.25,-50.5
1932,114,0.25,-50.5
1932,112,0.24,-49.0
1932,113,0.25,-49.0
1932,111,0.24,-48.5
1932,110,0.25,-48.5
1932,109,0.25,-47.0
1932,108,0.24,-47.5
1932,107,0.24,-46.5
1932,106,0.25,-46.5
1932,105,0.25,-45.0
1932,104,0.25,-43.5
1932,103,0.25,-43.0
1932,101,0.26,-42.5
1932,102,0.25,-42.5
1932,100,0.26,-41.5
1932,99,0.26,-41.0
1932,98,0.27,-41.0
1932,97,0.27,-39.5
1932,96,0.26,-39.5
1932,95,0.26,-39.5
1932,94,0.26,-39.5
1932,93,0.25,-41.0
1932,92,0.24,-42.0
1932,91,0.24,-41.0
1932,90,0.24,-41.0
1932,89,0.25,-39.0
1932,88,0.24,-40.0
1932,87,0.24,-39.0
1932,86,0.24,-38.0
1932,85,0.24,-38.0
1932,84,0.24,-38.0
1932,83,0.24,-36.0
1932,82,0.23,-37.0
1932,81,0.23,-36.0
1932,80,0.24,-36.0
1932,79,0.23,-36.0
1932,78,0.22,-36.0
1932,77,0.22,-35.0
1932,76,0.21,-35.0
1932,75,0.21,-36.0
1932,74,0.2,-35.5
1932,73,0.21,-34.5
1932,72,0.21,-34.5
1932,71,0.2,-36.0
1932,69,0.19,-35.0
1932,70,0.2,-35.0
1932,68,0.19,-35.0
1932,67,0.18,-36.0
1932,66,0.18,-34.5
1932,65,0.18,-33.5
1932,64,0.19,-33.5
1932,63,0.19,-32.5
1932,62,0.19,-31.5
1932,61,0.18,-31.5
1932,60,0.18,-31.5
1932,59,0.19,-31.5
1932,58,0.19,-30.5
1932,57,0.19,-29.5
1932,56,0.2,-29.5
1932,55,0.2,-28.0
1932,54,0.2,-26.5
1932,53,0.21,-26.5
1932,52,0.19,-26.5
1932,51,0.2,-25.5
1932,50,0.2,-24.5
1932,49,0.18,-25.5
1932,48,0.19,-24.5
1932,47,0.19,-24.5
1932,46,0.2,-23.5
1932,45,0.2,-22.5
1932,44,0.2,-21.5
1932,43,0.19,-21.5
1932,42,0.17,-22.0
1932,41,0.17,-22.0
1932,40,0.18,-20.5
1932,39,0.18,-21.0
1932,38,0.18,-21.0
1932,36,0.19,-19.0
1932,37,0.19,-19.0
1932,35,0.17,-18.5
1932,34,0.18,-19.0
1932,33,0.18,-17.5
1932,32,0.16,-17.5
1932,31,0.16,-17.5
1932,30,0.17,-17.5
1932,29,0.17,-15.5
1932,28,0.18,-15.0
1932,27,0.19,-15.0
1932,26,0.15,-15.0
1932,25,0.16,-14.5
1932,24,0.17,-14.5
1932,23,0.17,-14.5
1932,22,0.18,-13.0
1932,21,0.19,-12.5
1932,20,0.2,-11.5
1932,19,0.16,-11.5
1932,18,0.17,-10.5
1932,17,0.18,-10.5
1932,16,0.19,-10.0
1932,15,0.2,-9.0
1932,14,0.21,-7.5
1932,13,0.23,-6.5
1932,12,0.25,-5.5
1932,11,0.27,-5.5
1932,10,0.2,-6.0
1932,9,0.22,-5.0
1932,8,0.25,-4.5
1932,7,0.14,-4.5
1932,5,0.2,-3.5
1932,6,0.17,-3.5
1932,4,0.0,-3.5
1932,3,0.0,-3.0
1932,2,0.0,-2.0
1932,1,0.0,-1.0
1931,153,0.41,-45.0
1931,152,0.4,-46.0
1931,151,0.4,-45.0
1931,150,0.41,-44.0
1931,149,0.41,-43.0
1931,148,0.41,-43.0
1931,147,0.4,-44.0
1931,146,0.4,-43.5
1931,145,0.39,-43.5
1931,144,0.39,-44.0
1931,143,0.39,-44.0
1931,142,0.39,-44.0
1931,141,0.38,-44.0
1931,140,0.38,-44.0
1931,139,0.37,-44.5
1931,138,0.38,-44.5
1931,137,0.38,-44.0
1931,136,0.38,-44.5
1931,135,0.37,-45.0
1931,134,0.37,-44.0
1931,133,0.38,-44.0
1931,132,0.38,-44.0
1931,131,0.38,-43.0
1931,130,0.38,-43.0
1931,128,0.38,-43.0
1931,129,0.38,-43.0
1931,127,0.39,-41.0
1931,126,0.39,-41.0
1931,125,0.39,-41.0
1931,124,0.4,-40.5
1931,123,0.4,-39.5
1931,122,0.4,-39.5
1931,121,0.4,-39.5
1931,120,0.39,-39.5
1931,119,0.39,-38.5
1931,118,0.4,-38.0
1931,117,0.4,-37.0
1931,116,0.41,-36.0
1931,115,0.41,-36.0
1931,114,0.4,-36.0
1931,113,0.4,-36.5
1931,112,0.39,-36.5
1931,111,0.4,-36.0
1931,110,0.39,-36.0
1931,109,0.39,-35.5
1931,108,0.4,-34.5
1931,107,0.39,-35.5
1931,106,0.39,-35.5
1931,105,0.39,-34.5
1931,104,0.39,-34.5
1931,103,0.4,-34.5
1931,102,0.4,-34.5
1931,101,0.4,-34.5
1931,100,0.4,-33.0
1931,99,0.39,-33.0
1931,98,0.4,-33.5
1931,97,0.39,-34.5
1931,96,0.4,-33.5
1931,95,0.4,-33.5
1931,94,0.39,-33.0
1931,93,0.39,-33.0
1931,92,0.38,-33.0
1931,91,0.38,-33.0
1931,90,0.38,-33.5
1931,89,0.38,-32.0
1931,88,0.39,-31.0
1931,87,0.38,-31.0
1931,86,0.38,-31.0
1931,85,0.38,-30.5
1931,84,0.37,-30.5
1931,83,0.37,-29.5
1931,82,0.37,-30.0
1931,81,0.36,-29.5
1931,80,0.36,-28.5
1931,78,0.37,-27.5
1931,79,0.37,-27.5
1931,77,0.36,-26.5
1931,75,0.37,-26.5
1931,76,0.37,-26.5
1931,74,0.38,-24.5
1931,73,0.38,-24.5
1931,72,0.39,-23.5
1931,71,0.39,-23.5
1931,70,0.4,-23.5
1931,69,0.41,-21.5
1931,67,0.4,-22.5
1931,68,0.4,-22.5
1931,66,0.41,-20.5
1931,65,0.42,-20.5
1931,64,0.41,-20.5
1931,63,0.4,-20.5
1931,62,0.39,-21.5
1931,61,0.39,-21.5
1931,60,0.4,-19.5
1931,59,0.41,-18.5
1931,58,0.41,-18.0
1931,57,0.4,-19.5
1931,56,0.39,-20.5
1931,55,0.4,-20.5
1931,54,0.41,-19.5
1931,53,0.4,-20.5
1931,52,0.38,-20.5
1931,51,0.39,-19.5
1931,50,0.4,-18.0
1931,49,0.39,-18.0
1931,48,0.4,-18.0
1931,47,0.38,-17.5
1931,46,0.37,-17.5
1931,45,0.38,-16.5
1931,44,0.36,-16.5
1931,43,0.35,-16.5
1931,42,0.33,-17.5
1931,41,0.34,-16.5
1931,40,0.35,-15.5
1931,38,0.34,-14.5
1931,39,0.36,-14.5
1931,37,0.35,-14.5
1931,36,0.33,-14.5
1931,35,0.34,-14.5
1931,34,0.35,-13.5
1931,33,0.36,-13.5
1931,32,0.38,-12.0
1931,31,0.35,-12.0
1931,30,0.37,-11.0
1931,29,0.38,-10.0
1931,28,0.39,-9.0
1931,27,0.41,-7.5
1931,26,0.42,-6.5
1931,25,0.44,-5.5
1931,24,0.46,-4.5
1931,23,0.43,-4.5
1931,22,0.41,-4.5
1931,21,0.43,-3.5
1931,20,0.45,-3.0
1931,19,0.42,-3.5
1931,18,0.39,-4.0
1931,17,0.35,-5.5
1931,16,0.38,-5.0
1931,15,0.4,-4.0
1931,14,0.36,-5.0
1931,13,0.38,-4.0
1931,12,0.33,-4.0
1931,11,0.36,-3.5
1931,10,0.3,-4.0
1931,9,0.22,-5.0
1931,8,0.25,-4.0
1931,7,0.29,-3.0
1931,6,0.33,-2.0
1931,5,0.2,-3.0
1931,4,0.25,-2.0
1931,3,0.0,-3.0
1931,2,0.0,-2.0
1931,1,0.0,-1.0
1930,154,0.34,-50.0
1930,153,0.34,-50.0
1930,152,0.34,-50.0
1930,151,0.34,-50.0
1930,150,0.34,-49.0
1930,149,0.34,-49.5
1930,148,0.33,-50.0
1930,147,0.33,-51.0
1930,146,0.33,-50.5
1930,145,0.32,-50.5
1930,144,0.33,-50.5
1930,143,0.33,-49.0
1930,142,0.32,-49.0
1930,140,0.33,-48.5
1930,141,0.33,-48.5
1930,139,0.33,-47.0
1930,138,0.33,-46.5
1930,137,0.34,-46.0
1930,136,0.33,-47.0
1930,135,0.33,-46.0
1930,134,0.34,-46.0
1930,133,0.33,-46.5
1930,132,0.33,-45.5
1930,131,0.34,-44.5
1930,130,0.34,-43.5
1930,129,0.34,-42.5
1930,128,0.34,-42.5
1930,127,0.35,-41.5
1930,126,0.35,-40.5
1930,125,0.35,-39.5
1930,124,0.35,-40.5
1930,123,0.35,-40.5
1930,122,0.34,-40.5
1930,121,0.35,-40.5
1930,120,0.34,-40.0
1930,119,0.34,-40.0
1930,118,0.35,-39.0
1930,117,0.35,-39.0
1930,116,0.35,-37.5
1930,115,0.35,-38.5
1930,114,0.35,-37.5
1930,113,0.35,-37.0
1930,112,0.34,-38.0
1930,111,0.34,-37.5
1930,110,0.35,-36.0
1930,109,0.34,-35.5
1930,108,0.34,-34.5
1930,107,0.35,-34.5
1930,106,0.34,-35.5
1930,105,0.34,-34.5
1930,104,0.34,-34.5
1930,103,0.34,-35.0
1930,102,0.34,-35.0
1930,101,0.35,-33.0
1930,100,0.35,-32.5
1930,99,0.35,-31.5
1930,98,0.36,-31.5
1930,97,0.36,-30.0
1930,96,0.36,-30.0
1930,95,0.37,-29.5
1930,94,0.37,-28.5
1930,93,0.38,-27.5
1930,92,0.37,-27.5
1930,91,0.37,-26.5
1930,90,0.37,-27.5
1930,89,0.36,-28.5
1930,88,0.36,-28.5
1930,87,0.37,-27.0
1930,86,0.37,-27.0
1930,85,0.38,-26.0
1930,84,0.37,-26.0
1930,83,0.37,-25.0
1930,82,0.37,-25.0
1930,81,0.37,-24.0
1930,80,0.38,-23.0
1930,79,0.38,-22.5
1930,77,0.38,-21.5
1930,78,0.38,-21.5
1930,76,0.38,-21.5
1930,75,0.39,-21.0
1930,74,0.39,-20.5
1930,73,0.4,-19.5
1930,72,0.4,-18.5
1930,71,0.41,-18.5
1930,70,0.4,-18.0
1930,69,0.39,-18.5
1930,68,0.38,-18.5
1930,66,0.39,-17.5
1930,67,0.39,-17.5
1930,65,0.38,-17.0
1930,64,0.38,-17.0
1930,63,0.37,-17.0
1930,62,0.37,-16.5
1930,61,0.38,-16.5
1930,60,0.37,-16.5
1930,59,0.36,-16.0
1930,58,0.36,-16.0
1930,57,0.37,-15.5
1930,56,0.36,-15.5
1930,55,0.36,-14.5
1930,54,0.35,-14.0
1930,53,0.34,-14.5
1930,52,0.33,-15.0
1930,51,0.31,-16.0
1930,50,0.32,-16.0
1930,49,0.33,-16.5
1930,48,0.31,-17.5
1930,47,0.3,-17.5
1930,46,0.3,-16.5
1930,45,0.31,-16.5
1930,44,0.32,-15.5
1930,43,0.33,-15.5
1930,42,0.31,-15.5
1930,41,0.32,-14.5
1930,40,0.3,-14.5
1930,39,0.31,-14.5
1930,38,0.32,-14.5
1930,37,0.32,-14.5
1930,36,0.33,-14.5
1930,35,0.34,-13.5
1930,34,0.35,-12.5
1930,33,0.36,-11.5
1930,32,0.38,-11.5
1930,31,0.39,-9.5
1930,30,0.4,-9.5
1930,29,0.41,-7.5
1930,28,0.43,-7.0
1930,27,0.44,-7.0
1930,26,0.46,-6.0
1930,25,0.44,-6.5
1930,24,0.46,-5.5
1930,23,0.48,-4.5
1930,22,0.45,-5.5
1930,21,0.43,-5.5
1930,20,0.4,-5.5
1930,19,0.37,-5.5
1930,18,0.33,-6.5
1930,17,0.35,-5.5
1930,16,0.31,-6.5
1930,15,0.33,-6.0
1930,14,0.36,-6.0
1930,13,0.38,-5.0
1930,12,0.33,-6.0
1930,11,0.36,-5.0
1930,10,0.4,-4.0
1930,9,0.33,-4.0
1930,8,0.38,-3.0
1930,7,0.43,-2.0
1930,6,0.5,-1.5
1930,5,0.6,-0.5
1930,4,0.5,-0.5
1930,3,0.33,-1.0
1930,2,0.5,-0.5
1930,1,1.0,0.5
1929,155,0.37,-48.0
1929,154,0.37,-48.0
1929,153,0.37,-48.0
1929,152,0.36,-49.0
1929,151,0.36,-48.0
1929,150,0.37,-47.0
1929,149,0.37,-46.5
1929,148,0.37,-46.0
1929,147,0.37,-46.0
1929,146,0.37,-46.0
1929,145,0.37,-45.0
1929,144,0.37,-45.0
1929,143,0.36,-45.5
1929,141,0.36,-46.5
1929,142,0.36,-46.5
1929,140,0.36,-46.5
1929,139,0.36,-45.0
1929,138,0.36,-44.0
1929,137,0.36,-44.0
1929,136,0.36,-44.0
1929,135,0.36,-42.5
1929,134,0.36,-43.0
1929,133,0.36,-43.0
1929,132,0.36,-43.5
1929,131,0.35,-44.0
1929,130,0.35,-44.5
1929,128,0.34,-43.5
1929,129,0.35,-43.5
1929,127,0.35,-42.5
1929,126,0.35,-42.5
1929,125,0.35,-41.5
1929,124,0.35,-42.5
1929,123,0.35,-41.5
1929,122,0.35,-40.5
1929,121,0.36,-40.5
1929,120,0.35,-40.5
1929,119,0.35,-41.0
1929,118,0.36,-41.0
1929,117,0.35,-40.5
1929,116,0.34,-42.0
1929,115,0.35,-42.0
1929,114,0.34,-43.0
1929,113,0.35,-43.0
1929,112,0.34,-42.5
1929,111,0.33,-43.5
1929,110,0.33,-44.5
1929,109,0.32,-44.5
1929,108,0.32,-44.0
1929,107,0.32,-44.0
1929,106,0.31,-44.0
1929,105,0.3,-44.0
1929,104,0.31,-44.0
1929,103,0.3,-44.0
1929,102,0.3,-44.0
1929,101,0.31,-43.5
1929,100,0.3,-44.0
1929,99,0.3,-43.5
1929,98,0.3,-43.5
1929,97,0.3,-42.5
1929,96,0.3,-42.5
1929,95,0.29,-42.0
1929,94,0.3,-41.5
1929,93,0.3,-41.0
1929,92,0.29,-41.0
1929,91,0.3,-39.5
1929,90,0.29,-39.5
1929,89,0.29,-39.0
1929,88,0.3,-38.0
1929,87,0.3,-37.0
1929,86,0.3,-36.0
1929,85,0.31,-35.0
1929,84,0.31,-35.0
1929,83,0.3,-35.0
1929,82,0.3,-34.5
1929,81,0.3,-34.5
1929,80,0.3,-33.0
1929,79,0.29,-33.5
1929,78,0.29,-33.5
1929,76,0.29,-32.5
1929,77,0.3,-32.5
1929,75,0.29,-33.5
1929,74,0.3,-33.5
1929,73,0.3,-31.5
1929,72,0.31,-30.5
1929,71,0.31,-29.0
1929,70,0.31,-28.5
1929,69,0.32,-28.5
1929,68,0.31,-29.5
1929,67,0.3,-30.0
1929,66,0.29,-30.0
1929,64,0.3,-29.0
1929,65,0.29,-29.0
1929,63,0.3,-27.0
1929,62,0.31,-26.0
1929,61,0.31,-25.0
1929,60,0.32,-25.0
1929,59,0.32,-24.0
1929,58,0.33,-23.5
1929,57,0.32,-24.0
1929,55,0.31,-23.5
1929,56,0.32,-23.5
1929,54,0.31,-23.0
1929,53,0.32,-23.0
1929,52,0.31,-23.5
1929,51,0.31,-23.5
1929,50,0.32,-22.5
1929,49,0.33,-21.5
1929,48,0.31,-21.0
1929,47,0.32,-20.0
1929,46,0.33,-19.0
1929,45,0.31,-19.5
1929,44,0.3,-19.5
1929,43,0.3,-20.0
1929,42,0.31,-19.0
1929,41,0.29,-19.0
1929,40,0.3,-18.5
1929,39,0.28,-19.0
1929,37,0.3,-17.5
1929,38,0.29,-17.5
1929,36,0.31,-15.5
1929,35,0.31,-14.5
1929,34,0.29,-15.5
1929,33,0.3,-14.5
1929,32,0.31,-14.5
1929,31,0.29,-14.0
1929,30,0.27,-14.0
1929,29,0.28,-12.5
1929,28,0.29,-11.5
1929,27,0.3,-10.5
1929,25,0.32,-9.5
1929,26,0.31,-9.5
1929,24,0.33,-7.5
1929,23,0.3,-7.5
1929,22,0.32,-7.5
1929,21,0.33,-6.5
1929,20,0.3,-7.5
1929,19,0.32,-7.5
1929,18,0.28,-8.5
1929,17,0.29,-7.5
1929,16,0.31,-6.5
1929,15,0.33,-5.5
1929,14,0.29,-6.0
1929,13,0.31,-5.5
1929,12,0.33,-5.5
1929,11,0.36,-5.0
1929,10,0.4,-4.5
1929,9,0.44,-3.5
1929,8,0.38,-3.0
1929,7,0.43,-2.0
1929,6,0.5,-2.0
1929,5,0.4,-1.5
1929,4,0.5,-1.0
1929,3,0.33,-2.0
1929,2,0.0,-2.0
1929,1,0.0,-2.0
1928,154,0.37,-43.5
1928,153,0.37,-43.5
1928,152,0.36,-44.5
1928,151,0.36,-44.5
1928,150,0.35,-44.5
1928,149,0.36,-43.0
1928,148,0.36,-43.0
1928,147,0.36,-42.0
1928,146,0.36,-43.0
1928,145,0.35,-43.0
1928,144,0.35,-42.5
1928,142,0.35,-42.5
1928,143,0.35,-42.5
1928,141,0.35,-42.0
1928,140,0.35,-42.0
1928,139,0.35,-42.5
1928,138,0.35,-42.5
1928,137,0.34,-42.0
1928,136,0.35,-42.0
1928,135,0.35,-40.0
1928,134,0.35,-40.0
1928,133,0.35,-40.0
1928,132,0.35,-40.0
1928,131,0.35,-40.5
1928,130,0.35,-39.5
1928,129,0.36,-39.0
1928,128,0.35,-40.0
1928,127,0.35,-39.5
1928,126,0.36,-39.0
1928,125,0.36,-39.0
1928,124,0.36,-37.0
1928,123,0.36,-37.5
1928,122,0.35,-39.0
1928,121,0.36,-38.5
1928,120,0.36,-38.5
1928,119,0.36,-37.5
1928,118,0.36,-36.5
1928,117,0.37,-36.0
1928,116,0.36,-36.0
1928,115,0.36,-36.5
1928,114,0.36,-35.5
1928,113,0.36,-35.5
1928,112,0.37,-35.5
1928,111,0.36,-36.0
1928,110,0.36,-35.0
1928,109,0.37,-34.0
1928,108,0.37,-33.0
1928,107,0.37,-32.0
1928,106,0.38,-31.0
1928,105,0.38,-31.0
1928,104,0.38,-32.0
1928,103,0.38,-31.0
1928,102,0.37,-32.0
1928,101,0.38,-32.0
1928,100,0.38,-32.0
1928,99,0.38,-30.5
1928,98,0.39,-29.5
1928,97,0.39,-29.5
1928,95,0.39,-30.5
1928,96,0.39,-30.5
1928,94,0.39,-29.5
1928,93,0.4,-29.5
1928,92,0.4,-28.5
1928,91,0.41,-28.5
1928,90,0.41,-28.5
1928,89,0.42,-27.5
1928,88,0.41,-29.0
1928,87,0.41,-29.0
1928,86,0.41,-28.5
1928,85,0.4,-28.5
1928,84,0.4,-27.5
1928,83,0.4,-27.5
1928,82,0.4,-27.5
1928,81,0.41,-24.5
1928,80,0.41,-24.5
1928,79,0.42,-23.5
1928,78,0.42,-23.5
1928,77,0.42,-24.0
1928,75,0.41,-23.5
1928,76,0.42,-23.5
1928,74,0.41,-25.5
1928,73,0.41,-25.5
1928,72,0.42,-23.5
1928,71,0.42,-23.0
1928,70,0.43,-23.0
1928,69,0.43,-22.0
1928,68,0.44,-21.0
1928,67,0.43,-21.0
1928,66,0.44,-21.5
1928,65,0.43,-21.5
1928,64,0.42,-21.5
1928,63,0.43,-21.5
1928,61,0.43,-20.0
1928,62,0.44,-20.0
1928,59,0.42,-19.5
1928,60,0.43,-19.5
1928,58,0.41,-20.0
1928,57,0.42,-19.0
1928,56,0.41,-19.0
1928,55,0.4,-21.0
1928,54,0.41,-20.5
1928,53,0.4,-20.5
1928,51,0.41,-20.0
1928,52,0.4,-20.0
1928,50,0.4,-19.5
1928,49,0.39,-20.5
1928,48,0.38,-21.5
1928,47,0.38,-20.5
1928,46,0.39,-19.5
1928,45,0.38,-19.5
1928,44,0.39,-19.5
1928,42,0.4,-19.5
1928,43,0.4,-19.5
1928,41,0.39,-19.0
1928,40,0.4,-17.5
1928,39,0.38,-17.5
1928,38,0.39,-16.0
1928,37,0.41,-16.0
1928,36,0.42,-15.5
1928,35,0.43,-14.0
1928,34,0.44,-12.5
1928,33,0.42,-12.0
1928,32,0.44,-11.0
1928,31,0.45,-10.0
1928,30,0.47,-10.0
1928,29,0.45,-9.5
1928,28,0.43,-9.5
1928,27,0.41,-10.0
1928,26,0.38,-10.0
1928,25,0.36,-9.5
1928,24,0.33,-9.5
1928,23,0.3,-9.5
1928,22,0.32,-8.5
1928,21,0.29,-9.5
1928,20,0.3,-8.5
1928,19,0.32,-7.5
1928,18,0.33,-6.5
1928,17,0.29,-6.5
1928,16,0.25,-7.5
1928,15,0.27,-6.5
1928,14,0.29,-5.5
1928,13,0.31,-4.5
1928,12,0.33,-3.5
1928,11,0.36,-4.0
1928,10,0.3,-4.0
1928,9,0.22,-5.0
1928,8,0.25,-5.0
1928,7,0.14,-4.5
1928,6,0.17,-3.0
1928,5,0.2,-3.0
1928,4,0.25,-2.0
1928,3,0.33,-2.0
1928,2,0.5,-0.5
1928,1,1.0,0.5
1927,154,0.33,-59.0
1927,153,0.33,-59.0
1927,152,0.34,-57.0
1927,151,0.33,-57.0
1927,150,0.33,-57.0
1927,149,0.34,-55.5
1927,148,0.34,-55.5
1927,147,0.34,-55.0
1927,146,0.34,-55.0
1927,145,0.34,-54.5
1927,144,0.33,-54.5
1927,143,0.33,-55.5
1927,142,0.33,-55.5
1927,141,0.33,-53.5
1927,140,0.34,-53.5
1927,139,0.34,-51.5
1927,138,0.34,-50.5
1927,137,0.34,-50.5
1927,135,0.33,-50.5
1927,136,0.34,-50.5
1927,134,0.33,-51.0
1927,133,0.33,-50.0
1927,132,0.33,-50.0
1927,131,0.32,-50.0
1927,130,0.32,-49.0
1927,129,0.32,-49.0
1927,128,0.32,-49.0
1927,127,0.32,-49.0
1927,126,0.32,-49.0
1927,125,0.31,-49.5
1927,124,0.31,-49.0
1927,123,0.32,-48.0
1927,122,0.31,-48.0
1927,121,0.31,-48.0
1927,120,0.31,-47.0
1927,119,0.31,-46.0
1927,118,0.31,-46.0
1927,117,0.31,-45.5
1927,116,0.31,-45.5
1927,115,0.31,-45.0
1927,114,0.32,-45.0
1927,113,0.32,-45.0
1927,112,0.32,-44.0
1927,111,0.32,-43.0
1927,110,0.33,-41.5
1927,109,0.33,-40.5
1927,108,0.33,-40.0
1927,107,0.33,-40.0
1927,106,0.33,-40.5
1927,105,0.33,-40.0
1927,104,0.33,-40.0
1927,103,0.32,-41.0
1927,102,0.31,-41.0
1927,101,0.31,-42.0
1927,99,0.29,-42.5
1927,100,0.3,-42.5
1927,98,0.3,-43.0
1927,97,0.3,-43.0
1927,96,0.29,-42.0
1927,95,0.28,-43.0
1927,94,0.28,-43.0
1927,93,0.27,-43.0
1927,92,0.27,-41.5
1927,91,0.26,-42.0
1927,90,0.26,-42.0
1927,89,0.26,-41.5
1927,88,0.26,-40.5
1927,87,0.25,-40.5
1927,86,0.26,-40.0
1927,85,0.26,-40.0
1927,84,0.25,-39.0
1927,83,0.24,-39.0
1927,82,0.23,-39.5
1927,81,0.23,-38.5
1927,80,0.24,-38.5
1927,79,0.24,-37.5
1927,78,0.24,-36.5
1927,77,0.25,-35.5
1927,75,0.25,-35.5
1927,76,0.25,-35.5
1927,74,0.24,-35.5
1927,73,0.23,-36.0
1927,72,0.24,-36.0
1927,71,0.24,-35.0
1927,70,0.23,-35.0
1927,69,0.22,-35.0
1927,68,0.22,-34.5
1927,67,0.22,-33.5
1927,66,0.23,-32.5
1927,65,0.23,-31.5
1927,64,0.23,-30.5
1927,63,0.24,-29.5
1927,62,0.24,-28.5
1927,61,0.25,-28.0
1927,60,0.25,-28.5
1927,59,0.25,-28.0
1927,58,0.26,-27.0
1927,57,0.26,-27.0
1927,56,0.27,-25.0
1927,55,0.27,-25.0
1927,54,0.28,-23.0
1927,53,0.26,-23.0
1927,52,0.27,-23.0
1927,51,0.27,-21.5
1927,50,0.26,-21.5
1927,49,0.27,-20.5
1927,48,0.27,-20.5
1927,47,0.28,-19.5
1927,46,0.28,-19.5
1927,45,0.29,-18.5
1927,44,0.3,-17.5
1927,43,0.28,-17.5
1927,42,0.29,-16.5
1927,41,0.29,-16.0
1927,40,0.3,-16.0
1927,39,0.31,-15.0
1927,38,0.29,-15.0
1927,36,0.28,-14.5
1927,37,0.27,-14.5
1927,35,0.29,-13.5
1927,34,0.29,-12.5
1927,33,0.3,-12.5
1927,31,0.29,-11.5
1927,32,0.31,-11.5
1927,30,0.3,-12.0
1927,29,0.31,-11.0
1927,28,0.32,-11.5
1927,27,0.33,-10.5
1927,26,0.35,-10.0
1927,25,0.32,-10.0
1927,24,0.33,-9.0
1927,23,0.3,-9.5
1927,22,0.27,-8.5
1927,21,0.24,-8.5
1927,20,0.25,-8.5
1927,19,0.26,-7.5
1927,18,0.22,-7.5
1927,17,0.18,-9.0
1927,16,0.19,-8.0
1927,15,0.2,-7.0
1927,14,0.21,-6.0
1927,13,0.15,-7.0
1927,12,0.17,-6.0
1927,11,0.18,-5.5
1927,10,0.2,-5.0
1927,9,0.11,-6.0
1927,8,0.12,-5.5
1927,7,0.14,-5.0
1927,6,0.0,-6.0
1927,5,0.0,-5.0
1927,4,0.0,-4.0
1927,3,0.0,-3.0
1927,2,0.0,-2.0
1927,1,0.0,-1.0
1926,154,0.3,-44.5
1926,153,0.3,-44.5
1926,152,0.3,-43.5
1926,151,0.3,-43.5
1926,150,0.31,-42.5
1926,149,0.3,-44.0
1926,148,0.3,-43.0
1926,147,0.31,-43.0
1926,146,0.31,-43.0
1926,145,0.31,-43.5
1926,144,0.31,-43.5
1926,143,0.31,-43.5
1926,142,0.31,-43.5
1926,141,0.3,-43.5
1926,140,0.31,-42.5
1926,139,0.3,-43.5
1926,138,0.3,-42.5
1926,137,0.31,-42.0
1926,136,0.31,-41.5
1926,135,0.31,-40.5
1926,134,0.31,-40.5
1926,133,0.32,-39.5
1926,132,0.32,-38.5
1926,130,0.32,-38.5
1926,131,0.32,-38.5
1926,128,0.33,-38.0
1926,129,0.33,-38.0
1926,127,0.33,-36.5
1926,126,0.33,-36.5
1926,125,0.34,-36.0
1926,124,0.34,-35.0
1926,123,0.34,-34.0
1926,122,0.34,-33.0
1926,121,0.34,-33.5
1926,119,0.33,-34.0
1926,120,0.33,-34.0
1926,118,0.32,-35.5
1926,117,0.32,-35.5
1926,116,0.32,-35.5
1926,115,0.31,-35.5
1926,114,0.32,-35.5
1926,113,0.32,-35.5
1926,112,0.31,-35.0
1926,111,0.32,-35.0
1926,110,0.32,-35.5
1926,109,0.32,-35.5
1926,108,0.31,-35.5
1926,107,0.31,-36.5
1926,106,0.31,-36.5
1926,105,0.31,-35.5
1926,104,0.32,-34.5
1926,103,0.32,-34.5
1926,102,0.31,-34.5
1926,101,0.31,-35.5
1926,100,0.31,-34.5
1926,99,0.31,-33.5
1926,98,0.31,-33.5
1926,97,0.31,-32.5
1926,96,0.3,-32.5
1926,95,0.29,-32.5
1926,94,0.3,-31.5
1926,93,0.3,-31.5
1926,92,0.29,-31.5
1926,91,0.3,-30.5
1926,90,0.3,-29.5
1926,89,0.3,-29.5
1926,88,0.31,-28.5
1926,87,0.31,-28.5
1926,86,0.31,-28.0
1926,85,0.31,-28.0
1926,84,0.3,-28.0
1926,83,0.29,-28.0
1926,82,0.29,-28.0
1926,81,0.3,-28.0
1926,80,0.3,-28.5
1926,79,0.3,-28.5
1926,78,0.29,-28.0
1926,77,0.3,-27.0
1926,76,0.29,-28.0
1926,75,0.28,-28.0
1926,74,0.28,-28.0
1926,73,0.29,-28.0
1926,72,0.29,-28.0
1926,71,0.3,-28.0
1926,70,0.3,-26.5
1926,69,0.3,-26.5
1926,68,0.29,-27.0
1926,67,0.3,-27.0
1926,66,0.29,-27.0
1926,65,0.28,-28.0
1926,64,0.28,-27.0
1926,63,0.29,-27.0
1926,62,0.29,-25.0
1926,61,0.28,-26.0
1926,60,0.28,-25.5
1926,59,0.29,-25.5
1926,58,0.28,-25.5
1926,57,0.28,-24.5
1926,56,0.29,-24.5
1926,55,0.29,-23.5
1926,54,0.3,-23.5
1926,53,0.28,-23.5
1926,52,0.29,-23.5
1926,51,0.29,-22.5
1926,50,0.28,-22.5
1926,49,0.29,-21.5
1926,48,0.29,-20.5
1926,47,0.3,-20.5
1926,46,0.28,-20.5
1926,45,0.29,-20.5
1926,44,0.3,-19.5
1926,43,0.3,-19.5
1926,42,0.29,-18.5
1926,41,0.29,-18.5
1926,40,0.28,-18.5
1926,39,0.28,-17.5
1926,38,0.29,-18.5
1926,37,0.3,-17.5
1926,36,0.31,-17.5
1926,35,0.31,-15.5
1926,34,0.32,-14.5
1926,33,0.33,-13.5
1926,32,0.31,-13.5
1926,31,0.29,-13.5
1926,30,0.3,-12.5
1926,29,0.31,-11.5
1926,28,0.29,-11.0
1926,27,0.3,-10.0
1926,26,0.31,-9.0
1926,25,0.32,-8.0
1926,24,0.29,-8.0
1926,23,0.3,-7.5
1926,22,0.32,-7.5
1926,21,0.33,-6.5
1926,20,0.3,-7.5
1926,19,0.32,-7.5
1926,18,0.33,-7.5
1926,17,0.35,-7.5
1926,16,0.31,-7.5
1926,15,0.33,-6.5
1926,14,0.36,-5.5
1926,13,0.38,-4.5
1926,12,0.42,-3.5
1926,11,0.45,-3.0
1926,10,0.4,-3.5
1926,9,0.44,-2.5
1926,8,0.5,-1.5
1926,7,0.43,-2.0
1926,6,0.5,-1.0
1926,5,0.4,-1.0
1926,4,0.5,-1.0
1926,3,0.33,-2.0
1926,2,0.5,-1.0
1926,1,0.0,-1.0
1925,152,0.31,-49.5
1925,151,0.3,-50.5
1925,150,0.3,-51.5
1925,149,0.3,-52.0
1925,148,0.3,-52.0
1925,147,0.3,-51.5
1925,146,0.3,-51.5
1925,145,0.3,-51.0
1925,143,0.3,-50.5
1925,144,0.3,-50.5
1925,142,0.3,-48.5
1925,141,0.3,-48.5
1925,140,0.3,-48.5
1925,139,0.3,-47.5
1925,138,0.3,-47.5
1925,137,0.29,-48.5
1925,136,0.29,-47.5
1925,135,0.29,-48.0
1925,134,0.29,-47.0
1925,133,0.29,-46.0
1925,132,0.29,-47.0
1925,131,0.29,-47.0
1925,130,0.29,-46.5
1925,129,0.29,-46.0
1925,128,0.28,-47.0
1925,127,0.28,-46.0
1925,126,0.29,-45.0
1925,125,0.29,-44.0
1925,124,0.29,-43.0
1925,123,0.29,-42.0
1925,122,0.3,-41.0
1925,121,0.29,-41.0
1925,120,0.29,-41.0
1925,119,0.29,-41.0
1925,118,0.3,-41.0
1925,117,0.3,-41.0
1925,116,0.3,-40.0
1925,115,0.3,-40.0
1925,114,0.3,-40.0
1925,113,0.3,-39.0
1925,112,0.3,-39.0
1925,111,0.31,-39.0
1925,110,0.3,-39.0
1925,109,0.3,-39.0
1925,108,0.31,-38.5
1925,107,0.3,-38.5
1925,106,0.29,-38.5
1925,105,0.3,-37.5
1925,104,0.29,-37.5
1925,103,0.28,-38.0
1925,102,0.28,-37.5
1925,101,0.29,-37.0
1925,100,0.29,-36.0
1925,99,0.29,-35.0
1925,98,0.3,-35.0
1925,97,0.29,-35.5
1925,96,0.29,-34.5
1925,95,0.29,-33.5
1925,94,0.3,-33.5
1925,93,0.3,-32.5
1925,92,0.3,-31.5
1925,91,0.31,-30.5
1925,90,0.31,-30.0
1925,89,0.31,-30.0
1925,88,0.31,-30.0
1925,87,0.3,-30.0
1925,86,0.3,-29.0
1925,85,0.31,-29.0
1925,84,0.31,-28.0
1925,83,0.31,-27.0
1925,82,0.32,-27.0
1925,81,0.32,-27.0
1925,80,0.31,-28.0
1925,79,0.32,-27.0
1925,78,0.31,-28.0
1925,77,0.31,-28.0
1925,76,0.32,-27.0
1925,75,0.32,-27.0
1925,74,0.32,-25.5
1925,73,0.33,-25.5
1925,72,0.32,-25.5
1925,70,0.33,-24.5
1925,71,0.32,-24.5
1925,69,0.33,-22.5
1925,68,0.34,-22.0
1925,67,0.34,-21.5
1925,66,0.33,-23.0
1925,65,0.34,-23.0
1925,64,0.34,-22.0
1925,63,0.35,-21.0
1925,62,0.35,-20.0
1925,61,0.36,-19.0
1925,60,0.37,-19.0
1925,59,0.37,-18.0
1925,58,0.38,-17.0
1925,57,0.39,-16.0
1925,56,0.38,-16.0
1925,55,0.38,-15.5
1925,54,0.37,-15.5
1925,53,0.36,-16.0
1925,52,0.37,-15.0
1925,51,0.35,-16.0
1925,50,0.36,-16.0
1925,49,0.37,-15.0
1925,48,0.38,-14.0
1925,47,0.36,-15.0
1925,46,0.37,-15.0
1925,45,0.36,-15.0
1925,44,0.36,-14.0
1925,43,0.35,-15.0
1925,42,0.36,-14.0
1925,41,0.34,-15.0
1925,40,0.32,-16.0
1925,39,0.33,-16.0
1925,38,0.32,-15.0
1925,36,0.33,-14.0
1925,37,0.32,-14.0
1925,35,0.31,-13.0
1925,34,0.32,-13.0
1925,33,0.33,-13.0
1925,32,0.31,-13.0
1925,31,0.29,-14.0
1925,30,0.27,-14.0
1925,29,0.28,-13.0
1925,28,0.29,-13.0
1925,27,0.26,-14.0
1925,26,0.27,-13.0
1925,25,0.28,-12.5
1925,24,0.29,-11.5
1925,23,0.3,-10.5
1925,22,0.32,-9.5
1925,21,0.33,-8.5
1925,20,0.3,-8.5
1925,19,0.32,-8.0
1925,18,0.33,-7.0
1925,17,0.29,-7.0
1925,16,0.31,-6.0
1925,15,0.27,-7.0
1925,14,0.29,-6.5
1925,13,0.23,-7.0
1925,12,0.17,-7.0
1925,11,0.18,-6.0
1925,10,0.2,-5.5
1925,9,0.11,-6.0
1925,8,0.12,-5.0
1925,7,0.14,-4.0
1925,6,0.17,-4.0
1925,5,0.2,-3.5
1925,4,0.25,-2.5
1925,3,0.0,-3.0
1925,2,0.0,-2.0
1925,1,0.0,-1.0
1924,157,0.43,-25.0
1924,156,0.42,-26.0
1924,155,0.43,-25.0
1924,154,0.43,-24.0
1924,153,0.42,-24.5
1924,152,0.43,-23.5
1924,150,0.43,-22.5
1924,151,0.43,-22.5
1924,149,0.42,-23.5
1924,148,0.42,-23.5
1924,147,0.42,-22.5
1924,146,0.42,-21.5
1924,145,0.43,-20.5
1924,144,0.43,-20.5
1924,142,0.42,-21.5
1924,143,0.43,-21.5
1924,141,0.43,-21.0
1924,140,0.43,-21.0
1924,139,0.43,-19.5
1924,138,0.43,-19.0
1924,137,0.44,-18.0
1924,136,0.43,-19.0
1924,135,0.44,-18.0
1924,134,0.44,-17.0
1924,132,0.45,-16.5
1924,133,0.44,-16.5
1924,130,0.45,-16.5
1924,131,0.44,-16.5
1924,129,0.45,-14.0
1924,128,0.45,-14.0
1924,127,0.46,-13.5
1924,126,0.45,-13.5
1924,125,0.45,-13.5
1924,124,0.44,-14.5
1924,123,0.44,-14.5
1924,122,0.44,-14.5
1924,121,0.44,-15.0
1924,120,0.44,-14.0
1924,119,0.44,-15.0
1924,118,0.43,-15.5
1924,117,0.43,-16.0
1924,116,0.42,-16.5
1924,114,0.42,-16.0
1924,115,0.42,-16.0
1924,113,0.42,-14.5
1924,112,0.42,-15.0
1924,111,0.41,-16.0
1924,110,0.41,-16.0
1924,109,0.4,-16.0
1924,108,0.41,-16.0
1924,107,0.41,-15.0
1924,106,0.42,-15.0
1924,105,0.41,-15.0
1924,104,0.41,-15.0
1924,103,0.42,-14.0
1924,102,0.42,-13.0
1924,101,0.43,-13.0
1924,100,0.42,-14.0
1924,99,0.42,-13.0
1924,98,0.43,-13.5
1924,97,0.43,-13.0
1924,96,0.44,-12.0
1924,95,0.44,-11.5
1924,94,0.45,-11.5
1924,93,0.44,-11.5
1924,92,0.43,-12.0
1924,91,0.43,-12.5
1924,90,0.42,-13.0
1924,88,0.43,-12.0
1924,89,0.43,-12.0
1924,87,0.44,-10.5
1924,86,0.44,-10.0
1924,85,0.45,-10.0
1924,84,0.45,-9.5
1924,83,0.46,-8.5
1924,82,0.46,-7.5
1924,80,0.46,-6.5
1924,81,0.47,-6.5
1924,79,0.47,-6.0
1924,77,0.45,-7.0
1924,78,0.46,-7.0
1924,76,0.45,-8.0
1924,75,0.45,-7.5
1924,74,0.46,-7.5
1924,73,0.47,-7.0
1924,72,0.46,-7.0
1924,71,0.45,-8.0
1924,70,0.46,-8.0
1924,69,0.46,-8.0
1924,68,0.47,-7.0
1924,67,0.48,-7.0
1924,66,0.48,-5.0
1924,65,0.49,-5.0
1924,64,0.48,-5.0
1924,63,0.49,-4.0
1924,61,0.51,-2.5
1924,62,0.5,-2.5
1924,60,0.52,-1.5
1924,59,0.51,-2.0
1924,58,0.5,-2.0
1924,57,0.49,-2.5
1924,56,0.5,-2.5
1924,55,0.51,-2.0
1924,54,0.5,-3.0
1924,53,0.51,-3.0
1924,52,0.52,-2.0
1924,51,0.53,-2.0
1924,50,0.54,-1.0
1924,49,0.55,-1.0
1924,48,0.56,-1.0
1924,47,0.57,0.0
1924,46,0.57,0.0
1924,45,0.56,0.0
1924,44,0.57,0.0
1924,43,0.58,1.0
1924,42,0.57,0.0
1924,41,0.59,0.0
1924,40,0.57,-1.0
1924,39,0.59,0.0
1924,38,0.61,0.5
1924,37,0.59,-0.5
1924,36,0.58,-0.5
1924,35,0.6,0.0
1924,34,0.62,0.0
1924,33,0.61,0.0
1924,32,0.59,0.0
1924,31,0.61,0.0
1924,30,0.6,-0.5
1924,29,0.59,-1.5
1924,28,0.57,-1.5
1924,27,0.59,-0.5
1924,26,0.58,-1.0
1924,25,0.56,-1.5
1924,24,0.54,-1.5
1924,23,0.52,-1.5
1924,22,0.5,-2.0
1924,21,0.52,-2.0
1924,20,0.5,-3.0
1924,19,0.53,-2.5
1924,18,0.5,-3.0
1924,17,0.53,-2.0
1924,16,0.5,-2.0
1924,15,0.47,-2.0
1924,14,0.43,-2.0
1924,13,0.38,-3.0
1924,12,0.33,-4.0
1924,11,0.27,-5.0
1924,10,0.3,-4.5
1924,9,0.33,-3.5
1924,8,0.38,-2.5
1924,7,0.43,-2.5
1924,6,0.5,-1.5
1924,5,0.6,-1.0
1924,4,0.75,0.0
1924,3,0.67,-0.5
1924,2,0.5,-1.0
1924,1,0.0,-1.0
1923,154,0.4,-37.0
1923,153,0.4,-36.5
1923,152,0.4,-36.5
1923,151,0.4,-35.0
1923,149,0.4,-36.0
1923,150,0.4,-36.0
1923,148,0.39,-38.0
1923,147,0.39,-37.0
1923,146,0.4,-36.0
1923,145,0.39,-37.0
1923,144,0.4,-37.0
1923,143,0.4,-37.0
1923,142,0.4,-35.5
1923,141,0.4,-35.5
1923,140,0.4,-35.5
1923,139,0.4,-35.5
1923,138,0.4,-35.5
1923,137,0.4,-35.5
1923,136,0.4,-34.5
1923,135,0.4,-35.0
1923,133,0.4,-35.0
1923,134,0.4,-35.0
1923,132,0.4,-34.5
1923,131,0.4,-34.5
1923,130,0.39,-35.5
1923,129,0.39,-34.5
1923,128,0.38,-35.5
1923,127,0.39,-34.5
1923,126,0.39,-34.5
1923,125,0.39,-33.0
1923,124,0.39,-33.5
1923,123,0.39,-33.0
1923,122,0.39,-32.0
1923,121,0.4,-31.0
1923,120,0.4,-31.0
1923,119,0.39,-30.5
1923,118,0.39,-30.5
1923,117,0.39,-29.5
1923,116,0.39,-29.5
1923,115,0.39,-28.5
1923,114,0.39,-29.5
1923,113,0.39,-29.5
1923,112,0.39,-28.5
1923,111,0.4,-28.5
1923,110,0.4,-28.5
1923,109,0.4,-28.0
1923,108,0.4,-28.0
1923,107,0.4,-28.0
1923,106,0.41,-26.5
1923,105,0.41,-25.5
1923,104,0.4,-26.5
1923,103,0.4,-27.5
1923,102,0.39,-27.0
1923,101,0.39,-28.0
1923,100,0.38,-28.0
1923,99,0.38,-29.0
1923,98,0.38,-29.0
1923,97,0.37,-29.0
1923,96,0.36,-30.0
1923,95,0.37,-29.0
1923,94,0.36,-29.0
1923,93,0.37,-29.5
1923,92,0.37,-29.0
1923,91,0.37,-29.0
1923,90,0.38,-27.5
1923,89,0.37,-28.5
1923,88,0.38,-27.5
1923,87,0.38,-27.5
1923,86,0.37,-26.5
1923,85,0.36,-26.5
1923,84,0.37,-25.5
1923,83,0.37,-25.5
1923,82,0.38,-24.0
1923,81,0.37,-24.5
1923,80,0.38,-24.5
1923,79,0.38,-24.5
1923,78,0.37,-24.0
1923,77,0.38,-24.0
1923,76,0.38,-23.5
1923,75,0.39,-23.5
1923,74,0.39,-22.5
1923,73,0.4,-22.5
1923,72,0.4,-21.5
1923,71,0.39,-22.5
1923,70,0.39,-22.5
1923,69,0.39,-22.5
1923,68,0.4,-20.5
1923,67,0.39,-20.5
1923,66,0.39,-19.5
1923,65,0.4,-19.5
1923,64,0.41,-19.0
1923,63,0.41,-18.0
1923,61,0.39,-18.5
1923,62,0.4,-18.5
1923,60,0.4,-17.0
1923,59,0.39,-17.0
1923,58,0.4,-16.0
1923,57,0.4,-15.0
1923,56,0.41,-14.0
1923,55,0.4,-14.0
1923,54,0.39,-15.0
1923,53,0.4,-14.0
1923,52,0.4,-13.0
1923,51,0.41,-12.0
1923,50,0.42,-11.5
1923,49,0.41,-12.5
1923,48,0.42,-11.5
1923,47,0.43,-11.5
1923,46,0.43,-10.5
1923,45,0.42,-10.5
1923,44,0.43,-9.5
1923,43,0.44,-9.5
1923,42,0.43,-9.5
1923,41,0.41,-10.5
1923,40,0.42,-11.0
1923,39,0.41,-11.5
1923,38,0.42,-11.5
1923,37,0.41,-11.5
1923,36,0.42,-11.5
1923,35,0.4,-12.5
1923,34,0.38,-13.5
1923,33,0.39,-12.5
1923,32,0.38,-12.5
1923,31,0.35,-12.5
1923,30,0.37,-11.5
1923,29,0.34,-11.5
1923,28,0.36,-10.5
1923,27,0.33,-11.5
1923,26,0.35,-11.5
1923,25,0.32,-12.0
1923,24,0.33,-10.5
1923,23,0.35,-9.5
1923,22,0.36,-8.5
1923,21,0.33,-8.5
1923,20,0.35,-6.0
1923,19,0.37,-6.0
1923,18,0.39,-5.0
1923,17,0.41,-3.5
1923,16,0.44,-3.5
1923,15,0.4,-4.0
1923,14,0.43,-4.0
1923,13,0.38,-4.0
1923,12,0.42,-4.0
1923,11,0.36,-5.0
1923,10,0.4,-3.5
1923,9,0.33,-4.5
1923,8,0.38,-3.5
1923,7,0.29,-3.5
1923,6,0.17,-4.5
1923,5,0.2,-4.5
1923,4,0.0,-4.0
1923,3,0.0,-3.0
1923,2,0.0,-2.0
1923,1,0.0,-1.0
1922,154,0.4,-33.5
1922,153,0.4,-32.5
1922,152,0.39,-33.5
1922,151,0.39,-34.5
1922,150,0.39,-34.5
1922,149,0.39,-34.5
1922,148,0.39,-33.5
1922,146,0.39,-33.5
1922,147,0.39,-33.5
1922,145,0.39,-32.0
1922,144,0.4,-32.0
1922,143,0.4,-30.5
1922,142,0.4,-29.5
1922,141,0.4,-30.5
1922,140,0.4,-29.5
1922,139,0.4,-29.5
1922,138,0.41,-28.5
1922,137,0.4,-29.0
1922,136,0.4,-28.0
1922,135,0.4,-27.5
1922,134,0.4,-27.5
1922,133,0.4,-27.0
1922,131,0.4,-27.5
1922,132,0.39,-27.5
1922,130,0.4,-26.5
1922,128,0.4,-25.5
1922,129,0.4,-25.5
1922,127,0.39,-27.0
1922,126,0.4,-26.5
1922,125,0.39,-26.5
1922,124,0.39,-27.5
1922,123,0.39,-27.0
1922,122,0.39,-27.0
1922,121,0.38,-27.0
1922,120,0.38,-25.5
1922,119,0.38,-26.0
1922,118,0.38,-25.0
1922,117,0.38,-24.5
1922,116,0.39,-24.5
1922,115,0.39,-23.5
1922,114,0.39,-23.5
1922,113,0.4,-22.0
1922,111,0.39,-23.0
1922,112,0.39,-23.0
1922,110,0.38,-23.5
1922,109,0.38,-24.0
1922,108,0.38,-23.5
1922,107,0.38,-23.0
1922,106,0.39,-22.0
1922,105,0.38,-23.0
1922,104,0.38,-22.0
1922,103,0.39,-21.0
1922,102,0.38,-21.0
1922,101,0.39,-20.0
1922,100,0.39,-20.0
1922,99,0.39,-19.0
1922,98,0.4,-18.0
1922,97,0.4,-17.0
1922,96,0.41,-16.5
1922,95,0.41,-15.5
1922,94,0.41,-15.0
1922,93,0.42,-15.0
1922,92,0.41,-16.0
1922,91,0.42,-15.0
1922,90,0.42,-15.0
1922,89,0.43,-14.0
1922,88,0.42,-14.0
1922,87,0.41,-14.0
1922,86,0.42,-14.0
1922,85,0.41,-14.5
1922,84,0.42,-13.5
1922,83,0.42,-13.5
1922,82,0.43,-13.5
1922,81,0.43,-13.0
1922,80,0.44,-12.0
1922,78,0.44,-12.0
1922,79,0.44,-12.0
1922,77,0.44,-12.0
1922,76,0.45,-12.0
1922,75,0.44,-12.0
1922,74,0.43,-12.0
1922,73,0.44,-12.0
1922,72,0.44,-12.0
1922,71,0.44,-12.0
1922,70,0.43,-12.0
1922,69,0.43,-11.0
1922,68,0.43,-11.0
1922,67,0.43,-10.5
1922,65,0.43,-10.5
1922,66,0.42,-10.5
1922,64,0.44,-10.0
1922,63,0.44,-9.5
1922,62,0.44,-9.5
1922,61,0.43,-10.0
1922,60,0.42,-11.0
1922,59,0.41,-12.0
1922,58,0.4,-13.0
1922,57,0.4,-12.0
1922,56,0.41,-11.0
1922,55,0.42,-10.0
1922,54,0.43,-10.0
1922,53,0.42,-10.5
1922,52,0.4,-11.5
1922,51,0.41,-11.5
1922,50,0.42,-11.5
1922,49,0.43,-11.5
1922,48,0.44,-10.5
1922,47,0.45,-9.5
1922,46,0.46,-9.5
1922,45,0.44,-9.5
1922,44,0.43,-9.5
1922,43,0.44,-8.5
1922,42,0.43,-8.5
1922,41,0.41,-9.5
1922,40,0.42,-8.5
1922,39,0.44,-8.5
1922,38,0.42,-8.5
1922,37,0.43,-8.5
1922,36,0.44,-7.5
1922,35,0.43,-7.5
1922,33,0.45,-7.5
1922,34,0.44,-7.5
1922,32,0.47,-6.0
1922,31,0.45,-6.5
1922,30,0.43,-7.5
1922,29,0.45,-7.5
1922,28,0.46,-6.0
1922,27,0.48,-5.5
1922,26,0.46,-5.5
1922,25,0.48,-4.5
1922,24,0.46,-6.0
1922,23,0.43,-7.0
1922,22,0.41,-7.0
1922,21,0.43,-6.0
1922,20,0.45,-6.0
1922,19,0.47,-5.0
1922,18,0.5,-3.5
1922,17,0.47,-3.5
1922,16,0.44,-4.0
1922,15,0.47,-4.0
1922,14,0.43,-4.0
1922,13,0.38,-5.0
1922,12,0.33,-6.0
1922,11,0.36,-5.0
1922,10,0.4,-5.0
1922,9,0.44,-4.0
1922,8,0.5,-2.5
1922,7,0.43,-3.0
1922,6,0.33,-3.0
1922,5,0.4,-3.0
1922,4,0.25,-3.5
1922,3,0.33,-1.5
1922,2,0.5,-1.0
1922,1,0.0,-1.0
1921,154,0.49,-23.5
1921,153,0.49,-22.5
1921,152,0.49,-22.5
1921,151,0.5,-20.5
1921,150,0.5,-20.0
1921,149,0.5,-20.0
1921,148,0.49,-20.5
1921,147,0.49,-20.5
1921,146,0.49,-20.0
1921,145,0.5,-20.0
1921,144,0.49,-20.5
1921,143,0.49,-20.5
1921,142,0.49,-20.0
1921,141,0.5,-19.0
1921,140,0.5,-18.5
1921,139,0.5,-19.0
1921,138,0.49,-19.0
1921,137,0.49,-20.5
1921,136,0.49,-20.5
1921,135,0.48,-21.0
1921,134,0.49,-19.5
1921,133,0.48,-19.5
1921,132,0.48,-19.5
1921,131,0.49,-19.5
1921,130,0.48,-19.5
1921,129,0.49,-18.5
1921,128,0.48,-19.0
1921,127,0.49,-19.0
1921,126,0.49,-17.0
1921,125,0.49,-18.0
1921,124,0.48,-18.0
1921,123,0.49,-18.0
1921,122,0.48,-18.0
1921,121,0.48,-18.0
1921,120,0.48,-17.0
1921,119,0.48,-17.0
1921,118,0.47,-17.0
1921,117,0.47,-17.0
1921,116,0.47,-16.5
1921,115,0.48,-16.0
1921,114,0.47,-17.0
1921,113,0.47,-18.0
1921,112,0.47,-17.0
1921,111,0.48,-16.0
1921,110,0.48,-16.0
1921,108,0.47,-16.0
1921,109,0.48,-16.0
1921,107,0.47,-16.5
1921,106,0.46,-17.5
1921,105,0.47,-16.0
1921,104,0.47,-16.0
1921,103,0.47,-16.0
1921,102,0.46,-17.5
1921,101,0.46,-16.5
1921,100,0.45,-17.0
1921,99,0.44,-17.5
1921,98,0.45,-18.0
1921,97,0.44,-18.5
1921,96,0.45,-18.5
1921,95,0.45,-17.5
1921,94,0.45,-18.5
1921,93,0.45,-17.5
1921,92,0.46,-16.5
1921,91,0.45,-17.5
1921,90,0.46,-16.5
1921,89,0.45,-17.5
1921,88,0.45,-16.5
1921,87,0.46,-15.5
1921,86,0.47,-15.5
1921,85,0.46,-15.5
1921,84,0.46,-15.5
1921,83,0.47,-14.0
1921,82,0.48,-14.0
1921,81,0.47,-14.0
1921,80,0.46,-15.0
1921,79,0.46,-16.0
1921,77,0.47,-15.0
1921,78,0.46,-15.0
1921,76,0.47,-13.0
1921,75,0.47,-13.0
1921,74,0.46,-13.5
1921,73,0.45,-14.5
1921,72,0.46,-14.5
1921,71,0.45,-14.5
1921,70,0.46,-14.5
1921,69,0.46,-13.0
1921,68,0.47,-13.0
1921,67,0.48,-10.5
1921,66,0.48,-10.5
1921,64,0.5,-10.5
1921,65,0.49,-10.5
1921,63,0.51,-9.0
1921,62,0.5,-9.0
1921,61,0.49,-8.5
1921,60,0.5,-8.5
1921,59,0.51,-8.0
1921,58,0.52,-7.0
1921,57,0.53,-7.0
1921,56,0.52,-7.0
1921,54,0.52,-6.5
1921,55,0.53,-6.5
1921,53,0.51,-7.0
1921,52,0.52,-6.0
1921,51,0.51,-7.0
1921,50,0.5,-7.0
1921,49,0.49,-8.0
1921,48,0.48,-7.5
1921,47,0.49,-7.5
1921,46,0.5,-7.0
1921,45,0.49,-7.0
1921,44,0.48,-7.0
1921,43,0.49,-6.0
1921,42,0.5,-6.0
1921,41,0.49,-7.0
1921,40,0.48,-8.0
1921,39,0.46,-9.0
1921,38,0.45,-10.0
1921,37,0.46,-9.0
1921,36,0.47,-9.0
1921,34,0.44,-9.0
1921,35,0.46,-9.0
1921,33,0.42,-9.5
1921,32,0.44,-9.5
1921,31,0.45,-8.5
1921,30,0.47,-7.5
1921,29,0.45,-6.5
1921,28,0.46,-5.5
1921,27,0.48,-4.5
1921,26,0.5,-3.5
1921,25,0.52,-3.5
1921,24,0.54,-2.5
1921,23,0.57,-1.5
1921,22,0.55,-1.5
1921,21,0.57,-1.5
1921,20,0.55,-1.5
1921,19,0.53,-2.5
1921,18,0.56,-2.5
1921,17,0.53,-4.0
1921,16,0.5,-4.0
1921,15,0.53,-4.0
1921,14,0.5,-4.0
1921,13,0.46,-4.0
1921,12,0.5,-3.5
1921,11,0.55,-3.0
1921,10,0.5,-3.0
1921,9,0.44,-3.5
1921,8,0.5,-2.5
1921,7,0.43,-2.5
1921,6,0.33,-2.5
1921,5,0.4,-1.5
1921,4,0.5,-0.5
1921,3,0.33,-1.0
1921,2,0.5,-0.5
1921,1,1.0,0.0
1920,154,0.47,-25.0
1920,153,0.47,-25.0
1920,152,0.47,-24.5
1920,151,0.46,-24.5
1920,150,0.46,-24.5
1920,149,0.46,-25.5
1920,148,0.46,-24.5
1920,147,0.46,-25.5
1920,146,0.46,-24.5
1920,145,0.46,-23.5
1920,144,0.47,-22.5
1920,143,0.46,-22.5
1920,142,0.46,-21.5
1920,141,0.47,-21.5
1920,140,0.47,-21.0
1920,139,0.47,-20.0
1920,138,0.47,-20.0
1920,137,0.47,-20.0
1920,136,0.46,-20.5
1920,135,0.47,-20.5
1920,134,0.47,-19.5
1920,133,0.47,-19.5
1920,132,0.47,-19.5
1920,131,0.47,-19.5
1920,130,0.48,-17.5
1920,129,0.48,-16.5
1920,128,0.48,-16.5
1920,127,0.48,-16.0
1920,126,0.48,-16.0
1920,125,0.48,-16.5
1920,124,0.48,-17.0
1920,123,0.47,-18.0
1920,122,0.47,-19.0
1920,121,0.47,-19.0
1920,120,0.48,-19.0
1920,119,0.48,-18.0
1920,118,0.47,-18.5
1920,116,0.47,-19.5
1920,117,0.47,-19.5
1920,115,0.47,-19.0
1920,114,0.46,-19.0
1920,113,0.46,-19.5
1920,112,0.46,-18.5
1920,111,0.46,-19.5
1920,110,0.46,-19.5
1920,109,0.46,-19.5
1920,108,0.45,-19.5
1920,106,0.44,-20.0
1920,107,0.45,-20.0
1920,105,0.45,-21.0
1920,104,0.44,-22.0
1920,103,0.45,-21.5
1920,102,0.44,-22.5
1920,101,0.45,-21.5
1920,100,0.44,-21.5
1920,99,0.44,-21.5
1920,98,0.44,-22.0
1920,97,0.43,-23.0
1920,96,0.43,-23.0
1920,95,0.43,-23.0
1920,94,0.44,-21.5
1920,93,0.43,-22.5
1920,92,0.43,-21.5
1920,91,0.44,-20.5
1920,90,0.44,-19.5
1920,89,0.45,-18.5
1920,88,0.44,-19.0
1920,87,0.45,-18.0
1920,86,0.45,-18.0
1920,85,0.46,-17.0
1920,84,0.46,-17.0
1920,83,0.46,-18.0
1920,82,0.46,-17.0
1920,81,0.46,-17.0
1920,80,0.46,-17.0
1920,79,0.47,-17.0
1920,78,0.47,-15.0
1920,77,0.48,-14.5
1920,76,0.47,-14.5
1920,75,0.47,-15.0
1920,74,0.47,-14.0
1920,73,0.48,-13.0
1920,72,0.49,-12.5
1920,71,0.48,-12.5
1920,69,0.49,-12.0
1920,70,0.49,-12.0
1920,67,0.51,-11.0
1920,68,0.5,-11.0
1920,66,0.5,-10.5
1920,65,0.49,-10.5
1920,64,0.48,-12.0
1920,63,0.48,-12.0
1920,62,0.48,-11.0
1920,61,0.49,-11.0
1920,60,0.48,-11.5
1920,59,0.49,-9.5
1920,58,0.5,-8.5
1920,57,0.51,-8.5
1920,56,0.5,-9.5
1920,55,0.51,-8.5
1920,54,0.52,-7.5
1920,53,0.53,-6.5
1920,52,0.52,-7.5
1920,51,0.51,-8.5
1920,50,0.52,-7.5
1920,49,0.51,-8.0
1920,48,0.52,-7.0
1920,47,0.53,-6.0
1920,46,0.54,-6.0
1920,45,0.56,-5.0
1920,44,0.57,-4.0
1920,43,0.56,-4.0
1920,42,0.55,-4.0
1920,41,0.54,-4.0
1920,40,0.55,-4.5
1920,39,0.56,-4.0
1920,38,0.58,-4.0
1920,37,0.59,-3.5
1920,36,0.61,-3.5
1920,35,0.6,-2.0
1920,34,0.62,-2.0
1920,33,0.64,-1.0
1920,32,0.66,0.0
1920,31,0.68,0.5
1920,30,0.67,-0.5
1920,29,0.66,-1.0
1920,28,0.64,-1.5
1920,27,0.63,-1.5
1920,26,0.62,-1.5
1920,25,0.6,-1.5
1920,24,0.62,-1.5
1920,23,0.61,-1.5
1920,22,0.64,-1.5
1920,21,0.67,-0.5
1920,20,0.65,0.5
1920,19,0.68,0.5
1920,18,0.67,0.5
1920,17,0.65,-0.5
1920,16,0.69,-0.5
1920,15,0.67,-0.5
1920,14,0.71,0.5
1920,13,0.77,1.5
1920,12,0.75,1.0
1920,11,0.73,0.0
1920,10,0.8,0.0
1920,9,0.78,-0.5
1920,8,0.88,0.5
1920,7,0.86,0.5
1920,6,0.83,0.0
1920,5,1.0,1.0
1920,4,1.0,1.0
1920,3,1.0,1.0
1920,2,1.0,0.0
1920,1,1.0,0.0
1919,138,0.48,-20.5
1919,137,0.48,-20.5
1919,136,0.49,-20.5
1919,135,0.49,-21.0
1919,134,0.49,-21.0
1919,133,0.49,-20.5
1919,132,0.48,-20.5
1919,131,0.48,-22.5
1919,130,0.48,-21.5
1919,129,0.49,-21.5
1919,128,0.48,-21.5
1919,127,0.49,-20.0
1919,126,0.49,-19.0
1919,124,0.49,-18.0
1919,125,0.5,-18.0
1919,123,0.49,-18.5
1919,122,0.48,-18.5
1919,121,0.48,-19.0
1919,120,0.48,-19.0
1919,119,0.47,-20.5
1919,118,0.47,-21.0
1919,117,0.46,-21.0
1919,116,0.46,-21.0
1919,115,0.46,-21.5
1919,114,0.46,-21.5
1919,113,0.45,-21.5
1919,112,0.46,-21.5
1919,111,0.46,-20.0
1919,110,0.45,-21.0
1919,109,0.45,-21.0
1919,108,0.45,-20.0
1919,107,0.46,-19.0
1919,106,0.45,-19.0
1919,105,0.46,-18.0
1919,104,0.46,-17.0
1919,103,0.47,-16.0
1919,102,0.46,-16.0
1919,101,0.46,-16.5
1919,100,0.46,-15.5
1919,99,0.46,-14.5
1919,98,0.46,-15.5
1919,97,0.46,-15.0
1919,95,0.45,-14.5
1919,96,0.46,-14.5
1919,94,0.46,-15.0
1919,93,0.46,-14.5
1919,92,0.46,-15.0
1919,91,0.45,-15.5
1919,90,0.44,-16.5
1919,89,0.45,-16.5
1919,88,0.44,-16.5
1919,87,0.44,-16.5
1919,86,0.43,-16.5
1919,85,0.44,-16.5
1919,84,0.44,-16.5
1919,83,0.43,-17.5
1919,82,0.44,-17.5
1919,81,0.43,-17.5
1919,80,0.42,-17.5
1919,79,0.42,-18.0
1919,78,0.42,-18.0
1919,77,0.43,-16.5
1919,76,0.42,-16.5
1919,75,0.43,-15.5
1919,74,0.42,-15.5
1919,73,0.42,-15.5
1919,72,0.43,-15.5
1919,71,0.44,-14.5
1919,70,0.44,-13.5
1919,69,0.45,-12.5
1919,67,0.45,-13.0
1919,68,0.44,-13.0
1919,66,0.45,-11.5
1919,65,0.46,-11.0
1919,64,0.45,-11.0
1919,63,0.44,-12.0
1919,62,0.45,-12.0
1919,61,0.46,-11.0
1919,60,0.45,-11.0
1919,59,0.44,-11.0
1919,58,0.43,-12.0
1919,57,0.42,-13.0
1919,56,0.43,-12.0
1919,55,0.44,-12.0
1919,54,0.44,-10.0
1919,52,0.44,-11.0
1919,53,0.43,-11.0
1919,51,0.43,-11.0
1919,50,0.44,-10.5
1919,49,0.43,-10.5
1919,48,0.44,-10.0
1919,47,0.43,-10.0
1919,46,0.43,-9.5
1919,45,0.44,-9.5
1919,44,0.45,-10.0
1919,43,0.44,-10.0
1919,42,0.43,-10.0
1919,40,0.45,-10.0
1919,41,0.44,-10.0
1919,39,0.46,-8.5
1919,38,0.47,-7.5
1919,37,0.49,-6.5
1919,36,0.47,-7.5
1919,35,0.46,-8.5
1919,34,0.47,-7.5
1919,33,0.48,-7.0
1919,32,0.5,-7.0
1919,31,0.48,-7.5
1919,30,0.47,-7.5
1919,29,0.45,-8.0
1919,28,0.43,-9.0
1919,27,0.44,-10.0
1919,26,0.42,-10.0
1919,25,0.44,-10.0
1919,24,0.42,-9.0
1919,23,0.39,-9.5
1919,22,0.41,-8.5
1919,21,0.43,-7.5
1919,20,0.45,-6.5
1919,19,0.47,-6.0
1919,18,0.5,-5.0
1919,17,0.53,-4.5
1919,16,0.5,-4.5
1919,15,0.53,-3.5
1919,14,0.57,-3.5
1919,13,0.62,-2.5
1919,12,0.58,-3.5
1919,11,0.64,-2.5
1919,10,0.6,-2.0
1919,9,0.56,-2.0
1919,8,0.62,-1.0
1919,7,0.57,-1.5
1919,6,0.67,-1.5
1919,5,0.8,-1.0
1919,4,0.75,-1.0
1919,3,1.0,0.0
1919,2,1.0,-0.5
1919,1,1.0,0.0
1918,126,0.6,2.5
1918,125,0.6,2.5
1918,124,0.6,3.0
1918,123,0.6,3.0
1918,122,0.6,3.5
1918,121,0.6,3.5
1918,120,0.59,3.5
1918,119,0.59,2.5
1918,118,0.59,3.5
1918,117,0.6,4.0
1918,116,0.59,3.0
1918,115,0.59,3.0
1918,114,0.6,3.0
1918,113,0.59,3.0
1918,112,0.6,4.0
1918,111,0.59,3.0
1918,110,0.59,2.0
1918,109,0.59,2.0
1918,108,0.59,2.0
1918,107,0.59,2.0
1918,106,0.59,3.0
1918,105,0.6,3.0
1918,104,0.61,3.5
1918,103,0.6,3.5
1918,102,0.61,3.5
1918,100,0.61,3.5
1918,101,0.6,3.5
1918,99,0.61,3.5
1918,98,0.61,4.5
1918,97,0.62,5.5
1918,96,0.61,4.5
1918,95,0.61,4.5
1918,94,0.61,5.0
1918,93,0.6,4.5
1918,92,0.61,5.0
1918,91,0.6,5.0
1918,90,0.61,6.0
1918,88,0.61,6.5
1918,89,0.62,6.5
1918,87,0.61,6.0
1918,86,0.6,5.5
1918,85,0.6,4.5
1918,84,0.61,5.5
1918,83,0.6,5.5
1918,82,0.6,4.0
1918,81,0.59,3.0
1918,80,0.59,2.5
1918,79,0.59,3.5
1918,78,0.59,2.5
1918,77,0.58,2.5
1918,76,0.58,1.5
1918,75,0.57,0.5
1918,74,0.58,0.5
1918,73,0.58,0.5
1918,72,0.57,-0.5
1918,71,0.56,-1.0
1918,70,0.57,-1.0
1918,69,0.57,0.0
1918,68,0.57,0.0
1918,67,0.58,0.5
1918,66,0.58,0.0
1918,65,0.57,-1.0
1918,64,0.58,0.0
1918,63,0.59,1.0
1918,62,0.6,2.0
1918,61,0.59,1.0
1918,60,0.6,2.5
1918,59,0.59,1.5
1918,58,0.59,1.5
1918,57,0.6,1.0
1918,56,0.61,2.0
1918,55,0.6,1.5
1918,54,0.61,2.5
1918,53,0.6,1.5
1918,52,0.62,2.5
1918,51,0.61,2.5
1918,50,0.6,1.5
1918,49,0.61,1.5
1918,48,0.6,1.0
1918,47,0.6,0.0
1918,46,0.61,1.0
1918,45,0.62,2.0
1918,44,0.61,2.0
1918,43,0.63,3.0
1918,42,0.62,2.0
1918,41,0.61,1.0
1918,40,0.62,1.0
1918,39,0.64,2.0
1918,38,0.66,2.0
1918,37,0.65,2.5
1918,36,0.64,2.5
1918,35,0.63,2.5
1918,34,0.62,1.5
1918,33,0.64,3.0
1918,32,0.62,2.0
1918,31,0.61,2.0
1918,30,0.63,2.5
1918,29,0.66,3.0
1918,28,0.64,2.5
1918,27,0.63,1.5
1918,26,0.62,1.5
1918,25,0.6,1.5
1918,24,0.58,0.5
1918,23,0.57,0.0
1918,22,0.59,0.0
1918,21,0.57,0.0
1918,20,0.6,1.0
1918,19,0.63,1.0
1918,18,0.67,2.0
1918,17,0.71,1.5
1918,16,0.75,1.5
1918,15,0.8,2.5
1918,14,0.79,2.5
1918,13,0.85,3.0
1918,12,0.83,2.0
1918,11,0.82,2.0
1918,10,0.8,1.5
1918,9,0.78,1.5
1918,8,0.88,1.5
1918,7,0.86,1.5
1918,6,1.0,2.0
1918,5,1.0,2.0
1918,4,1.0,2.0
1918,3,1.0,1.0
1918,2,1.0,0.5
1918,1,1.0,0.0
1917,157,0.57,-9.0
1917,156,0.58,-8.5
1917,155,0.58,-8.0
1917,154,0.58,-8.0
1917,153,0.58,-8.5
1917,152,0.58,-8.5
1917,151,0.58,-9.5
1917,150,0.58,-8.5
1917,149,0.58,-8.5
1917,148,0.58,-8.5
1917,147,0.58,-9.5
1917,146,0.58,-10.5
1917,145,0.58,-9.5
1917,144,0.58,-8.5
1917,143,0.59,-8.5
1917,142,0.59,-7.5
1917,141,0.59,-7.5
1917,140,0.59,-8.0
1917,139,0.58,-8.0
1917,138,0.59,-7.5
1917,137,0.59,-7.5
1917,135,0.59,-7.0
1917,136,0.6,-7.0
1917,134,0.6,-6.0
1917,133,0.59,-6.5
1917,132,0.59,-7.0
1917,131,0.59,-7.0
1917,130,0.59,-7.0
1917,129,0.59,-6.5
1917,128,0.59,-6.5
1917,127,0.6,-3.5
1917,126,0.6,-4.5
1917,125,0.59,-4.5
1917,124,0.59,-5.0
1917,123,0.59,-3.0
1917,122,0.6,-2.0
1917,121,0.6,-2.0
1917,120,0.59,-2.0
1917,119,0.59,-2.0
1917,118,0.58,-3.0
1917,117,0.59,-2.0
1917,116,0.59,-2.0
1917,115,0.59,-2.0
1917,114,0.6,-1.0
1917,113,0.59,-1.0
1917,112,0.6,-0.5
1917,111,0.59,-1.5
1917,110,0.59,-1.5
1917,109,0.6,-1.0
1917,108,0.59,-1.0
1917,107,0.6,-1.0
1917,106,0.59,-1.5
1917,105,0.59,-1.5
1917,104,0.59,-2.5
1917,103,0.59,-2.5
1917,102,0.59,-3.5
1917,101,0.59,-3.5
1917,100,0.59,-3.0
1917,99,0.6,-2.0
1917,98,0.6,-1.0
1917,97,0.61,0.0
1917,96,0.6,-1.0
1917,95,0.6,-2.0
1917,94,0.6,-2.0
1917,93,0.59,-3.5
1917,92,0.59,-3.5
1917,91,0.58,-5.0
1917,90,0.58,-4.5
1917,89,0.58,-3.5
1917,88,0.59,-2.5
1917,87,0.6,-2.5
1917,86,0.6,-1.5
1917,85,0.6,-2.5
1917,84,0.6,-2.0
1917,83,0.6,-0.5
1917,82,0.61,0.0
1917,81,0.6,0.0
1917,80,0.6,-1.5
1917,79,0.59,-1.5
1917,78,0.6,-1.5
1917,77,0.61,0.0
1917,76,0.61,-1.0
1917,75,0.61,-1.0
1917,74,0.62,0.0
1917,73,0.63,-0.5
1917,72,0.62,-0.5
1917,71,0.62,-2.0
1917,70,0.61,-2.0
1917,69,0.61,-2.0
1917,68,0.6,-2.0
1917,67,0.61,-1.5
1917,66,0.62,-1.5
1917,65,0.62,-2.5
1917,64,0.61,-2.5
1917,63,0.6,-2.5
1917,62,0.6,-4.0
1917,61,0.61,-2.5
1917,59,0.61,-2.0
1917,60,0.62,-2.0
1917,58,0.62,-1.5
1917,57,0.61,-1.5
1917,56,0.61,-2.0
1917,55,0.6,-2.0
1917,54,0.61,-2.0
1917,53,0.6,-2.0
1917,52,0.62,-1.5
1917,51,0.61,-1.5
1917,50,0.6,-3.5
1917,49,0.61,-2.5
1917,48,0.62,-1.5
1917,46,0.65,-1.0
1917,47,0.64,-1.0
1917,45,0.64,-1.5
1917,44,0.66,-0.5
1917,43,0.67,0.0
1917,42,0.69,0.0
1917,41,0.68,0.0
1917,40,0.68,0.0
1917,39,0.69,1.0
1917,38,0.71,1.5
1917,37,0.7,1.0
1917,36,0.69,1.0
1917,34,0.68,0.0
1917,35,0.69,0.0
1917,33,0.67,-0.5
1917,32,0.69,0.0
1917,31,0.68,-0.5
1917,30,0.67,-0.5
1917,29,0.66,-0.5
1917,28,0.64,-0.5
1917,27,0.63,-1.5
1917,26,0.65,-0.5
1917,25,0.68,0.5
1917,24,0.71,1.5
1917,23,0.7,1.5
1917,22,0.68,1.5
1917,21,0.71,2.5
1917,20,0.75,3.0
1917,19,0.74,2.0
1917,18,0.72,2.0
1917,17,0.71,1.5
1917,16,0.75,1.5
1917,15,0.73,2.0
1917,14,0.71,1.0
1917,13,0.69,0.5
1917,12,0.67,-0.5
1917,11,0.64,-1.5
1917,10,0.6,-2.5
1917,9,0.67,-1.5
1917,8,0.75,-0.5
1917,7,0.71,0.0
1917,6,0.83,0.0
1917,5,0.8,-0.5
1917,4,0.75,-0.5
1917,3,0.67,0.0
1917,2,1.0,0.0
1917,1,1.0,0.0
1916,155,0.59,2.0
1916,156,0.58,2.0
1916,154,0.59,3.0
1916,153,0.59,2.5
1916,152,0.59,3.0
1916,151,0.58,2.5
1916,150,0.59,3.0
1916,149,0.58,2.5
1916,148,0.58,2.5
1916,147,0.59,3.5
1916,146,0.58,2.5
1916,145,0.58,2.5
1916,144,0.58,1.5
1916,143,0.57,1.0
1916,142,0.57,0.0
1916,141,0.57,-1.0
1916,140,0.56,-1.0
1916,139,0.57,0.0
1916,138,0.57,0.0
1916,137,0.57,0.5
1916,136,0.57,1.5
1916,135,0.57,1.0
1916,134,0.57,1.0
1916,133,0.57,1.5
1916,132,0.58,2.0
1916,131,0.57,1.0
1916,130,0.57,1.0
1916,129,0.57,1.0
1916,128,0.57,1.0
1916,127,0.57,1.0
1916,126,0.57,2.5
1916,125,0.57,2.5
1916,124,0.57,3.0
1916,123,0.58,4.0
1916,121,0.58,3.0
1916,122,0.57,3.0
1916,120,0.58,5.0
1916,119,0.59,6.0
1916,118,0.59,6.5
1916,117,0.59,5.5
1916,116,0.59,4.5
1916,115,0.58,3.5
1916,114,0.58,2.5
1916,113,0.58,2.5
1916,112,0.58,3.5
1916,111,0.59,3.5
1916,110,0.58,3.5
1916,109,0.58,2.0
1916,108,0.57,1.5
1916,107,0.58,2.0
1916,106,0.58,1.0
1916,105,0.57,0.5
1916,104,0.57,-0.5
1916,103,0.56,-1.5
1916,102,0.57,-0.5
1916,101,0.56,-1.5
1916,100,0.57,-1.5
1916,99,0.57,-1.0
1916,98,0.57,-0.5
1916,97,0.58,0.0
1916,96,0.57,0.0
1916,95,0.57,0.5
1916,94,0.56,0.5
1916,93,0.56,-0.5
1916,92,0.57,-0.5
1916,91,0.57,-0.5
1916,90,0.57,-0.5
1916,89,0.56,-0.5
1916,88,0.56,-1.5
1916,87,0.56,-1.5
1916,86,0.56,-1.5
1916,85,0.56,-1.0
1916,84,0.57,-1.0
1916,83,0.57,-1.0
1916,82,0.56,-1.0
1916,81,0.56,-2.0
1916,79,0.54,-1.5
1916,80,0.55,-1.5
1916,78,0.55,-2.0
1916,77,0.56,-2.0
1916,76,0.55,-2.0
1916,75,0.55,-3.5
1916,74,0.54,-3.5
1916,73,0.53,-4.5
1916,72,0.54,-4.5
1916,71,0.55,-4.0
1916,70,0.56,-4.0
1916,69,0.55,-4.0
1916,67,0.54,-3.5
1916,68,0.54,-3.5
1916,66,0.53,-4.5
1916,65,0.52,-4.5
1916,64,0.53,-3.5
1916,63,0.52,-3.5
1916,62,0.53,-2.5
1916,61,0.54,-2.0
1916,60,0.53,-3.0
1916,58,0.53,-2.5
1916,59,0.54,-2.5
1916,57,0.53,-3.0
1916,56,0.52,-3.5
1916,55,0.51,-3.5
1916,54,0.5,-4.5
1916,53,0.51,-5.0
1916,52,0.5,-6.0
1916,51,0.51,-6.0
1916,50,0.52,-5.5
1916,49,0.51,-5.5
1916,48,0.52,-5.0
1916,47,0.51,-5.0
1916,46,0.52,-3.5
1916,45,0.51,-3.5
1916,44,0.52,-3.5
1916,43,0.53,-3.0
1916,42,0.52,-4.0
1916,41,0.54,-3.0
1916,40,0.55,-2.5
1916,39,0.54,-3.0
1916,38,0.53,-4.0
1916,37,0.51,-4.0
1916,36,0.5,-6.0
1916,35,0.49,-6.5
1916,34,0.5,-5.5
1916,33,0.52,-5.5
1916,32,0.53,-4.0
1916,31,0.52,-4.5
1916,30,0.5,-5.0
1916,29,0.48,-6.0
1916,28,0.46,-7.0
1916,27,0.48,-6.0
1916,26,0.5,-4.5
1916,25,0.48,-4.5
1916,24,0.5,-3.5
1916,23,0.48,-4.5
1916,22,0.5,-3.5
1916,21,0.48,-4.5
1916,20,0.5,-3.0
1916,19,0.53,-2.0
1916,18,0.56,-1.5
1916,17,0.53,-1.5
1916,16,0.56,-0.5
1916,15,0.6,-0.5
1916,14,0.64,0.5
1916,13,0.62,0.5
1916,12,0.67,1.5
1916,11,0.64,0.5
1916,10,0.6,-0.5
1916,9,0.67,0.5
1916,8,0.75,1.5
1916,7,0.71,0.5
1916,6,0.67,0.5
1916,5,0.8,0.0
1916,4,1.0,1.0
1916,3,1.0,0.5
1916,2,1.0,0.0
1916,1,1.0,0.0
1915,155,0.65,2.5
1915,154,0.66,3.0
1915,153,0.65,3.0
1915,151,0.66,2.0
1915,152,0.65,2.0
1915,150,0.66,3.5
1915,149,0.66,3.5
1915,148,0.67,4.0
1915,147,0.67,4.0
1915,146,0.66,4.5
1915,145,0.67,4.5
1915,144,0.67,4.5
1915,142,0.66,4.0
1915,143,0.66,4.0
1915,141,0.66,4.0
1915,140,0.66,3.0
1915,139,0.65,2.0
1915,138,0.65,1.0
1915,137,0.66,2.0
1915,136,0.66,3.0
1915,134,0.66,3.0
1915,135,0.66,3.0
1915,133,0.65,2.5
1915,132,0.65,2.5
1915,131,0.65,1.5
1915,130,0.65,1.5
1915,129,0.64,1.5
1915,128,0.65,1.0
1915,127,0.65,1.0
1915,126,0.66,1.0
1915,125,0.66,3.0
1915,124,0.66,2.5
1915,123,0.66,1.5
1915,122,0.66,1.5
1915,121,0.65,2.0
1915,120,0.65,2.0
1915,119,0.65,2.0
1915,118,0.64,1.0
1915,117,0.65,2.5
1915,116,0.66,3.5
1915,115,0.65,2.5
1915,114,0.65,1.5
1915,113,0.65,1.0
1915,112,0.64,1.0
1915,111,0.64,0.0
1915,110,0.64,-0.5
1915,109,0.63,-0.5
1915,108,0.64,0.5
1915,107,0.64,2.5
1915,106,0.64,3.5
1915,105,0.64,3.5
1915,104,0.63,3.0
1915,103,0.63,2.5
1915,102,0.63,2.5
1915,101,0.62,1.0
1915,100,0.62,1.0
1915,99,0.63,1.5
1915,98,0.62,1.5
1915,97,0.62,1.5
1915,96,0.61,1.5
1915,95,0.61,1.0
1915,94,0.62,1.0
1915,93,0.61,0.0
1915,92,0.62,1.0
1915,91,0.63,2.0
1915,90,0.62,1.0
1915,89,0.63,1.0
1915,88,0.64,1.5
1915,87,0.64,1.5
1915,86,0.64,1.5
1915,85,0.64,1.5
1915,84,0.63,2.0
1915,83,0.63,1.0
1915,82,0.62,0.5
1915,81,0.62,-0.5
1915,80,0.61,-1.5
1915,79,0.62,-1.5
1915,78,0.62,-1.0
1915,76,0.61,-2.0
1915,77,0.61,-2.0
1915,74,0.62,-1.5
1915,75,0.61,-1.5
1915,73,0.62,-1.0
1915,72,0.61,-2.0
1915,71,0.62,-1.5
1915,70,0.61,-2.0
1915,69,0.62,-1.0
1915,68,0.62,-1.0
1915,67,0.61,-2.0
1915,66,0.61,-2.0
1915,65,0.6,-2.5
1915,64,0.59,-2.5
1915,63,0.59,-5.0
1915,62,0.58,-5.0
1915,61,0.59,-5.5
1915,60,0.58,-5.5
1915,59,0.58,-6.0
1915,58,0.57,-6.0
1915,57,0.56,-6.0
1915,55,0.56,-5.0
1915,56,0.57,-5.0
1915,54,0.57,-5.5
1915,53,0.57,-6.0
1915,52,0.56,-6.0
1915,51,0.57,-4.5
1915,50,0.58,-3.5
1915,49,0.59,-3.5
1915,48,0.58,-2.5
1915,47,0.6,-2.0
1915,46,0.59,-2.0
1915,45,0.58,-2.0
1915,44,0.57,-3.0
1915,43,0.56,-3.0
1915,42,0.55,-4.0
1915,41,0.54,-5.0
1915,40,0.52,-5.0
1915,39,0.54,-4.0
1915,38,0.55,-4.0
1915,37,0.54,-4.0
1915,36,0.53,-5.0
1915,35,0.54,-4.0
1915,34,0.53,-5.0
1915,32,0.5,-5.0
1915,33,0.52,-5.0
1915,31,0.48,-6.5
1915,30,0.47,-6.5
1915,29,0.48,-6.5
1915,28,0.46,-6.0
1915,27,0.48,-5.0
1915,26,0.5,-4.0
1915,25,0.52,-3.0
1915,24,0.54,-2.5
1915,23,0.57,-2.0
1915,22,0.55,-2.5
1915,21,0.52,-3.5
1915,20,0.5,-4.5
1915,19,0.47,-5.5
1915,18,0.5,-4.5
1915,17,0.47,-4.5
1915,16,0.5,-4.5
1915,15,0.47,-4.5
1915,14,0.5,-4.0
1915,13,0.46,-4.0
1915,12,0.42,-4.5
1915,11,0.45,-3.0
1915,10,0.5,-2.0
1915,9,0.44,-3.5
1915,8,0.5,-2.0
1915,7,0.43,-2.0
1915,6,0.5,-1.0
1915,5,0.4,-1.0
1915,4,0.5,0.5
1915,3,0.33,-0.5
1915,2,0.5,-1.0
1915,1,0.0,-1.0
1914,159,0.57,-8.5
1914,158,0.58,-7.5
1914,157,0.57,-8.5
1914,156,0.58,-7.5
1914,155,0.58,-7.5
1914,154,0.58,-8.5
1914,153,0.58,-8.5
1914,152,0.58,-7.5
1914,151,0.58,-8.5
1914,150,0.58,-8.5
1914,149,0.58,-8.0
1914,148,0.58,-8.0
1914,147,0.59,-6.5
1914,146,0.59,-5.5
1914,145,0.59,-5.5
1914,144,0.58,-5.5
1914,143,0.58,-6.0
1914,141,0.58,-6.5
1914,142,0.58,-6.5
1914,140,0.58,-7.0
1914,139,0.58,-7.0
1914,138,0.58,-8.0
1914,137,0.58,-8.0
1914,135,0.57,-8.0
1914,136,0.57,-8.0
1914,134,0.57,-8.0
1914,133,0.58,-8.0
1914,132,0.58,-7.0
1914,131,0.58,-8.0
1914,130,0.58,-8.5
1914,129,0.58,-8.5
1914,128,0.58,-8.5
1914,127,0.57,-9.5
1914,126,0.57,-10.5
1914,125,0.57,-10.5
1914,124,0.56,-12.5
1914,123,0.56,-12.5
1914,122,0.57,-12.5
1914,121,0.56,-12.5
1914,120,0.56,-13.0
1914,119,0.56,-13.0
1914,118,0.56,-12.5
1914,117,0.56,-12.5
1914,116,0.56,-12.5
1914,115,0.56,-12.5
1914,114,0.56,-11.0
1914,113,0.56,-10.5
1914,112,0.55,-11.0
1914,110,0.55,-11.0
1914,111,0.55,-11.0
1914,109,0.54,-11.0
1914,108,0.54,-11.0
1914,107,0.54,-11.0
1914,106,0.55,-9.5
1914,105,0.54,-9.5
1914,104,0.54,-9.5
1914,103,0.54,-8.5
1914,102,0.54,-8.5
1914,101,0.54,-7.5
1914,100,0.55,-7.5
1914,99,0.56,-6.5
1914,98,0.55,-6.5
1914,97,0.55,-6.5
1914,96,0.54,-6.5
1914,95,0.54,-6.5
1914,94,0.54,-6.5
1914,93,0.54,-6.5
1914,92,0.53,-6.5
1914,91,0.53,-6.0
1914,90,0.52,-6.0
1914,89,0.52,-6.5
1914,88,0.52,-5.5
1914,87,0.52,-5.5
1914,86,0.52,-4.0
1914,85,0.52,-4.5
1914,84,0.52,-3.5
1914,83,0.52,-4.0
1914,82,0.51,-4.5
1914,81,0.51,-5.0
1914,80,0.5,-5.5
1914,79,0.49,-6.0
1914,78,0.5,-6.5
1914,77,0.51,-6.5
1914,76,0.51,-5.0
1914,75,0.52,-4.0
1914,74,0.53,-4.0
1914,73,0.52,-4.0
1914,72,0.51,-4.0
1914,71,0.52,-3.0
1914,70,0.51,-3.0
1914,69,0.51,-5.0
1914,68,0.5,-6.0
1914,67,0.51,-6.0
1914,66,0.5,-6.0
1914,65,0.49,-6.0
1914,63,0.48,-5.5
1914,64,0.48,-5.5
1914,62,0.48,-5.5
1914,61,0.49,-5.5
1914,60,0.48,-6.5
1914,59,0.49,-5.5
1914,58,0.5,-5.5
1914,57,0.51,-4.5
1914,56,0.52,-4.5
1914,55,0.51,-5.5
1914,54,0.52,-5.5
1914,53,0.51,-5.5
1914,52,0.5,-5.5
1914,51,0.49,-5.5
1914,50,0.48,-5.5
1914,49,0.49,-4.5
1914,48,0.5,-4.5
1914,47,0.49,-4.5
1914,46,0.48,-4.5
1914,45,0.47,-5.5
1914,44,0.45,-6.5
1914,43,0.44,-6.5
1914,42,0.45,-6.5
1914,41,0.46,-4.5
1914,40,0.48,-4.5
1914,39,0.46,-4.5
1914,38,0.45,-5.0
1914,37,0.43,-5.0
1914,36,0.44,-5.0
1914,35,0.43,-5.0
1914,34,0.44,-5.0
1914,33,0.45,-5.0
1914,32,0.44,-5.0
1914,31,0.45,-4.5
1914,30,0.47,-4.5
1914,29,0.45,-5.5
1914,28,0.43,-6.5
1914,27,0.44,-5.5
1914,26,0.46,-4.5
1914,25,0.44,-5.5
1914,24,0.42,-6.5
1914,23,0.39,-7.5
1914,22,0.41,-6.5
1914,21,0.38,-6.5
1914,20,0.35,-6.5
1914,19,0.37,-6.5
1914,18,0.39,-5.5
1914,17,0.35,-5.5
1914,16,0.31,-6.0
1914,15,0.33,-5.5
1914,14,0.29,-5.0
1914,13,0.31,-5.0
1914,12,0.33,-3.5
1914,11,0.36,-2.0
1914,10,0.4,-2.5
1914,9,0.33,-3.0
1914,8,0.25,-4.0
1914,7,0.29,-3.5
1914,6,0.33,-3.0
1914,5,0.4,-3.0
1914,4,0.5,-2.5
1914,3,0.33,-2.5
1914,2,0.5,-1.0
1914,1,0.0,-1.0
1913,151,0.52,-15.5
1913,150,0.53,-15.5
1913,149,0.53,-15.5
1913,148,0.53,-16.0
1913,147,0.52,-16.0
1913,145,0.52,-17.5
1913,146,0.52,-17.5
1913,144,0.53,-17.0
1913,143,0.52,-18.0
1913,142,0.52,-19.0
1913,141,0.52,-20.0
1913,140,0.52,-19.0
1913,139,0.53,-19.0
1913,138,0.52,-17.0
1913,137,0.52,-18.0
1913,136,0.52,-17.0
1913,135,0.52,-17.0
1913,134,0.51,-17.0
1913,133,0.51,-18.0
1913,132,0.51,-18.0
1913,131,0.51,-17.0
1913,130,0.51,-18.0
1913,129,0.5,-19.0
1913,128,0.51,-18.0
1913,126,0.5,-19.0
1913,127,0.5,-19.0
1913,125,0.5,-21.0
1913,124,0.5,-20.0
1913,123,0.5,-21.0
1913,122,0.49,-21.0
1913,121,0.49,-21.0
1913,120,0.49,-21.0
1913,119,0.5,-21.0
1913,118,0.49,-21.0
1913,117,0.49,-21.0
1913,116,0.49,-20.0
1913,115,0.49,-20.0
1913,114,0.48,-21.0
1913,113,0.48,-21.0
1913,112,0.47,-21.0
1913,111,0.48,-20.0
1913,110,0.48,-19.0
1913,109,0.49,-19.0
1913,108,0.49,-19.0
1913,107,0.49,-20.0
1913,106,0.48,-20.0
1913,105,0.48,-21.5
1913,104,0.48,-20.5
1913,103,0.49,-20.5
1913,102,0.48,-21.5
1913,101,0.48,-21.5
1913,100,0.47,-21.5
1913,99,0.47,-21.5
1913,97,0.47,-21.5
1913,98,0.47,-21.5
1913,96,0.48,-20.0
1913,95,0.48,-20.0
1913,94,0.49,-20.0
1913,93,0.49,-19.0
1913,92,0.49,-19.0
1913,91,0.48,-19.5
1913,90,0.48,-20.5
1913,89,0.47,-20.5
1913,88,0.48,-19.5
1913,87,0.48,-19.5
1913,86,0.49,-18.5
1913,85,0.48,-18.5
1913,84,0.48,-18.5
1913,83,0.48,-18.5
1913,82,0.49,-18.0
1913,81,0.48,-18.5
1913,80,0.49,-17.5
1913,79,0.49,-17.5
1913,77,0.49,-18.0
1913,78,0.5,-18.0
1913,76,0.5,-17.5
1913,75,0.51,-16.5
1913,74,0.5,-17.5
1913,72,0.49,-17.5
1913,73,0.49,-17.5
1913,71,0.49,-17.5
1913,69,0.51,-16.5
1913,70,0.5,-16.5
1913,68,0.5,-16.5
1913,67,0.51,-15.5
1913,66,0.52,-14.5
1913,65,0.52,-13.5
1913,64,0.53,-12.5
1913,63,0.54,-12.5
1913,62,0.53,-13.0
1913,61,0.52,-13.0
1913,60,0.52,-13.0
1913,59,0.53,-12.0
1913,58,0.53,-11.0
1913,57,0.53,-12.0
1913,56,0.52,-13.0
1913,55,0.51,-13.0
1913,54,0.5,-14.0
1913,53,0.51,-14.0
1913,52,0.5,-13.5
1913,51,0.49,-13.5
1913,50,0.48,-14.5
1913,49,0.47,-14.5
1913,48,0.46,-14.5
1913,47,0.47,-14.5
1913,46,0.46,-14.5
1913,45,0.44,-14.0
1913,44,0.43,-14.0
1913,43,0.44,-13.0
1913,42,0.45,-12.0
1913,40,0.42,-12.0
1913,41,0.44,-12.0
1913,39,0.41,-12.0
1913,38,0.42,-11.0
1913,37,0.41,-11.0
1913,36,0.42,-10.0
1913,35,0.43,-8.0
1913,34,0.41,-8.5
1913,33,0.42,-8.0
1913,32,0.44,-7.0
1913,31,0.42,-8.0
1913,30,0.4,-9.0
1913,29,0.41,-8.0
1913,28,0.43,-8.0
1913,27,0.41,-8.0
1913,26,0.38,-9.0
1913,25,0.4,-8.5
1913,24,0.38,-9.0
1913,23,0.39,-8.0
1913,22,0.36,-9.0
1913,21,0.38,-8.0
1913,20,0.35,-9.0
1913,19,0.37,-8.0
1913,18,0.39,-7.0
1913,17,0.41,-6.0
1913,16,0.44,-5.0
1913,15,0.47,-4.0
1913,14,0.43,-4.0
1913,13,0.38,-5.0
1913,12,0.33,-5.0
1913,11,0.36,-4.0
1913,10,0.3,-4.5
1913,9,0.33,-4.0
1913,8,0.25,-4.5
1913,7,0.29,-3.5
1913,6,0.33,-2.5
1913,5,0.2,-3.0
1913,4,0.25,-2.0
1913,3,0.33,-1.5
1913,2,0.0,-2.0
1913,1,0.0,-1.0
1912,154,0.68,14.0
1912,153,0.68,13.0
1912,152,0.68,14.0
1912,151,0.68,14.0
1912,150,0.68,13.0
1912,149,0.68,12.0
1912,148,0.68,13.5
1912,147,0.68,13.0
1912,146,0.68,12.5
1912,145,0.68,12.5
1912,144,0.68,13.5
1912,143,0.68,13.0
1912,142,0.68,13.0
1912,141,0.69,13.0
1912,140,0.69,15.0
1912,139,0.7,15.0
1912,137,0.7,16.5
1912,138,0.7,16.5
1912,136,0.71,15.5
1912,135,0.7,14.5
1912,134,0.7,14.5
1912,133,0.7,14.5
1912,132,0.7,13.5
1912,131,0.7,14.5
1912,130,0.7,14.5
1912,129,0.7,13.5
1912,128,0.7,13.0
1912,127,0.69,13.0
1912,126,0.69,11.0
1912,125,0.69,10.0
1912,124,0.69,10.0
1912,123,0.68,10.0
1912,122,0.68,10.0
1912,121,0.68,8.5
1912,120,0.68,8.0
1912,119,0.69,8.5
1912,118,0.69,8.0
1912,117,0.68,8.5
1912,116,0.68,7.5
1912,115,0.69,8.5
1912,114,0.68,9.0
1912,113,0.68,8.5
1912,112,0.68,8.5
1912,111,0.68,9.5
1912,110,0.68,9.5
1912,109,0.68,9.5
1912,108,0.68,7.5
1912,107,0.68,8.5
1912,106,0.68,7.0
1912,105,0.68,6.5
1912,104,0.67,5.5
1912,103,0.68,6.0
1912,102,0.68,5.0
1912,101,0.68,6.0
1912,100,0.68,6.0
1912,99,0.69,6.0
1912,98,0.68,6.0
1912,97,0.69,7.0
1912,96,0.69,6.0
1912,95,0.69,6.5
1912,94,0.69,6.0
1912,93,0.69,6.5
1912,92,0.68,7.0
1912,91,0.69,7.5
1912,90,0.7,8.0
1912,89,0.7,7.0
1912,88,0.69,7.0
1912,87,0.69,6.5
1912,86,0.69,6.5
1912,85,0.68,6.5
1912,84,0.68,6.5
1912,83,0.69,6.5
1912,82,0.68,6.5
1912,81,0.69,6.5
1912,80,0.69,6.5
1912,79,0.68,6.5
1912,78,0.68,5.5
1912,77,0.69,6.5
1912,76,0.68,7.0
1912,75,0.68,6.5
1912,74,0.68,6.5
1912,73,0.67,6.5
1912,72,0.68,7.0
1912,71,0.68,7.0
1912,70,0.69,7.0
1912,69,0.68,6.0
1912,68,0.69,6.0
1912,66,0.68,6.0
1912,67,0.69,6.0
1912,64,0.67,5.5
1912,65,0.68,5.5
1912,63,0.67,5.0
1912,62,0.68,5.5
1912,61,0.67,5.5
1912,60,0.68,5.5
1912,59,0.68,4.5
1912,58,0.67,4.5
1912,57,0.67,4.0
1912,56,0.66,4.0
1912,55,0.65,3.0
1912,54,0.65,2.0
1912,53,0.64,1.5
1912,52,0.63,1.0
1912,51,0.63,0.0
1912,50,0.64,1.0
1912,49,0.63,1.0
1912,48,0.62,0.0
1912,47,0.62,-1.0
1912,46,0.61,-1.0
1912,45,0.6,-2.0
1912,44,0.61,-2.0
1912,43,0.6,-3.0
1912,42,0.62,-3.0
1912,41,0.63,-2.0
1912,40,0.65,-2.0
1912,39,0.64,-3.0
1912,38,0.66,-2.0
1912,37,0.68,-2.0
1912,36,0.67,-2.0
1912,35,0.66,-2.0
1912,34,0.65,-4.0
1912,33,0.64,-4.0
1912,32,0.66,-4.0
1912,31,0.68,-3.0
1912,30,0.67,-3.5
1912,29,0.66,-3.5
1912,28,0.64,-3.5
1912,27,0.63,-4.5
1912,26,0.62,-5.5
1912,25,0.64,-4.5
1912,24,0.67,-3.5
1912,23,0.65,-4.5
1912,22,0.64,-4.5
1912,21,0.62,-4.5
1912,20,0.6,-4.5
1912,19,0.63,-3.5
1912,18,0.61,-3.0
1912,17,0.59,-2.5
1912,16,0.62,-2.5
1912,15,0.67,-1.5
1912,14,0.64,-1.5
1912,13,0.69,-0.5
1912,12,0.67,-1.5
1912,11,0.73,-0.5
1912,10,0.7,-0.5
1912,9,0.67,-1.0
1912,8,0.62,-1.0
1912,7,0.71,0.0
1912,6,0.83,1.0
1912,5,0.8,0.5
1912,4,0.75,-0.5
1912,3,1.0,0.5
1912,2,1.0,0.0
1912,1,1.0,0.0
1911,153,0.51,-24.0
1911,152,0.51,-24.5
1911,151,0.5,-24.5
1911,150,0.5,-24.5
1911,149,0.5,-25.5
1911,148,0.49,-25.5
1911,147,0.49,-26.5
1911,146,0.49,-26.5
1911,145,0.5,-25.5
1911,144,0.49,-25.5
1911,143,0.5,-25.0
1911,142,0.49,-25.5
1911,141,0.49,-25.5
1911,140,0.49,-24.5
1911,139,0.5,-23.5
1911,138,0.49,-23.5
1911,137,0.49,-23.5
1911,136,0.49,-22.5
1911,135,0.49,-22.5
1911,134,0.49,-23.5
1911,133,0.49,-22.5
1911,132,0.48,-22.5
1911,131,0.49,-21.5
1911,130,0.48,-22.5
1911,129,0.49,-21.5
1911,128,0.49,-20.5
1911,127,0.5,-20.5
1911,126,0.5,-18.5
1911,125,0.5,-17.5
1911,124,0.51,-17.5
1911,123,0.51,-16.5
1911,122,0.51,-17.5
1911,121,0.51,-17.5
1911,120,0.52,-15.5
1911,119,0.52,-15.5
1911,118,0.52,-15.5
1911,117,0.52,-15.5
1911,116,0.53,-14.0
1911,115,0.52,-14.0
1911,114,0.52,-15.0
1911,113,0.52,-14.5
1911,112,0.52,-14.5
1911,111,0.52,-13.5
1911,110,0.52,-14.5
1911,109,0.51,-14.0
1911,108,0.51,-15.0
1911,106,0.51,-14.0
1911,107,0.51,-14.0
1911,105,0.51,-14.5
1911,104,0.52,-13.5
1911,103,0.51,-13.5
1911,102,0.52,-12.0
1911,101,0.52,-12.0
1911,100,0.52,-12.0
1911,98,0.51,-13.0
1911,99,0.52,-13.0
1911,97,0.51,-15.0
1911,96,0.51,-14.0
1911,95,0.52,-14.0
1911,94,0.51,-13.5
1911,93,0.52,-13.5
1911,92,0.51,-15.0
1911,91,0.51,-15.0
1911,90,0.5,-16.0
1911,89,0.49,-16.0
1911,88,0.5,-16.0
1911,87,0.51,-16.0
1911,86,0.5,-17.0
1911,85,0.51,-17.0
1911,84,0.5,-17.5
1911,83,0.51,-16.5
1911,82,0.51,-15.5
1911,81,0.52,-14.5
1911,80,0.52,-13.5
1911,79,0.52,-13.5
1911,78,0.51,-13.5
1911,77,0.52,-13.5
1911,76,0.53,-12.0
1911,75,0.52,-12.0
1911,74,0.53,-11.5
1911,73,0.52,-11.5
1911,72,0.51,-12.5
1911,71,0.52,-11.5
1911,70,0.51,-11.5
1911,69,0.52,-11.0
1911,68,0.51,-11.0
1911,67,0.52,-10.5
1911,66,0.52,-10.5
1911,65,0.52,-9.5
1911,64,0.52,-10.0
1911,63,0.51,-10.0
1911,62,0.52,-10.0
1911,61,0.52,-10.0
1911,60,0.53,-9.5
1911,59,0.54,-9.0
1911,58,0.53,-9.0
1911,57,0.53,-9.5
1911,56,0.54,-9.5
1911,55,0.53,-9.5
1911,54,0.54,-8.5
1911,53,0.53,-8.0
1911,52,0.54,-8.0
1911,51,0.55,-7.5
1911,50,0.56,-7.0
1911,49,0.55,-8.0
1911,48,0.54,-9.0
1911,47,0.55,-8.0
1911,46,0.54,-9.0
1911,45,0.56,-9.0
1911,44,0.57,-8.0
1911,43,0.56,-9.0
1911,42,0.55,-9.0
1911,41,0.54,-9.0
1911,40,0.55,-9.0
1911,39,0.56,-8.0
1911,38,0.55,-8.0
1911,37,0.54,-8.0
1911,36,0.53,-8.0
1911,35,0.51,-10.0
1911,34,0.53,-9.0
1911,33,0.52,-10.0
1911,32,0.53,-9.0
1911,31,0.55,-8.0
1911,30,0.53,-10.0
1911,29,0.52,-10.0
1911,28,0.54,-9.0
1911,27,0.56,-8.0
1911,26,0.58,-7.0
1911,25,0.6,-6.0
1911,24,0.58,-7.0
1911,23,0.57,-7.0
1911,22,0.55,-8.0
1911,21,0.57,-8.0
1911,20,0.55,-8.0
1911,19,0.53,-7.5
1911,18,0.56,-6.5
1911,17,0.53,-7.0
1911,16,0.5,-7.0
1911,15,0.47,-7.0
1911,14,0.5,-6.0
1911,13,0.46,-5.5
1911,12,0.5,-5.5
1911,11,0.55,-4.5
1911,10,0.6,-3.5
1911,9,0.56,-3.5
1911,8,0.5,-3.5
1911,7,0.57,-2.0
1911,6,0.5,-3.0
1911,5,0.4,-3.0
1911,4,0.25,-3.0
1911,3,0.33,-2.0
1911,2,0.0,-2.0
1911,1,0.0,-1.0
1910,158,0.51,-22.5
1910,157,0.52,-22.5
1910,156,0.52,-21.5
1910,155,0.52,-21.5
1910,154,0.52,-22.0
1910,153,0.52,-22.5
1910,152,0.53,-21.5
1910,151,0.53,-20.5
1910,150,0.53,-19.5
1910,149,0.54,-18.5
1910,148,0.53,-19.0
1910,147,0.54,-19.0
1910,146,0.54,-19.0
1910,145,0.54,-17.0
1910,144,0.55,-17.0
1910,143,0.55,-16.5
1910,142,0.56,-16.5
1910,141,0.55,-17.5
1910,140,0.55,-18.0
1910,139,0.55,-18.0
1910,138,0.55,-18.0
1910,137,0.55,-17.0
1910,136,0.56,-16.5
1910,135,0.56,-15.5
1910,134,0.57,-14.5
1910,133,0.56,-14.5
1910,132,0.56,-15.0
1910,131,0.56,-15.0
1910,130,0.56,-14.5
1910,129,0.57,-13.5
1910,128,0.57,-12.5
1910,127,0.57,-12.0
1910,126,0.57,-12.0
1910,125,0.58,-12.5
1910,124,0.58,-11.0
1910,123,0.59,-11.0
1910,122,0.58,-11.0
1910,121,0.58,-12.0
1910,120,0.57,-12.0
1910,119,0.57,-12.0
1910,118,0.57,-13.0
1910,117,0.56,-13.0
1910,116,0.56,-13.0
1910,115,0.56,-13.0
1910,114,0.56,-12.0
1910,113,0.56,-12.0
1910,112,0.56,-11.5
1910,111,0.56,-11.5
1910,109,0.56,-10.0
1910,110,0.56,-10.0
1910,108,0.56,-11.0
1910,107,0.56,-10.5
1910,106,0.57,-9.5
1910,105,0.57,-9.5
1910,104,0.58,-8.5
1910,103,0.58,-7.5
1910,102,0.59,-6.0
1910,101,0.58,-6.0
1910,100,0.59,-5.5
1910,99,0.59,-5.5
1910,98,0.58,-6.0
1910,97,0.59,-5.0
1910,96,0.58,-5.0
1910,95,0.58,-6.0
1910,94,0.57,-6.0
1910,93,0.58,-5.0
1910,92,0.59,-5.0
1910,91,0.59,-5.0
1910,90,0.59,-5.5
1910,89,0.58,-6.0
1910,88,0.58,-6.5
1910,87,0.59,-5.5
1910,86,0.58,-6.5
1910,85,0.58,-7.5
1910,84,0.58,-6.5
1910,83,0.58,-6.5
1910,82,0.57,-7.0
1910,81,0.57,-7.0
1910,80,0.56,-7.0
1910,79,0.56,-7.0
1910,78,0.55,-7.0
1910,77,0.55,-8.5
1910,76,0.54,-8.5
1910,75,0.53,-8.5
1910,74,0.54,-8.5
1910,73,0.55,-7.0
1910,72,0.54,-7.0
1910,71,0.54,-7.0
1910,70,0.53,-7.5
1910,69,0.52,-8.5
1910,68,0.51,-8.5
1910,67,0.52,-8.0
1910,65,0.52,-7.0
1910,66,0.53,-7.0
1910,64,0.52,-8.0
1910,63,0.51,-7.5
1910,62,0.52,-6.0
1910,61,0.51,-7.0
1910,60,0.5,-8.0
1910,59,0.51,-8.0
1910,58,0.52,-6.0
1910,57,0.53,-5.0
1910,56,0.52,-6.0
1910,55,0.51,-7.0
1910,54,0.5,-7.0
1910,53,0.49,-7.0
1910,52,0.48,-7.0
1910,51,0.49,-6.5
1910,50,0.5,-6.5
1910,49,0.49,-7.0
1910,48,0.5,-6.0
1910,47,0.49,-7.0
1910,46,0.5,-6.5
1910,45,0.49,-7.0
1910,44,0.5,-7.0
1910,43,0.51,-6.5
1910,42,0.52,-6.0
1910,41,0.51,-6.0
1910,40,0.52,-5.0
1910,39,0.54,-5.0
1910,38,0.53,-6.5
1910,37,0.51,-7.0
1910,36,0.53,-7.0
1910,35,0.51,-7.0
1910,34,0.5,-7.0
1910,33,0.52,-7.0
1910,32,0.53,-6.0
1910,31,0.55,-5.5
1910,30,0.53,-5.0
1910,29,0.52,-6.0
1910,28,0.54,-5.5
1910,27,0.52,-5.5
1910,26,0.5,-6.0
1910,25,0.48,-6.0
1910,24,0.46,-6.0
1910,23,0.48,-5.0
1910,22,0.45,-5.0
1910,21,0.48,-4.0
1910,20,0.45,-4.5
1910,19,0.42,-5.0
1910,18,0.39,-5.0
1910,17,0.41,-4.0
1910,16,0.44,-2.5
1910,15,0.47,-1.5
1910,14,0.5,-1.5
1910,13,0.46,-2.5
1910,12,0.42,-2.5
1910,11,0.45,-1.5
1910,10,0.4,-1.5
1910,9,0.44,-1.5
1910,8,0.5,-0.5
1910,7,0.57,0.0
1910,6,0.5,-1.0
1910,4,0.5,0.0
1910,5,0.6,0.0
1910,3,0.33,-0.5
1910,2,0.5,-0.5
1910,1,0.0,-0.5
1909,152,0.58,-9.0
1909,151,0.58,-9.0
1909,150,0.58,-9.0
1909,149,0.58,-10.0
1909,148,0.57,-11.0
1909,147,0.58,-11.0
1909,145,0.58,-9.0
1909,146,0.58,-9.0
1909,144,0.58,-9.0
1909,143,0.58,-8.0
1909,142,0.58,-8.0
1909,141,0.57,-8.5
1909,140,0.57,-9.5
1909,139,0.57,-9.5
1909,138,0.57,-9.5
1909,137,0.58,-9.5
1909,136,0.58,-9.0
1909,135,0.58,-10.0
1909,134,0.57,-9.5
1909,133,0.57,-9.5
1909,132,0.58,-8.0
1909,131,0.57,-8.5
1909,130,0.57,-9.5
1909,129,0.57,-8.5
1909,128,0.58,-8.5
1909,127,0.57,-7.0
1909,126,0.58,-7.5
1909,125,0.58,-6.5
1909,124,0.59,-5.5
1909,123,0.59,-4.5
1909,122,0.6,-3.5
1909,121,0.6,-3.5
1909,120,0.6,-2.5
1909,119,0.6,-2.5
1909,118,0.6,-2.0
1909,117,0.61,-1.5
1909,116,0.6,-2.5
1909,115,0.6,-2.5
1909,114,0.6,-3.0
1909,112,0.6,-2.5
1909,113,0.59,-2.5
1909,111,0.6,-1.0
1909,110,0.6,-1.0
1909,109,0.6,-1.5
1909,108,0.59,-1.5
1909,107,0.59,-1.5
1909,106,0.58,-1.5
1909,105,0.58,-2.5
1909,104,0.58,-3.5
1909,103,0.57,-4.5
1909,102,0.57,-5.5
1909,101,0.56,-5.5
1909,100,0.56,-5.5
1909,98,0.56,-5.5
1909,99,0.57,-5.5
1909,97,0.56,-7.5
1909,96,0.55,-8.0
1909,95,0.56,-8.0
1909,94,0.55,-8.5
1909,93,0.56,-8.5
1909,92,0.55,-8.5
1909,91,0.56,-7.5
1909,90,0.56,-8.5
1909,89,0.56,-7.5
1909,88,0.57,-7.5
1909,87,0.57,-5.5
1909,86,0.58,-4.5
1909,85,0.59,-3.5
1909,83,0.58,-4.5
1909,84,0.58,-4.5
1909,82,0.59,-4.5
1909,81,0.58,-4.5
1909,79,0.58,-5.0
1909,80,0.57,-5.0
1909,77,0.58,-3.0
1909,78,0.59,-3.0
1909,76,0.58,-3.5
1909,75,0.57,-4.0
1909,74,0.58,-4.0
1909,73,0.59,-3.0
1909,72,0.58,-4.5
1909,71,0.58,-5.5
1909,70,0.57,-5.5
1909,69,0.57,-7.0
1909,68,0.56,-7.0
1909,67,0.57,-7.0
1909,66,0.56,-7.0
1909,65,0.55,-8.5
1909,64,0.56,-7.5
1909,63,0.56,-7.5
1909,62,0.56,-7.5
1909,61,0.57,-7.0
1909,60,0.58,-6.0
1909,59,0.58,-6.0
1909,58,0.57,-6.0
1909,57,0.56,-6.0
1909,56,0.57,-5.5
1909,55,0.56,-5.5
1909,54,0.56,-5.5
1909,53,0.55,-5.5
1909,52,0.54,-5.5
1909,51,0.53,-5.0
1909,50,0.52,-5.5
1909,49,0.51,-5.5
1909,48,0.52,-5.0
1909,47,0.53,-5.0
1909,46,0.52,-6.0
1909,45,0.53,-5.0
1909,44,0.55,-5.0
1909,43,0.56,-4.5
1909,42,0.55,-5.0
1909,41,0.54,-5.0
1909,40,0.52,-6.0
1909,39,0.54,-5.0
1909,38,0.55,-4.0
1909,37,0.54,-5.0
1909,36,0.53,-5.0
1909,35,0.54,-5.0
1909,34,0.53,-5.0
1909,33,0.52,-5.0
1909,32,0.53,-5.0
1909,31,0.55,-3.0
1909,30,0.57,-3.0
1909,29,0.59,-1.5
1909,28,0.61,-0.5
1909,27,0.63,-0.5
1909,26,0.62,-1.5
1909,25,0.64,-0.5
1909,24,0.62,-1.5
1909,23,0.61,-2.5
1909,22,0.64,-1.5
1909,21,0.62,-2.5
1909,20,0.6,-3.5
1909,19,0.58,-3.5
1909,18,0.56,-3.5
1909,17,0.53,-4.0
1909,16,0.56,-3.5
1909,15,0.53,-3.5
1909,14,0.57,-2.5
1909,13,0.62,-2.5
1909,12,0.58,-2.0
1909,11,0.55,-2.5
1909,10,0.5,-2.5
1909,9,0.56,-2.0
1909,8,0.5,-2.0
1909,7,0.57,-1.0
1909,6,0.67,-1.0
1909,5,0.6,-2.0
1909,4,0.5,-2.0
1909,3,0.33,-2.0
1909,2,0.5,0.0
1909,1,0.0,-1.0
1908,155,0.48,-15.5
1908,154,0.49,-15.5
1908,153,0.48,-15.5
1908,152,0.48,-15.5
1908,151,0.48,-17.0
1908,150,0.47,-17.0
1908,149,0.48,-16.5
1908,148,0.47,-16.5
1908,147,0.48,-15.5
1908,146,0.48,-15.5
1908,145,0.48,-13.5
1908,144,0.49,-13.0
1908,143,0.49,-12.5
1908,142,0.49,-12.5
1908,141,0.48,-13.5
1908,140,0.49,-13.5
1908,139,0.48,-13.5
1908,138,0.48,-13.5
1908,137,0.47,-13.5
1908,136,0.48,-13.5
1908,135,0.48,-13.5
1908,134,0.49,-12.0
1908,133,0.49,-11.0
1908,132,0.48,-12.5
1908,130,0.48,-12.5
1908,131,0.49,-12.5
1908,129,0.49,-13.0
1908,128,0.48,-13.0
1908,127,0.49,-12.0
1908,126,0.48,-13.0
1908,125,0.48,-13.0
1908,124,0.48,-12.5
1908,123,0.48,-12.5
1908,122,0.48,-12.5
1908,121,0.47,-14.0
1908,120,0.47,-14.0
1908,119,0.47,-13.0
1908,118,0.47,-13.0
1908,117,0.47,-14.5
1908,116,0.47,-16.0
1908,115,0.46,-16.5
1908,114,0.46,-16.5
1908,113,0.47,-15.5
1908,112,0.47,-15.0
1908,111,0.48,-14.0
1908,110,0.48,-13.0
1908,109,0.49,-13.0
1908,108,0.48,-14.0
1908,107,0.48,-15.0
1908,106,0.47,-15.0
1908,105,0.48,-14.0
1908,104,0.47,-15.0
1908,103,0.48,-14.0
1908,102,0.47,-15.0
1908,101,0.47,-16.0
1908,100,0.47,-15.0
1908,99,0.46,-15.0
1908,98,0.47,-15.0
1908,97,0.47,-14.5
1908,96,0.47,-14.5
1908,95,0.46,-14.5
1908,94,0.46,-15.5
1908,93,0.46,-14.5
1908,92,0.46,-15.5
1908,91,0.46,-14.5
1908,90,0.46,-15.0
1908,89,0.46,-14.5
1908,88,0.45,-14.0
1908,87,0.45,-13.5
1908,86,0.45,-12.5
1908,85,0.46,-11.5
1908,84,0.45,-11.5
1908,83,0.45,-12.0
1908,82,0.44,-12.0
1908,81,0.44,-12.0
1908,80,0.44,-12.0
1908,79,0.44,-12.0
1908,78,0.45,-11.0
1908,76,0.45,-11.0
1908,77,0.45,-11.0
1908,75,0.45,-10.0
1908,74,0.45,-11.0
1908,73,0.45,-10.0
1908,72,0.46,-9.0
1908,71,0.45,-10.0
1908,70,0.44,-9.5
1908,69,0.43,-9.5
1908,68,0.44,-9.5
1908,67,0.45,-9.5
1908,66,0.44,-10.0
1908,65,0.43,-11.0
1908,64,0.42,-11.0
1908,63,0.43,-11.0
1908,62,0.44,-10.0
1908,61,0.43,-10.0
1908,60,0.43,-10.0
1908,59,0.42,-11.5
1908,58,0.43,-10.5
1908,57,0.44,-9.5
1908,56,0.45,-8.5
1908,55,0.45,-8.0
1908,54,0.44,-8.0
1908,53,0.45,-7.0
1908,52,0.44,-7.0
1908,51,0.43,-7.0
1908,50,0.44,-6.0
1908,49,0.45,-5.0
1908,48,0.44,-5.0
1908,47,0.45,-4.5
1908,46,0.43,-5.0
1908,45,0.42,-6.0
1908,44,0.43,-5.0
1908,43,0.42,-5.0
1908,42,0.4,-6.0
1908,41,0.39,-6.0
1908,40,0.38,-7.5
1908,39,0.38,-6.5
1908,38,0.39,-6.5
1908,37,0.38,-6.5
1908,36,0.39,-6.5
1908,35,0.4,-5.5
1908,34,0.41,-5.5
1908,33,0.39,-6.5
1908,32,0.38,-7.5
1908,31,0.35,-8.5
1908,30,0.33,-8.5
1908,29,0.31,-9.5
1908,28,0.32,-9.0
1908,27,0.33,-8.0
1908,26,0.31,-9.0
1908,25,0.32,-8.0
1908,24,0.33,-7.0
1908,23,0.35,-6.0
1908,22,0.36,-6.0
1908,21,0.38,-5.0
1908,20,0.4,-4.0
1908,19,0.42,-4.0
1908,18,0.39,-4.5
1908,17,0.41,-3.5
1908,16,0.44,-3.0
1908,15,0.47,-2.5
1908,14,0.5,-2.0
1908,13,0.46,-2.5
1908,12,0.5,-1.5
1908,11,0.55,-1.0
1908,10,0.6,-1.0
1908,9,0.56,-1.5
1908,8,0.62,-1.0
1908,7,0.57,-1.5
1908,5,0.6,-0.5
1908,6,0.67,-0.5
1908,4,0.5,-1.0
1908,3,0.67,-1.0
1908,2,1.0,0.0
1908,1,1.0,0.0
1907,155,0.38,-33.5
1907,154,0.38,-33.0
1907,153,0.39,-32.5
1907,152,0.38,-32.5
1907,151,0.38,-31.0
1907,150,0.39,-30.0
1907,149,0.39,-30.0
1907,148,0.39,-29.5
1907,147,0.39,-28.5
1907,146,0.4,-27.5
1907,145,0.4,-26.5
1907,144,0.4,-26.0
1907,143,0.41,-25.0
1907,142,0.41,-25.0
1907,141,0.41,-24.5
1907,140,0.41,-24.5
1907,139,0.42,-24.5
1907,138,0.42,-24.0
1907,137,0.42,-24.0
1907,136,0.43,-22.0
1907,135,0.43,-22.0
1907,134,0.43,-21.0
1907,132,0.43,-22.0
1907,133,0.43,-22.0
1907,131,0.43,-22.0
1907,129,0.43,-22.0
1907,130,0.43,-22.0
1907,128,0.44,-20.5
1907,127,0.43,-20.5
1907,126,0.43,-21.0
1907,125,0.43,-21.0
1907,124,0.43,-20.5
1907,123,0.42,-21.5
1907,122,0.43,-20.5
1907,120,0.42,-21.0
1907,121,0.42,-21.0
1907,118,0.43,-19.5
1907,119,0.43,-19.5
1907,117,0.43,-19.0
1907,116,0.43,-18.5
1907,115,0.43,-19.0
1907,114,0.43,-18.0
1907,113,0.43,-17.5
1907,112,0.43,-17.5
1907,111,0.43,-17.0
1907,110,0.43,-17.5
1907,109,0.43,-17.5
1907,107,0.43,-16.5
1907,108,0.44,-16.5
1907,106,0.42,-17.5
1907,105,0.42,-18.5
1907,104,0.42,-18.0
1907,103,0.43,-17.0
1907,102,0.43,-17.0
1907,101,0.43,-17.0
1907,100,0.42,-17.5
1907,99,0.41,-18.5
1907,98,0.41,-19.0
1907,97,0.41,-19.0
1907,96,0.41,-18.5
1907,95,0.4,-19.5
1907,94,0.4,-19.0
1907,93,0.4,-19.5
1907,92,0.4,-18.0
1907,91,0.4,-19.0
1907,90,0.39,-19.0
1907,89,0.39,-18.0
1907,88,0.39,-18.5
1907,87,0.38,-19.0
1907,86,0.38,-18.0
1907,84,0.38,-19.0
1907,85,0.38,-19.0
1907,83,0.39,-19.0
1907,82,0.38,-20.0
1907,80,0.39,-20.0
1907,81,0.38,-20.0
1907,79,0.38,-20.0
1907,78,0.37,-22.0
1907,77,0.38,-21.5
1907,76,0.38,-20.5
1907,75,0.37,-20.5
1907,74,0.38,-19.5
1907,73,0.37,-19.5
1907,72,0.38,-18.5
1907,71,0.38,-18.5
1907,70,0.37,-19.0
1907,69,0.36,-19.0
1907,68,0.37,-18.5
1907,67,0.37,-18.0
1907,66,0.36,-18.0
1907,65,0.35,-18.0
1907,64,0.36,-18.0
1907,63,0.37,-18.0
1907,62,0.35,-17.5
1907,61,0.36,-16.5
1907,60,0.35,-16.5
1907,59,0.34,-17.5
1907,58,0.33,-17.5
1907,57,0.33,-16.5
1907,56,0.34,-16.5
1907,55,0.35,-16.5
1907,54,0.33,-16.5
1907,53,0.34,-16.5
1907,52,0.35,-15.5
1907,51,0.35,-14.5
1907,50,0.34,-15.5
1907,49,0.33,-15.5
1907,48,0.33,-16.0
1907,47,0.34,-16.0
1907,46,0.33,-16.0
1907,45,0.33,-15.0
1907,44,0.32,-15.5
1907,43,0.33,-14.5
1907,42,0.33,-14.5
1907,41,0.34,-14.5
1907,40,0.35,-14.5
1907,39,0.33,-14.5
1907,38,0.32,-14.5
1907,37,0.32,-13.5
1907,36,0.31,-13.5
1907,35,0.31,-13.5
1907,34,0.32,-13.5
1907,33,0.33,-12.0
1907,32,0.34,-11.5
1907,31,0.35,-10.5
1907,30,0.37,-9.5
1907,29,0.34,-10.0
1907,28,0.36,-9.5
1907,27,0.37,-8.5
1907,26,0.38,-7.5
1907,25,0.36,-8.5
1907,24,0.38,-7.5
1907,23,0.39,-7.5
1907,22,0.41,-6.5
1907,21,0.43,-6.0
1907,20,0.45,-5.5
1907,19,0.47,-4.5
1907,18,0.44,-4.5
1907,17,0.41,-4.5
1907,16,0.38,-5.0
1907,15,0.4,-4.5
1907,14,0.36,-5.0
1907,13,0.38,-4.0
1907,12,0.33,-4.0
1907,11,0.27,-5.0
1907,10,0.3,-4.0
1907,9,0.33,-3.0
1907,8,0.38,-2.5
1907,7,0.43,-2.5
1907,6,0.5,-1.0
1907,5,0.6,0.0
1907,4,0.5,-1.0
1907,3,0.33,-1.0
1907,2,0.5,-0.5
1907,1,1.0,0.0
1906,155,0.32,-46.0
1906,154,0.32,-46.0
1906,153,0.32,-44.5
1906,152,0.32,-44.5
1906,151,0.32,-44.5
1906,150,0.31,-44.0
1906,149,0.31,-44.0
1906,148,0.31,-44.0
1906,147,0.31,-43.0
1906,146,0.32,-42.0
1906,145,0.32,-41.0
1906,144,0.32,-40.5
1906,142,0.32,-40.5
1906,143,0.32,-40.5
1906,140,0.32,-40.5
1906,141,0.32,-40.5
1906,139,0.32,-39.5
1906,138,0.33,-39.5
1906,137,0.32,-39.5
1906,136,0.32,-39.0
1906,135,0.32,-39.0
1906,134,0.32,-37.5
1906,133,0.32,-37.5
1906,132,0.32,-37.5
1906,131,0.31,-38.5
1906,130,0.32,-37.5
1906,129,0.31,-38.5
1906,128,0.31,-37.5
1906,127,0.31,-37.5
1906,126,0.31,-36.5
1906,125,0.31,-35.5
1906,124,0.31,-35.5
1906,122,0.32,-33.5
1906,123,0.32,-33.5
1906,121,0.31,-34.0
1906,120,0.32,-34.0
1906,119,0.31,-34.0
1906,118,0.31,-34.5
1906,117,0.3,-35.5
1906,116,0.3,-35.0
1906,115,0.3,-34.0
1906,114,0.3,-35.5
1906,113,0.3,-35.0
1906,112,0.3,-34.0
1906,111,0.3,-33.5
1906,110,0.29,-34.0
1906,109,0.29,-33.0
1906,108,0.29,-33.0
1906,107,0.29,-32.0
1906,106,0.29,-31.0
1906,105,0.3,-30.0
1906,103,0.29,-30.5
1906,104,0.29,-30.5
1906,102,0.28,-31.0
1906,101,0.28,-32.5
1906,100,0.27,-32.5
1906,99,0.26,-34.5
1906,98,0.27,-35.0
1906,97,0.27,-34.0
1906,96,0.27,-33.0
1906,95,0.27,-32.0
1906,94,0.27,-33.0
1906,93,0.27,-33.0
1906,92,0.26,-33.0
1906,91,0.26,-32.5
1906,90,0.27,-31.5
1906,89,0.26,-32.0
1906,88,0.26,-31.5
1906,87,0.26,-30.0
1906,86,0.26,-30.0
1906,85,0.25,-30.5
1906,84,0.24,-30.5
1906,83,0.24,-29.5
1906,82,0.24,-29.5
1906,81,0.23,-30.0
1906,80,0.24,-29.5
1906,79,0.24,-28.5
1906,78,0.24,-27.5
1906,77,0.25,-27.5
1906,75,0.25,-26.5
1906,76,0.25,-26.5
1906,74,0.26,-25.5
1906,73,0.26,-25.0
1906,72,0.25,-25.5
1906,70,0.26,-25.0
1906,71,0.25,-25.0
1906,69,0.26,-23.5
1906,68,0.26,-23.5
1906,67,0.25,-23.5
1906,66,0.26,-22.5
1906,65,0.26,-21.5
1906,64,0.27,-21.5
1906,63,0.25,-21.5
1906,62,0.26,-20.5
1906,61,0.26,-20.5
1906,60,0.27,-20.0
1906,59,0.27,-20.0
1906,58,0.28,-19.0
1906,57,0.28,-19.0
1906,56,0.27,-18.0
1906,55,0.27,-17.5
1906,54,0.28,-17.5
1906,53,0.28,-17.0
1906,52,0.29,-16.0
1906,51,0.27,-17.5
1906,50,0.28,-16.5
1906,49,0.29,-16.5
1906,48,0.27,-17.0
1906,47,0.28,-16.0
1906,46,0.28,-15.0
1906,45,0.29,-14.0
1906,44,0.3,-14.5
1906,43,0.28,-14.5
1906,42,0.26,-15.0
1906,41,0.24,-15.0
1906,40,0.25,-15.0
1906,39,0.26,-15.0
1906,38,0.24,-15.0
1906,37,0.22,-17.0
1906,36,0.22,-16.0
1906,35,0.2,-16.0
1906,34,0.18,-16.0
1906,33,0.18,-16.0
1906,32,0.19,-15.0
1906,31,0.19,-15.0
1906,30,0.2,-15.0
1906,29,0.21,-14.0
1906,28,0.21,-13.0
1906,27,0.22,-12.0
1906,26,0.23,-11.0
1906,25,0.24,-10.0
1906,24,0.25,-9.5
1906,23,0.26,-8.5
1906,22,0.27,-8.0
1906,21,0.29,-7.0
1906,20,0.3,-6.0
1906,19,0.32,-5.0
1906,18,0.33,-4.0
1906,17,0.35,-3.5
1906,16,0.38,-3.5
1906,15,0.4,-3.0
1906,14,0.43,-2.0
1906,13,0.38,-2.0
1906,12,0.33,-3.0
1906,11,0.36,-2.0
1906,10,0.3,-3.0
1906,9,0.33,-2.0
1906,8,0.25,-3.0
1906,7,0.29,-2.5
1906,6,0.33,-2.0
1906,5,0.2,-2.0
1906,4,0.0,-3.0
1906,3,0.0,-3.0
1906,2,0.0,-2.0
1906,1,0.0,-1.0
1905,152,0.51,-16.0
1905,153,0.51,-16.0
1905,151,0.5,-17.5
1905,150,0.5,-18.5
1905,149,0.5,-18.0
1905,148,0.49,-18.0
1905,147,0.49,-18.0
1905,146,0.49,-18.0
1905,145,0.48,-18.0
1905,144,0.49,-18.5
1905,143,0.49,-17.5
1905,142,0.49,-16.5
1905,141,0.5,-16.5
1905,139,0.5,-17.0
1905,140,0.49,-17.0
1905,138,0.5,-16.5
1905,137,0.5,-16.5
1905,136,0.51,-15.0
1905,135,0.5,-15.0
1905,134,0.5,-15.0
1905,133,0.5,-15.0
1905,132,0.5,-15.0
1905,131,0.5,-14.0
1905,129,0.5,-15.0
1905,130,0.5,-15.0
1905,128,0.49,-16.0
1905,127,0.49,-16.0
1905,126,0.49,-16.0
1905,125,0.5,-15.0
1905,124,0.49,-15.0
1905,123,0.5,-15.0
1905,122,0.49,-16.0
1905,121,0.5,-15.0
1905,120,0.5,-15.0
1905,119,0.5,-15.0
1905,118,0.49,-15.0
1905,117,0.5,-14.0
1905,116,0.5,-13.0
1905,115,0.5,-12.0
1905,113,0.5,-13.0
1905,114,0.5,-13.0
1905,112,0.5,-12.0
1905,111,0.5,-11.5
1905,110,0.5,-11.5
1905,109,0.5,-11.5
1905,108,0.49,-10.5
1905,107,0.5,-10.5
1905,106,0.5,-9.5
1905,105,0.5,-9.5
1905,103,0.51,-9.0
1905,104,0.51,-9.0
1905,102,0.52,-7.5
1905,101,0.51,-7.5
1905,100,0.51,-8.5
1905,99,0.52,-8.5
1905,98,0.51,-8.5
1905,97,0.52,-8.5
1905,96,0.51,-9.5
1905,94,0.51,-7.5
1905,95,0.52,-7.5
1905,93,0.52,-6.5
1905,92,0.51,-6.5
1905,91,0.51,-6.5
1905,90,0.51,-6.5
1905,89,0.51,-7.5
1905,88,0.5,-8.5
1905,87,0.49,-8.5
1905,86,0.49,-9.0
1905,84,0.48,-9.0
1905,85,0.48,-9.0
1905,83,0.47,-11.0
1905,82,0.48,-11.5
1905,80,0.48,-13.0
1905,81,0.47,-13.0
1905,79,0.47,-13.5
1905,78,0.46,-13.5
1905,77,0.45,-14.0
1905,76,0.46,-13.0
1905,74,0.46,-14.0
1905,75,0.45,-14.0
1905,72,0.47,-12.0
1905,73,0.47,-12.0
1905,71,0.48,-10.0
1905,70,0.47,-11.0
1905,69,0.48,-10.0
1905,68,0.47,-10.5
1905,67,0.46,-11.5
1905,66,0.47,-10.5
1905,65,0.46,-10.5
1905,64,0.47,-10.5
1905,63,0.46,-11.0
1905,62,0.47,-11.0
1905,61,0.46,-11.0
1905,60,0.47,-10.0
1905,59,0.47,-10.0
1905,57,0.47,-10.0
1905,58,0.47,-10.0
1905,56,0.48,-9.0
1905,55,0.47,-9.0
1905,54,0.46,-9.0
1905,53,0.45,-9.0
1905,52,0.44,-10.0
1905,51,0.45,-10.0
1905,50,0.46,-8.5
1905,49,0.45,-9.5
1905,48,0.46,-9.5
1905,46,0.46,-9.5
1905,47,0.47,-9.5
1905,45,0.47,-9.0
1905,44,0.48,-8.0
1905,43,0.49,-7.0
1905,42,0.48,-8.0
1905,41,0.49,-7.0
1905,40,0.48,-8.0
1905,39,0.46,-8.0
1905,38,0.45,-8.0
1905,37,0.43,-8.5
1905,36,0.44,-7.5
1905,35,0.43,-7.5
1905,34,0.44,-7.0
1905,33,0.42,-7.0
1905,32,0.41,-6.5
1905,31,0.39,-7.5
1905,30,0.4,-6.5
1905,29,0.41,-5.5
1905,28,0.43,-4.5
1905,27,0.41,-5.0
1905,26,0.38,-5.5
1905,25,0.4,-4.5
1905,24,0.42,-3.5
1905,23,0.39,-4.5
1905,22,0.41,-3.5
1905,21,0.43,-3.0
1905,20,0.4,-3.5
1905,19,0.42,-3.0
1905,18,0.39,-4.0
1905,17,0.35,-4.0
1905,16,0.31,-5.0
1905,15,0.33,-4.0
1905,14,0.29,-4.0
1905,13,0.23,-5.0
1905,12,0.25,-4.5
1905,11,0.27,-4.5
1905,10,0.2,-4.5
1905,9,0.22,-4.5
1905,8,0.25,-3.5
1905,7,0.14,-4.5
1905,6,0.0,-5.5
1905,5,0.0,-4.5
1905,4,0.0,-3.5
1905,3,0.0,-3.0
1905,2,0.0,-2.0
1905,1,0.0,-1.0
1904,157,0.61,1.5
1904,156,0.61,1.5
1904,155,0.61,1.5
1904,154,0.6,1.5
1904,153,0.6,-0.5
1904,152,0.61,0.5
1904,151,0.6,0.5
1904,150,0.6,0.5
1904,149,0.6,0.5
1904,148,0.59,0.0
1904,147,0.59,0.0
1904,146,0.6,0.0
1904,145,0.6,1.0
1904,144,0.6,1.0
1904,143,0.61,2.0
1904,142,0.61,2.0
1904,141,0.6,0.0
1904,140,0.6,-0.5
1904,139,0.6,-0.5
1904,138,0.59,-2.0
1904,137,0.59,-1.5
1904,136,0.6,-0.5
1904,135,0.6,0.5
1904,134,0.6,0.5
1904,133,0.6,0.5
1904,132,0.61,0.5
1904,131,0.6,-0.5
1904,130,0.61,-0.5
1904,129,0.61,0.5
1904,128,0.62,0.5
1904,127,0.62,0.5
1904,126,0.62,1.0
1904,125,0.62,1.5
1904,123,0.62,0.0
1904,124,0.62,0.0
1904,122,0.61,0.0
1904,121,0.62,0.0
1904,120,0.62,-0.5
1904,119,0.62,-0.5
1904,118,0.62,0.5
1904,117,0.62,0.5
1904,116,0.61,-0.5
1904,115,0.62,0.5
1904,114,0.61,0.5
1904,113,0.61,0.5
1904,112,0.62,1.0
1904,111,0.61,1.0
1904,110,0.61,1.0
1904,109,0.61,0.0
1904,108,0.6,-1.5
1904,107,0.6,-1.5
1904,106,0.6,-0.5
1904,105,0.6,-0.5
1904,104,0.6,-0.5
1904,103,0.59,-0.5
1904,102,0.59,-1.5
1904,101,0.59,-1.0
1904,100,0.59,-2.0
1904,99,0.6,-1.0
1904,98,0.6,0.0
1904,97,0.6,-1.0
1904,96,0.6,-0.5
1904,95,0.6,-1.5
1904,94,0.6,-1.5
1904,93,0.6,-0.5
1904,92,0.61,0.0
1904,91,0.62,-0.5
1904,90,0.61,-0.5
1904,89,0.62,-0.5
1904,88,0.62,0.5
1904,87,0.62,0.5
1904,86,0.62,0.5
1904,85,0.61,0.5
1904,84,0.62,1.5
1904,83,0.63,2.5
1904,82,0.62,1.5
1904,81,0.63,2.5
1904,80,0.62,1.5
1904,79,0.63,2.5
1904,78,0.64,3.5
1904,77,0.65,3.5
1904,76,0.66,3.5
1904,75,0.67,4.0
1904,74,0.68,5.0
1904,73,0.67,4.5
1904,72,0.67,4.5
1904,71,0.66,4.5
1904,70,0.67,5.5
1904,69,0.67,4.5
1904,68,0.66,3.5
1904,67,0.67,4.5
1904,66,0.67,3.5
1904,65,0.66,2.5
1904,64,0.66,1.5
1904,63,0.65,1.5
1904,62,0.65,1.5
1904,61,0.64,1.5
1904,60,0.63,1.0
1904,59,0.63,1.0
1904,58,0.64,2.0
1904,57,0.63,1.0
1904,56,0.62,0.5
1904,55,0.64,1.5
1904,54,0.65,2.5
1904,53,0.66,3.5
1904,52,0.67,4.5
1904,51,0.67,5.0
1904,50,0.66,4.5
1904,49,0.65,3.5
1904,48,0.67,4.5
1904,47,0.68,5.0
1904,46,0.67,4.0
1904,45,0.67,4.0
1904,44,0.68,4.5
1904,43,0.67,4.0
1904,42,0.69,5.0
1904,41,0.71,5.0
1904,40,0.7,4.5
1904,39,0.69,4.5
1904,38,0.68,3.5
1904,37,0.7,4.5
1904,36,0.72,5.5
1904,34,0.71,4.5
1904,35,0.71,4.5
1904,33,0.7,3.0
1904,32,0.69,3.0
1904,31,0.68,3.0
1904,30,0.7,4.0
1904,29,0.69,3.5
1904,28,0.68,3.0
1904,27,0.7,3.0
1904,26,0.73,3.5
1904,25,0.72,3.0
1904,24,0.75,3.0
1904,23,0.78,4.0
1904,22,0.77,4.0
1904,21,0.76,3.0
1904,20,0.75,3.0
1904,19,0.74,3.0
1904,18,0.78,4.0
1904,17,0.82,5.0
1904,16,0.81,4.0
1904,15,0.8,3.0
1904,14,0.79,3.0
1904,13,0.77,2.0
1904,12,0.83,3.0
1904,11,0.82,3.0
1904,10,0.8,2.0
1904,9,0.78,1.5
1904,8,0.88,2.5
1904,7,0.86,1.5
1904,6,0.83,1.0
1904,5,0.8,1.0
1904,4,0.75,-0.5
1904,3,0.67,-0.5
1904,2,0.5,-0.5
1904,1,0.0,-1.0
1903,140,0.64,14.0
1903,141,0.65,14.0
1903,139,0.64,13.5
1903,138,0.64,13.5
1903,137,0.64,13.5
1903,136,0.65,14.0
1903,135,0.64,14.0
1903,134,0.65,14.0
1903,133,0.65,14.5
1903,132,0.66,15.5
1903,131,0.66,15.5
1903,130,0.65,14.5
1903,129,0.65,13.5
1903,128,0.65,12.5
1903,127,0.65,11.5
1903,126,0.64,11.0
1903,125,0.65,11.5
1903,124,0.65,12.0
1903,123,0.64,11.5
1903,121,0.64,11.0
1903,122,0.64,11.0
1903,120,0.63,10.0
1903,118,0.64,11.0
1903,119,0.64,11.0
1903,117,0.64,11.5
1903,116,0.64,10.0
1903,115,0.63,9.5
1903,114,0.63,9.5
1903,113,0.63,9.5
1903,112,0.63,9.5
1903,111,0.64,9.5
1903,110,0.64,8.5
1903,109,0.63,8.0
1903,108,0.63,7.5
1903,107,0.64,8.5
1903,106,0.63,8.5
1903,105,0.63,7.5
1903,104,0.63,8.5
1903,103,0.63,8.0
1903,102,0.64,7.5
1903,101,0.63,7.0
1903,100,0.63,7.0
1903,99,0.64,7.0
1903,98,0.63,7.0
1903,97,0.63,6.0
1903,96,0.64,6.0
1903,95,0.63,6.5
1903,94,0.63,5.5
1903,93,0.62,4.5
1903,92,0.62,3.5
1903,91,0.62,2.5
1903,90,0.62,3.5
1903,89,0.62,2.5
1903,88,0.62,3.5
1903,87,0.62,3.5
1903,86,0.63,3.0
1903,85,0.64,2.5
1903,84,0.64,4.0
1903,83,0.65,4.5
1903,82,0.65,4.5
1903,81,0.64,4.5
1903,80,0.64,3.5
1903,79,0.63,2.5
1903,78,0.64,2.5
1903,77,0.64,4.5
1903,76,0.64,4.5
1903,75,0.64,4.0
1903,74,0.64,4.0
1903,73,0.63,3.0
1903,72,0.64,3.0
1903,71,0.63,4.0
1903,70,0.64,5.0
1903,69,0.64,4.0
1903,68,0.65,4.0
1903,67,0.64,4.0
1903,66,0.64,4.0
1903,65,0.65,4.0
1903,64,0.64,4.0
1903,63,0.63,4.0
1903,62,0.63,3.0
1903,61,0.64,3.0
1903,60,0.63,3.0
1903,59,0.64,3.0
1903,58,0.64,3.0
1903,57,0.63,3.0
1903,56,0.62,2.5
1903,55,0.62,1.0
1903,54,0.61,1.0
1903,53,0.62,1.0
1903,52,0.62,0.0
1903,51,0.61,-1.0
1903,50,0.6,-1.0
1903,49,0.59,-2.0
1903,47,0.6,-1.5
1903,48,0.6,-1.5
1903,46,0.61,-1.0
1903,45,0.62,0.5
1903,44,0.61,1.0
1903,43,0.6,0.0
1903,42,0.62,0.5
1903,41,0.63,1.5
1903,40,0.62,1.5
1903,39,0.62,1.0
1903,38,0.61,1.0
1903,37,0.59,0.5
1903,36,0.58,0.5
1903,35,0.57,0.5
1903,34,0.56,-0.5
1903,33,0.55,-0.5
1903,32,0.53,-2.5
1903,31,0.52,-2.5
1903,30,0.5,-2.5
1903,29,0.52,-1.5
1903,28,0.5,-2.5
1903,27,0.48,-3.5
1903,26,0.5,-2.5
1903,25,0.52,-2.5
1903,24,0.5,-3.0
1903,23,0.52,-3.5
1903,22,0.5,-3.5
1903,21,0.52,-2.5
1903,20,0.5,-2.5
1903,19,0.53,-2.5
1903,18,0.5,-2.5
1903,17,0.53,-3.0
1903,16,0.5,-3.0
1903,15,0.53,-3.0
1903,14,0.5,-3.0
1903,13,0.46,-2.5
1903,12,0.42,-3.0
1903,11,0.45,-2.0
1903,10,0.4,-3.0
1903,9,0.44,-2.5
1903,8,0.5,-1.5
1903,7,0.43,-2.5
1903,6,0.5,-1.5
1903,5,0.4,-1.5
1903,4,0.25,-2.0
1903,3,0.33,-1.0
1903,1,1.0,0.0
1903,2,0.5,0.0
1902,138,0.56,-6.5
1902,137,0.55,-7.0
1902,136,0.55,-7.0
1902,135,0.55,-9.0
1902,134,0.55,-7.5
1902,133,0.55,-7.5
1902,132,0.55,-7.5
1902,131,0.55,-7.5
1902,130,0.55,-6.5
1902,129,0.56,-5.5
1902,128,0.55,-5.5
1902,127,0.56,-5.5
1902,126,0.56,-5.0
1902,124,0.56,-5.0
1902,125,0.55,-5.0
1902,123,0.56,-3.0
1902,122,0.56,-4.0
1902,121,0.56,-2.5
1902,120,0.56,-2.5
1902,119,0.55,-2.5
1902,118,0.56,-1.5
1902,117,0.56,-2.0
1902,116,0.55,-2.0
1902,114,0.55,-2.0
1902,115,0.56,-2.0
1902,113,0.56,-1.0
1902,112,0.55,-1.0
1902,111,0.56,-1.0
1902,110,0.56,-1.0
1902,109,0.56,-2.5
1902,108,0.56,-3.0
1902,107,0.55,-3.0
1902,106,0.56,-3.0
1902,105,0.55,-3.0
1902,104,0.55,-3.0
1902,103,0.54,-3.0
1902,102,0.55,-2.0
1902,101,0.54,-2.0
1902,100,0.55,-1.5
1902,99,0.56,-1.0
1902,98,0.55,-1.0
1902,97,0.55,-2.0
1902,96,0.54,-2.5
1902,95,0.54,-3.0
1902,94,0.54,-2.0
1902,93,0.54,-3.0
1902,92,0.54,-2.0
1902,91,0.54,-3.0
1902,90,0.54,-3.0
1902,89,0.54,-3.0
1902,88,0.55,-3.0
1902,87,0.54,-3.0
1902,86,0.55,-2.0
1902,85,0.54,-1.5
1902,84,0.55,-0.5
1902,83,0.55,-0.5
1902,82,0.56,-0.5
1902,81,0.56,-1.5
1902,80,0.55,-1.5
1902,79,0.54,-2.0
1902,78,0.54,-2.5
1902,77,0.53,-3.5
1902,76,0.53,-4.5
1902,75,0.52,-5.5
1902,74,0.51,-6.5
1902,73,0.52,-6.5
1902,72,0.53,-6.5
1902,71,0.54,-5.5
1902,70,0.54,-5.5
1902,69,0.55,-5.0
1902,68,0.56,-4.0
1902,67,0.55,-4.0
1902,66,0.55,-4.5
1902,65,0.55,-4.0
1902,64,0.56,-3.0
1902,63,0.56,-4.5
1902,62,0.56,-3.5
1902,61,0.56,-3.5
1902,60,0.55,-3.0
1902,59,0.56,-3.5
1902,58,0.55,-3.5
1902,57,0.54,-4.0
1902,56,0.54,-4.5
1902,55,0.53,-5.5
1902,54,0.54,-5.0
1902,53,0.55,-3.5
1902,52,0.54,-5.0
1902,51,0.53,-5.0
1902,50,0.54,-4.5
1902,49,0.53,-4.5
1902,47,0.53,-5.0
1902,48,0.52,-5.0
1902,46,0.54,-3.0
1902,45,0.53,-3.5
1902,44,0.52,-4.5
1902,43,0.53,-3.5
1902,42,0.55,-2.5
1902,41,0.56,-1.5
1902,40,0.55,-1.5
1902,39,0.56,-1.0
1902,38,0.55,-1.0
1902,37,0.57,-1.0
1902,36,0.58,-0.5
1902,35,0.57,-1.5
1902,34,0.59,-1.0
1902,33,0.58,-1.0
1902,32,0.59,0.0
1902,31,0.58,0.0
1902,30,0.6,0.0
1902,29,0.59,0.0
1902,28,0.57,0.0
1902,27,0.56,-1.0
1902,26,0.58,0.0
1902,25,0.56,-1.0
1902,24,0.54,-2.0
1902,23,0.57,-1.0
1902,22,0.59,0.0
1902,21,0.57,-0.5
1902,20,0.6,-0.5
1902,19,0.58,-0.5
1902,18,0.56,-1.5
1902,17,0.59,-1.5
1902,16,0.56,-1.5
1902,15,0.53,-2.0
1902,14,0.57,-1.5
1902,13,0.62,-0.5
1902,12,0.58,-0.5
1902,11,0.55,-1.0
1902,10,0.5,-2.0
1902,9,0.44,-2.0
1902,8,0.5,-1.0
1902,7,0.43,-1.5
1902,6,0.5,-0.5
1902,5,0.4,-1.5
1902,4,0.5,-0.5
1902,3,0.67,-0.5
1902,2,0.5,-0.5
1902,1,1.0,0.5
1901,137,0.57,-4.0
1901,138,0.57,-4.0
1901,136,0.57,-5.0
1901,135,0.56,-5.0
1901,134,0.56,-6.0
1901,133,0.56,-7.0
1901,132,0.55,-8.0
1901,131,0.56,-8.0
1901,130,0.56,-7.5
1901,129,0.57,-7.5
1901,128,0.56,-6.5
1901,127,0.56,-7.0
1901,126,0.56,-7.0
1901,125,0.56,-6.0
1901,124,0.56,-6.5
1901,123,0.56,-6.5
1901,122,0.56,-7.0
1901,121,0.56,-7.0
1901,120,0.56,-7.0
1901,119,0.56,-7.0
1901,118,0.57,-5.0
1901,117,0.57,-4.0
1901,116,0.58,-3.5
1901,115,0.57,-4.0
1901,114,0.58,-3.0
1901,113,0.58,-3.0
1901,112,0.59,-2.5
1901,111,0.59,-2.5
1901,110,0.58,-3.0
1901,109,0.59,-3.0
1901,108,0.59,-1.5
1901,107,0.59,-2.0
1901,106,0.59,-1.5
1901,105,0.6,-0.5
1901,104,0.6,-1.5
1901,103,0.6,-0.5
1901,102,0.61,-0.5
1901,101,0.6,-0.5
1901,100,0.6,-0.5
1901,99,0.6,-1.5
1901,98,0.59,-1.5
1901,97,0.59,-2.5
1901,96,0.58,-3.5
1901,95,0.58,-4.5
1901,94,0.57,-4.5
1901,93,0.58,-4.5
1901,92,0.58,-5.0
1901,91,0.58,-5.0
1901,89,0.58,-5.0
1901,90,0.58,-5.0
1901,87,0.57,-5.5
1901,88,0.58,-5.5
1901,86,0.58,-6.0
1901,85,0.59,-5.0
1901,84,0.6,-5.0
1901,83,0.59,-5.5
1901,82,0.6,-5.5
1901,81,0.59,-5.5
1901,80,0.6,-5.5
1901,79,0.59,-5.5
1901,78,0.6,-4.5
1901,77,0.61,-3.5
1901,76,0.61,-4.5
1901,75,0.61,-3.5
1901,74,0.61,-3.5
1901,73,0.62,-2.5
1901,72,0.62,-1.5
1901,71,0.62,-1.5
1901,70,0.63,-1.5
1901,69,0.62,-1.5
1901,68,0.63,-1.5
1901,67,0.64,-1.5
1901,66,0.65,-0.5
1901,65,0.65,-0.5
1901,64,0.64,-1.0
1901,63,0.63,-1.5
1901,62,0.65,-0.5
1901,61,0.66,-0.5
1901,60,0.65,-0.5
1901,59,0.64,-0.5
1901,58,0.66,1.0
1901,57,0.65,0.0
1901,56,0.64,-1.0
1901,55,0.64,-1.0
1901,54,0.63,-1.0
1901,53,0.62,-3.0
1901,52,0.62,-3.0
1901,51,0.61,-3.0
1901,50,0.62,-2.0
1901,49,0.61,-2.0
1901,48,0.6,-2.0
1901,47,0.62,-1.0
1901,46,0.61,-1.0
1901,45,0.62,0.0
1901,44,0.61,0.0
1901,43,0.6,0.0
1901,42,0.6,-1.0
1901,41,0.59,-2.0
1901,39,0.56,-3.0
1901,40,0.57,-3.0
1901,38,0.55,-5.0
1901,37,0.54,-5.5
1901,36,0.53,-5.5
1901,35,0.54,-4.5
1901,34,0.53,-5.5
1901,33,0.52,-6.5
1901,32,0.5,-6.5
1901,31,0.48,-7.5
1901,30,0.47,-7.5
1901,29,0.45,-8.0
1901,28,0.46,-7.0
1901,27,0.48,-7.0
1901,26,0.46,-8.0
1901,25,0.44,-9.0
1901,24,0.46,-8.0
1901,23,0.48,-8.0
1901,22,0.5,-5.0
1901,21,0.48,-5.0
1901,20,0.5,-4.5
1901,19,0.47,-5.0
1901,18,0.44,-6.5
1901,17,0.41,-6.5
1901,16,0.44,-5.5
1901,15,0.47,-5.0
1901,14,0.5,-5.0
1901,13,0.54,-3.5
1901,12,0.58,-2.0
1901,11,0.55,-3.0
1901,10,0.5,-3.5
1901,9,0.44,-3.5
1901,8,0.38,-3.0
1901,7,0.29,-4.0
1901,6,0.33,-3.0
1901,5,0.2,-3.0
1901,4,0.25,-3.0
1901,3,0.0,-4.0
1901,2,0.0,-2.5
1901,1,0.0,-1.5
