game_pk,game_date,pitch_id,inning,ab_number,pitch_number,batter,pitcher,pitch_name,pitch_velocity,pitch_call,pitch_in_zone,at_bat_eventual_result,at_bat_eventual_desc,dist_from_sz_center_inches,dist_from_sz_edge_inches,inside_margin_inches,zone,px,pz,sz_bot,sz_top,team_role
831602,2026-03-20,6a9fbf04-6685-32c7-b021-b9a6685a4c12,1,6,1,Yandy Díaz,Blake Wehunt,Sinker,96.3,called_strike,False,Walk,Yandy Díaz walks.,3.2303841043408177,1.7803841043408175,0.0,14.0,0.9771986753617348,1.991362202593796,1.629,3.228,thrown_by_redsox
831602,2026-03-20,e27eb84e-dbcc-3536-8b3d-d828c59f705e,1,6,2,Yandy Díaz,Blake Wehunt,Cutter,90.1,ball,False,Walk,Yandy Díaz walks.,12.080833152706768,10.630833152706767,0.0,12.0,1.7147360960588973,3.0649199361027946,1.629,3.228,thrown_by_redsox
831602,2026-03-20,ef7b91db-c772-3ef1-9675-80a2cc5e022c,1,6,3,Yandy Díaz,Blake Wehunt,Changeup,86.0,ball,False,Walk,Yandy Díaz walks.,7.110520838506135,5.660520838506135,0.0,13.0,-0.6090491047939932,1.0364565967911554,1.629,3.228,thrown_by_redsox
831602,2026-03-20,52f2ed57-aec5-37c2-8b52-17748c630e48,1,6,4,Yandy Díaz,Blake Wehunt,Cutter,91.5,ball,False,Walk,Yandy Díaz walks.,9.714157361794452,8.264157361794453,0.0,12.0,1.517513113482871,2.777024553664281,1.629,3.228,thrown_by_redsox
831602,2026-03-20,ae510321-3815-30c2-b0ec-dfa4aa25e29f,1,6,5,Yandy Díaz,Blake Wehunt,Sinker,96.1,ball,False,Walk,Yandy Díaz walks.,7.616022274114228,6.166022274114228,0.0,14.0,1.3426685228428523,2.007831033575738,1.629,3.228,thrown_by_redsox
831602,2026-03-20,44a8ef16-7d4e-3f52-a9c3-e9fa30662265,1,7,1,Jonathan Aranda,Blake Wehunt,Sinker,95.6,swinging_strike,False,Strikeout,Jonathan Aranda strikes out swinging.,2.9685757983616834,1.5185757983616832,0.0,14.0,0.7506039193753429,1.3663149125981553,1.61,3.189,thrown_by_redsox
831602,2026-03-20,d9f0de11-0a88-341b-aa5a-a3654ce2f52c,1,7,2,Jonathan Aranda,Blake Wehunt,Sinker,95.9,swinging_strike,True,Strikeout,Jonathan Aranda strikes out swinging.,0.0,-1.45,5.057401652869922,5.0,-0.08252056670057906,2.1522834710724936,1.61,3.189,thrown_by_redsox
831602,2026-03-20,62b32175-6439-366a-bd7a-5b5411a86233,1,7,3,Jonathan Aranda,Blake Wehunt,Sinker,96.4,ball,False,Strikeout,Jonathan Aranda strikes out swinging.,7.720712025395686,6.270712025395686,0.0,11.0,-1.3513926687829738,2.7077676813002967,1.61,3.189,thrown_by_redsox
831602,2026-03-20,6f7b9a87-87ae-355f-820b-69fd24d1ea3a,1,7,4,Jonathan Aranda,Blake Wehunt,Slider,84.6,ball,False,Strikeout,Jonathan Aranda strikes out swinging.,9.312469301268747,7.862469301268746,0.0,11.0,-1.3437024841897087,3.634105660963695,1.61,3.189,thrown_by_redsox
831602,2026-03-20,56521531-264a-37e5-83bb-00478b8bd39d,1,7,5,Jonathan Aranda,Blake Wehunt,Slider,85.1,swinging_strike,False,Strikeout,Jonathan Aranda strikes out swinging.,2.7488961764880333,1.2988961764880333,0.0,12.0,0.45786784317284157,3.418074681374003,1.61,3.189,thrown_by_redsox
831602,2026-03-20,2bee7218-970b-3364-b3a9-2961eba7348b,1,8,1,Gavin Lux,Blake Wehunt,Cutter,91.1,ball,False,Strikeout,Gavin Lux called out on strikes.,2.427001948471222,0.9770019484712222,0.0,12.0,0.4510472564105643,3.3682501623726018,1.598,3.166,thrown_by_redsox
831602,2026-03-20,9fac567a-af26-38a5-947c-ea49c67a3b14,1,8,2,Gavin Lux,Blake Wehunt,Changeup,87.1,foul,False,Strikeout,Gavin Lux called out on strikes.,2.370939288288839,0.920939288288839,0.0,13.0,-0.9055782740240699,1.7114125261343114,1.598,3.166,thrown_by_redsox
831602,2026-03-20,b51e17a7-ed9e-367e-8187-3da8477363aa,1,8,3,Gavin Lux,Blake Wehunt,Changeup,87.1,ball,False,Strikeout,Gavin Lux called out on strikes.,2.9470367019591563,1.4970367019591564,0.0,11.0,-0.9535863918299297,2.6692996455614733,1.598,3.166,thrown_by_redsox
831602,2026-03-20,ed46cecc-e2e6-3dc1-838c-0a0db174e9c2,1,8,4,Gavin Lux,Blake Wehunt,Sinker,96.6,called_strike,True,Strikeout,Gavin Lux called out on strikes.,0.0,-1.45,4.278173885032757,5.0,0.2306521762472702,2.32321598615498,1.598,3.166,thrown_by_redsox
831602,2026-03-20,59d87f9e-2521-3260-b9bb-a314f099a0c4,1,8,5,Gavin Lux,Blake Wehunt,Slider,84.4,called_strike,True,Strikeout,Gavin Lux called out on strikes.,0.0,-1.45,4.620002537779296,5.0,-0.06660274146858525,2.1038335448149414,1.598,3.166,thrown_by_redsox
831602,2026-03-20,df8a8fc5-2657-307b-a955-f7229530c05e,1,9,1,Junior Caminero,Blake Wehunt,Sinker,96.8,ball,False,Double,Junior Caminero doubles (1) on a sharp line drive to center fielder Ceddanne Rafaela. Yandy Díaz scores.,1.5450177138274146,0.09501771382741458,0.0,14.0,0.8367514761522845,1.8371351127328044,1.637,3.244,thrown_by_redsox
831602,2026-03-20,4a9caded-5300-38e2-b832-8e53612a1369,1,9,2,Junior Caminero,Blake Wehunt,Cutter,90.6,called_strike,True,Double,Junior Caminero doubles (1) on a sharp line drive to center fielder Ceddanne Rafaela. Yandy Díaz scores.,0.0,-1.45,1.4193483519871253,3.0,0.4688876373344062,2.952830557178394,1.637,3.244,thrown_by_redsox
831602,2026-03-20,58060545-44b6-3cc2-bc3f-928cdf6a48c3,1,9,3,Junior Caminero,Blake Wehunt,Changeup,87.5,foul,True,Double,Junior Caminero doubles (1) on a sharp line drive to center fielder Ceddanne Rafaela. Yandy Díaz scores.,0.0,-1.45,2.437068904664483,8.0,-0.1804780497085654,1.9609224087220403,1.637,3.244,thrown_by_redsox
831602,2026-03-20,49ef0b4f-2342-33ee-9c62-1cf9295b5653,1,9,4,Junior Caminero,Blake Wehunt,Sinker,96.3,foul,True,Double,Junior Caminero doubles (1) on a sharp line drive to center fielder Ceddanne Rafaela. Yandy Díaz scores.,0.0,-1.45,5.204506373389518,5.0,-0.026136132978013427,2.6894578022175404,1.637,3.244,thrown_by_redsox
831602,2026-03-20,394cea8d-5313-31bc-9f48-8fa86ad59021,1,9,5,Junior Caminero,Blake Wehunt,Changeup,86.0,ball,False,Double,Junior Caminero doubles (1) on a sharp line drive to center fielder Ceddanne Rafaela. Yandy Díaz scores.,10.187252760162018,8.737252760162018,0.0,11.0,-0.9175575998137724,4.066666932482866,1.637,3.244,thrown_by_redsox
831602,2026-03-20,ea835192-6f6c-3a84-a76e-363edf32f338,1,9,6,Junior Caminero,Blake Wehunt,Slider,85.6,hit_into_play,True,Double,Junior Caminero doubles (1) on a sharp line drive to center fielder Ceddanne Rafaela. Yandy Díaz scores.,0.0,-1.45,2.9070461895526982,6.0,0.3449128175372751,2.660948667147674,1.637,3.244,thrown_by_redsox
831602,2026-03-20,e0fe98ea-fc7a-3c76-b3c8-94bd2b3bb5f3,1,10,1,Jake Fraley,Blake Wehunt,Sinker,97.1,called_strike,True,Groundout,"Jake Fraley grounds out, first baseman Willson Contreras to pitcher Blake Wehunt.",0.0,-1.45,1.9106189860000775,9.0,0.4279484178333268,1.9667154562204954,1.6,3.17,thrown_by_redsox
831602,2026-03-20,200a47be-029d-3917-8412-dfdc3e787cab,1,10,2,Jake Fraley,Blake Wehunt,Sinker,96.7,ball,False,Groundout,"Jake Fraley grounds out, first baseman Willson Contreras to pitcher Blake Wehunt.",11.174596803537614,9.724596803537613,0.0,11.0,-1.639216400294801,2.5639165660622347,1.6,3.17,thrown_by_redsox
831602,2026-03-20,4e2f5ab7-272b-35d2-a473-e0dd3f9554cd,1,10,3,Jake Fraley,Blake Wehunt,Slider,84.3,swinging_strike,True,Groundout,"Jake Fraley grounds out, first baseman Willson Contreras to pitcher Blake Wehunt.",0.0,-1.45,0.49075765160256796,4.0,-0.546270195699786,2.410669584372032,1.6,3.17,thrown_by_redsox
831602,2026-03-20,2095ee71-1433-3adc-86d0-f9c76eaa0ef3,1,10,4,Jake Fraley,Blake Wehunt,Sinker,97.3,foul,True,Groundout,"Jake Fraley grounds out, first baseman Willson Contreras to pitcher Blake Wehunt.",1.0922970498231948,-0.35770295017680526,0.0,1.0,-0.7990247541519329,2.688352328192072,1.6,3.17,thrown_by_redsox
831602,2026-03-20,edfedacf-bc31-3df8-bf26-09279ee413a9,1,10,5,Jake Fraley,Blake Wehunt,Changeup,87.4,hit_into_play,False,Groundout,"Jake Fraley grounds out, first baseman Willson Contreras to pitcher Blake Wehunt.",4.1609433678871035,2.7109433678871033,0.0,13.0,-1.0547452806572586,1.8851435355849313,1.6,3.17,thrown_by_redsox
831602,2026-03-20,96ced253-18ee-3a2b-ba44-2813c23a06ec,2,14,1,Cedric Mullins,Blake Wehunt,Sinker,95.9,ball,False,Lineout,Cedric Mullins lines out to right fielder Jarren Duran.,3.356328350708189,1.906328350708189,0.0,11.0,-0.5532563461726261,3.2846940292256823,1.517,3.005,thrown_by_redsox
831602,2026-03-20,7cb47b8f-5f05-3fa8-8766-d75f7f34569a,2,14,2,Cedric Mullins,Blake Wehunt,Sinker,96.4,foul,True,Lineout,Cedric Mullins lines out to right fielder Jarren Duran.,0.0,-1.45,2.771400119050636,4.0,-0.3562166567457803,2.2982852953511914,1.517,3.005,thrown_by_redsox
831602,2026-03-20,c3004c37-edcb-36b1-b13e-b237b1eab00a,2,14,3,Cedric Mullins,Blake Wehunt,Sinker,96.0,called_strike,True,Lineout,Cedric Mullins lines out to right fielder Jarren Duran.,0.965054418500678,-0.48494558149932204,0.0,3.0,0.42881896221053273,3.085421201541723,1.517,3.005,thrown_by_redsox
831602,2026-03-20,b7ac9c1f-4104-35f0-83d9-1b93b5cbf433,2,14,4,Cedric Mullins,Blake Wehunt,Slider,84.8,ball,False,Lineout,Cedric Mullins lines out to right fielder Jarren Duran.,6.373278994572891,4.923278994572891,0.0,11.0,-0.7522302232586733,3.5342616458143357,1.517,3.005,thrown_by_redsox
831602,2026-03-20,f4ca58c9-1cad-37b4-a8a9-068ffb20d4ce,2,14,5,Cedric Mullins,Blake Wehunt,Changeup,88.1,hit_into_play,False,Lineout,Cedric Mullins lines out to right fielder Jarren Duran.,1.8927096564534835,0.44270965645348354,0.0,14.0,0.18469922787526283,1.359274195295543,1.517,3.005,thrown_by_redsox
831602,2026-03-20,aeb0d248-11b3-31f3-98a9-1726de091b75,2,15,1,Jonny DeLuca,Blake Wehunt,Cutter,89.3,ball,False,Single,Jonny DeLuca singles on a ground ball to second baseman Marcelo Mayer.,8.073821428884568,6.623821428884567,0.0,11.0,-0.5949574895447223,3.8058184524070473,1.581,3.133,thrown_by_redsox
831602,2026-03-20,c90ea1d8-6887-3e9c-a25f-e9326440d209,2,15,2,Jonny DeLuca,Blake Wehunt,Slider,83.3,ball,False,Single,Jonny DeLuca singles on a ground ball to second baseman Marcelo Mayer.,2.385732253061194,0.9357322530611942,0.0,11.0,-0.9068110210884328,3.077956412823558,1.581,3.133,thrown_by_redsox
831602,2026-03-20,8b5296b5-7836-354a-aa6e-601fb213158b,2,15,3,Jonny DeLuca,Blake Wehunt,Sinker,96.4,hit_into_play,True,Single,Jonny DeLuca singles on a ground ball to second baseman Marcelo Mayer.,0.0,-1.45,0.0,6.0,0.676318024307708,2.3432782439274726,1.581,3.133,thrown_by_redsox
831602,2026-03-20,51a1d424-3f38-3801-bff1-646e64efddcf,2,16,1,Hunter Feduccia,Blake Wehunt,Sinker,95.9,called_strike,True,Strikeout,"Mickey Gasper challenged (pitch result), call on the field was overturned: Hunter Feduccia called out on strikes.",0.0,-1.45,1.4012465805123038,4.0,-0.4703961182906413,2.4511574190598315,1.646,3.262,thrown_by_redsox
831602,2026-03-20,785f392e-c356-3b8f-95c4-66cc6167f72f,2,16,2,Hunter Feduccia,Blake Wehunt,Cutter,90.0,swinging_strike,True,Strikeout,"Mickey Gasper challenged (pitch result), call on the field was overturned: Hunter Feduccia called out on strikes.",0.0,-1.45,3.335079245326516,2.0,-0.016988025621601732,2.8632433962227903,1.646,3.262,thrown_by_redsox
831602,2026-03-20,1c933cbb-5cb6-38c6-9ff1-696bfdc1ca91,2,16,3,Hunter Feduccia,Blake Wehunt,Slider,85.2,called_strike,True,Strikeout,"Mickey Gasper challenged (pitch result), call on the field was overturned: Hunter Feduccia called out on strikes.",0.25368324328117353,-1.1963167567188264,0.0,7.0,-0.3384718141987322,1.6248597297265688,1.646,3.262,thrown_by_redsox
831602,2026-03-20,8c1bfedd-a6d0-3ba7-bc68-da6a80c5e5d3,2,17,1,Carson Williams,Blake Wehunt,Sinker,95.3,called_strike,True,Lineout,Carson Williams lines out sharply to center fielder Ceddanne Rafaela.,0.0,-1.45,0.0,6.0,0.5977353353397137,2.6223412621114566,1.642,3.254,thrown_by_redsox
831602,2026-03-20,dfbc2317-cc8c-3fe8-b11f-fe62abdfa7a3,2,17,2,Carson Williams,Blake Wehunt,Slider,85.2,hit_into_play,True,Lineout,Carson Williams lines out sharply to center fielder Ceddanne Rafaela.,0.0,-1.45,4.631566679267919,5.0,0.08498794174792001,2.1487972232723265,1.642,3.254,thrown_by_redsox
831602,2026-03-20,1e656877-86fa-3497-9b54-11d5aeddfa08,3,22,1,Yandy Díaz,Blake Wehunt,Cutter,90.0,foul,True,Single,"Yandy Díaz singles on a ground ball to right fielder Jarren Duran, deflected by first baseman Willson Contreras.",0.0,-1.45,0.0,3.0,0.6122809498844091,2.9601201313780336,1.629,3.228,thrown_by_redsox
831602,2026-03-20,d1fca26c-a45b-386c-a778-574090173255,3,22,2,Yandy Díaz,Blake Wehunt,Sinker,95.8,called_strike,True,Single,"Yandy Díaz singles on a ground ball to right fielder Jarren Duran, deflected by first baseman Willson Contreras.",0.0,-1.45,0.0,6.0,0.6937158267095425,2.5196537075471204,1.629,3.228,thrown_by_redsox
831602,2026-03-20,e3f11774-a8e5-367c-a449-972bb386a4bb,3,22,3,Yandy Díaz,Blake Wehunt,Sinker,96.8,hit_into_play,True,Single,"Yandy Díaz singles on a ground ball to right fielder Jarren Duran, deflected by first baseman Willson Contreras.",0.0,-1.45,3.0965053744703415,3.0,0.3291245521274715,2.8469069442539343,1.629,3.228,thrown_by_redsox
831602,2026-03-20,289a0e07-61cd-33ae-8c0b-680730dd91e5,3,23,1,Jonathan Aranda,Blake Wehunt,Changeup,86.6,ball,False,Flyout,Jonathan Aranda flies out sharply to center fielder Ceddanne Rafaela.,20.444969443393052,18.994969443393053,0.0,11.0,-2.163303702128168,4.074915639480053,1.61,3.189,thrown_by_redsox
831602,2026-03-20,b7da8ac3-3581-3ada-a0c3-cbda2608a323,3,23,2,Jonathan Aranda,Blake Wehunt,Curveball,82.2,ball,False,Flyout,Jonathan Aranda flies out sharply to center fielder Ceddanne Rafaela.,12.10617732192058,10.65617732192058,0.0,11.0,-1.169858943240353,4.08591740195093,1.61,3.189,thrown_by_redsox
831602,2026-03-20,bcd1910c-b482-3bac-bd18-9bd6dc9fdbfd,3,23,3,Jonathan Aranda,Blake Wehunt,Sinker,95.5,foul_tip,False,Flyout,Jonathan Aranda flies out sharply to center fielder Ceddanne Rafaela.,5.490595477258964,4.040595477258964,0.0,12.0,0.3380786773180564,3.6465496231049137,1.61,3.189,thrown_by_redsox
831602,2026-03-20,bde6cd34-e51f-33c2-8421-9b3c5b235fa0,3,23,4,Jonathan Aranda,Blake Wehunt,Sinker,95.4,foul,True,Flyout,Jonathan Aranda flies out sharply to center fielder Ceddanne Rafaela.,0.0,-1.45,0.5909434795823263,3.0,0.37449455867408843,3.018921376701473,1.61,3.189,thrown_by_redsox
831602,2026-03-20,8733a8ac-12df-3c82-9cc2-e573566575e2,3,23,5,Jonathan Aranda,Blake Wehunt,Sinker,95.1,hit_into_play,True,Flyout,Jonathan Aranda flies out sharply to center fielder Ceddanne Rafaela.,0.0,-1.45,2.304940865648958,2.0,0.08633806428755997,2.87608826119592,1.61,3.189,thrown_by_redsox
831602,2026-03-20,acfeb66a-c46f-38ad-96d9-db36bdc54dbd,3,24,1,Gavin Lux,Blake Wehunt,Slider,83.8,foul,True,GIDP,"Gavin Lux grounds into a double play, second baseman Marcelo Mayer to shortstop Isiah Kiner-Falefa to first baseman Willson Contreras. Yandy Díaz out at 2nd. Gavin Lux out at 1st.",0.0,-1.45,0.5747523649601816,4.0,-0.5392706362533182,2.6575131106405685,1.598,3.166,thrown_by_redsox
831602,2026-03-20,102be39d-a83e-3c02-a906-e971403bff38,3,24,2,Gavin Lux,Blake Wehunt,Curveball,81.7,ball,False,GIDP,"Gavin Lux grounds into a double play, second baseman Marcelo Mayer to shortstop Isiah Kiner-Falefa to first baseman Willson Contreras. Yandy Díaz out at 2nd. Gavin Lux out at 1st.",4.966635267751227,3.5166352677512265,0.0,12.0,1.1218862723126022,2.520608825821559,1.598,3.166,thrown_by_redsox
831602,2026-03-20,e045c703-20b2-3131-b129-05e70133ac3f,3,24,3,Gavin Lux,Blake Wehunt,Sinker,95.2,ball,False,GIDP,"Gavin Lux grounds into a double play, second baseman Marcelo Mayer to shortstop Isiah Kiner-Falefa to first baseman Willson Contreras. Yandy Díaz out at 2nd. Gavin Lux out at 1st.",13.440288515293567,11.990288515293567,0.0,12.0,1.8280240429411305,2.577121501088943,1.598,3.166,thrown_by_redsox
831602,2026-03-20,fb0f9837-f76d-3ebc-bfe5-5a23558b1fa6,3,24,4,Gavin Lux,Blake Wehunt,Sinker,95.3,called_strike,True,GIDP,"Gavin Lux grounds into a double play, second baseman Marcelo Mayer to shortstop Isiah Kiner-Falefa to first baseman Willson Contreras. Yandy Díaz out at 2nd. Gavin Lux out at 1st.",0.391847085333926,-1.058152914666074,0.0,9.0,0.7406539237778271,1.6852444176339185,1.598,3.166,thrown_by_redsox
831602,2026-03-20,512e83e4-01dd-3c0d-ba26-0def206ba052,3,24,5,Gavin Lux,Blake Wehunt,Changeup,87.2,ball,False,GIDP,"Gavin Lux grounds into a double play, second baseman Marcelo Mayer to shortstop Isiah Kiner-Falefa to first baseman Willson Contreras. Yandy Díaz out at 2nd. Gavin Lux out at 1st.",4.279735991383555,2.829735991383555,0.0,14.0,1.048452575996052,1.4917575355742252,1.598,3.166,thrown_by_redsox
831602,2026-03-20,70e7337d-0657-38c0-8905-8b307efc2dfa,3,24,6,Gavin Lux,Blake Wehunt,Sinker,95.7,hit_into_play,True,GIDP,"Gavin Lux grounds into a double play, second baseman Marcelo Mayer to shortstop Isiah Kiner-Falefa to first baseman Willson Contreras. Yandy Díaz out at 2nd. Gavin Lux out at 1st.",0.0,-1.45,0.2675649768878669,3.0,0.5648695852593444,2.692580754915686,1.598,3.166,thrown_by_redsox
831602,2026-03-20,a1a6d1e4-070c-307f-bb4f-34b7772637c2,4,29,1,Junior Caminero,Blake Wehunt,Changeup,85.0,swinging_strike,False,Flyout,Junior Caminero flies out sharply to right fielder Jarren Duran.,3.990501873021424,2.540501873021424,0.0,13.0,-0.2203073566647804,1.3044581772482147,1.637,3.244,thrown_by_redsox
831602,2026-03-20,758fa1a3-140c-326e-bb29-210214f5a46e,4,29,2,Junior Caminero,Blake Wehunt,Sinker,95.5,ball,False,Flyout,Junior Caminero flies out sharply to right fielder Jarren Duran.,10.632706953982039,9.182706953982038,0.0,12.0,1.5940589128318365,3.0083515664487313,1.637,3.244,thrown_by_redsox
831602,2026-03-20,79022d15-b1a7-3ec0-bcd2-0de564b58f4c,4,29,3,Junior Caminero,Blake Wehunt,Slider,83.2,hit_into_play,True,Flyout,Junior Caminero flies out sharply to right fielder Jarren Duran.,0.0,-1.45,4.589998314827109,5.0,-0.20466680709774088,2.6119387838414236,1.637,3.244,thrown_by_redsox
831602,2026-03-20,5f4fdc32-26a7-3403-bf39-c44fbe498654,4,30,1,Jake Fraley,Blake Wehunt,Cutter,89.0,ball,False,Pop Out,Jake Fraley pops out to shortstop Isiah Kiner-Falefa.,5.797988876386166,4.347988876386165,0.0,12.0,0.34149916809445546,3.653165739698847,1.6,3.17,thrown_by_redsox
831602,2026-03-20,c3ae9ef7-9118-3573-8e74-32bcfcfa107f,4,30,2,Jake Fraley,Blake Wehunt,Sinker,95.5,hit_into_play,True,Pop Out,Jake Fraley pops out to shortstop Isiah Kiner-Falefa.,0.0,-1.45,0.0,2.0,0.03310219882768628,3.097623936666741,1.6,3.17,thrown_by_redsox
831602,2026-03-20,92c6c5aa-ac77-3836-9c08-f97d2996123c,4,31,1,Cedric Mullins,Blake Wehunt,Sinker,95.9,ball,False,Lineout,Cedric Mullins lines out to first baseman Willson Contreras.,4.5604012577912645,3.1104012577912643,0.0,12.0,0.34162322079271634,3.385033438149272,1.517,3.005,thrown_by_redsox
831602,2026-03-20,10082d76-7f0a-38a9-8c86-780f54e81474,4,31,2,Cedric Mullins,Blake Wehunt,Cutter,87.5,called_strike,True,Lineout,Cedric Mullins lines out to first baseman Willson Contreras.,0.0,-1.45,0.48612393161763484,1.0,-0.4514681554461055,2.8436563390318637,1.517,3.005,thrown_by_redsox
831602,2026-03-20,eb56ccae-3b1f-3d4d-83dc-b85d0c764ad8,4,31,3,Cedric Mullins,Blake Wehunt,Slider,83.5,hit_into_play,False,Lineout,Cedric Mullins lines out to first baseman Willson Contreras.,4.622606602914447,3.1726066029144464,0.0,14.0,0.7529913030582627,1.1344191760521065,1.517,3.005,thrown_by_redsox
831602,2026-03-20,0d6e31a5-adc3-33b3-9bdf-2bd2b747a884,5,37,1,Jonny DeLuca,Jovani Morán,4-Seam Fastball,93.0,ball,False,Flyout,Jonny DeLuca flies out to left fielder Masataka Yoshida.,9.487268252012036,8.037268252012037,0.0,11.0,-1.4986056876676697,2.8670740668484935,1.581,3.133,thrown_by_redsox
831602,2026-03-20,c2bbc964-a3c9-346a-a5a1-310e79907e9a,5,37,2,Jonny DeLuca,Jovani Morán,Changeup,81.7,swinging_strike,True,Flyout,Jonny DeLuca flies out to left fielder Masataka Yoshida.,0.0,-1.45,1.8841349828096634,9.0,0.3762753763683325,1.8588445819008053,1.581,3.133,thrown_by_redsox
831602,2026-03-20,552ec918-1bae-3b11-8fab-2338aff87d00,5,37,3,Jonny DeLuca,Jovani Morán,4-Seam Fastball,93.2,foul,True,Flyout,Jonny DeLuca flies out to left fielder Masataka Yoshida.,0.0,-1.45,4.5059031711709805,5.0,-0.112109327445586,2.0773252642642484,1.581,3.133,thrown_by_redsox
831602,2026-03-20,856c6447-91e8-358e-b99b-3fad0766d07d,5,37,4,Jonny DeLuca,Jovani Morán,Changeup,83.1,hit_into_play,False,Flyout,Jonny DeLuca flies out to left fielder Masataka Yoshida.,1.5118735648665211,0.061873564866521125,0.0,14.0,0.8339894637388767,1.8013571698995925,1.581,3.133,thrown_by_redsox
831602,2026-03-20,32c38042-3298-37e2-8779-c7c6075b93b8,5,38,1,Hunter Feduccia,Jovani Morán,4-Seam Fastball,94.3,ball,False,Pop Out,Hunter Feduccia pops out to catcher Mickey Gasper.,1.9019173549243753,0.4519173549243753,0.0,11.0,-0.8664931129103646,2.7284035634568404,1.646,3.262,thrown_by_redsox
831602,2026-03-20,23ea25d4-5dc4-3b7e-89d2-aa86242f88de,5,38,2,Hunter Feduccia,Jovani Morán,Cutter,85.1,hit_into_play,True,Pop Out,Hunter Feduccia pops out to catcher Mickey Gasper.,0.0,-1.45,0.8656339238733566,9.0,0.4348974419235072,1.838969493656113,1.646,3.262,thrown_by_redsox
831602,2026-03-20,fd80cc7e-cf8a-3c62-992a-212871dc5617,5,39,1,Carson Williams,Jovani Morán,4-Seam Fastball,93.3,called_strike,True,Strikeout,Carson Williams strikes out swinging.,1.0388034962228314,-0.4111965037771686,0.0,8.0,0.2218909472148093,1.5554330419814306,1.642,3.254,thrown_by_redsox
831602,2026-03-20,ddce5809-3544-3dad-8772-8674343caa6d,5,39,2,Carson Williams,Jovani Morán,Changeup,83.8,swinging_strike,False,Strikeout,Carson Williams strikes out swinging.,1.9863468526843686,0.5363468526843687,0.0,14.0,0.6905210774136579,1.4764710956096359,1.642,3.254,thrown_by_redsox
831602,2026-03-20,318f3f43-641e-3c3e-be69-c5ae2e322492,5,39,3,Carson Williams,Jovani Morán,4-Seam Fastball,93.7,foul,True,Strikeout,Carson Williams strikes out swinging.,0.0,-1.45,0.518198511010658,6.0,0.5439834574157785,2.195124787025607,1.642,3.254,thrown_by_redsox
831602,2026-03-20,07a9ed1e-f9fd-33b3-8811-7312011afb97,5,39,4,Carson Williams,Jovani Morán,4-Seam Fastball,94.3,ball,False,Strikeout,Carson Williams strikes out swinging.,6.846493907094554,5.396493907094554,0.0,12.0,1.2785411589245461,2.810963599423421,1.642,3.254,thrown_by_redsox
831602,2026-03-20,1e1e3db4-a0f2-3d1a-9692-fce54ebfe46c,5,39,5,Carson Williams,Jovani Morán,Changeup,83.9,swinging_strike,False,Strikeout,Carson Williams strikes out swinging.,9.526446563959048,8.076446563959049,0.0,14.0,0.8964448074295968,0.8708197357676459,1.642,3.254,thrown_by_redsox
831602,2026-03-20,2f2b7200-a13a-35aa-82fa-458b38f8a0fe,6,43,1,Yandy Díaz,Eduardo Rivera,4-Seam Fastball,93.3,ball,False,Lineout,Yandy Díaz lines out to center fielder Ceddanne Rafaela.,6.245469021073761,4.795469021073761,0.0,12.0,0.468273947897734,3.748455751756147,1.629,3.228,thrown_by_redsox
831602,2026-03-20,bb9f176a-f971-31d1-802e-35ac614b483e,6,43,2,Yandy Díaz,Eduardo Rivera,4-Seam Fastball,94.8,called_strike,True,Lineout,Yandy Díaz lines out to center fielder Ceddanne Rafaela.,0.0,-1.45,1.2163492928567579,6.0,0.48580422559527014,2.385655550934496,1.629,3.228,thrown_by_redsox
831602,2026-03-20,c87c0623-74e4-318b-b1bf-d1e13d19459b,6,43,3,Yandy Díaz,Eduardo Rivera,4-Seam Fastball,96.0,foul,False,Lineout,Yandy Díaz lines out to center fielder Ceddanne Rafaela.,1.9930351208765007,0.5430351208765007,0.0,13.0,-0.20568279129008538,1.4629137399269583,1.629,3.228,thrown_by_redsox
831602,2026-03-20,6b7051e3-1691-35e1-8d16-3faf11c09e4c,6,43,4,Yandy Díaz,Eduardo Rivera,Changeup,89.4,ball,False,Lineout,Yandy Díaz lines out to center fielder Ceddanne Rafaela.,7.6412189207568755,6.191218920756874,0.0,12.0,1.342277589597755,3.2842648658774443,1.629,3.228,thrown_by_redsox
831602,2026-03-20,69b92cfa-3e0f-3345-aa06-31e25767efd4,6,43,5,Yandy Díaz,Eduardo Rivera,Changeup,88.5,hit_into_play,True,Lineout,Yandy Díaz lines out to center fielder Ceddanne Rafaela.,0.0,-1.45,6.856303620991348,5.0,0.015808031584054305,2.4120073888028184,1.629,3.228,thrown_by_redsox
831602,2026-03-20,fbc521b0-a94e-305c-8b94-ee7560fdea1d,6,44,1,Jonathan Aranda,Eduardo Rivera,4-Seam Fastball,93.4,hit_into_play,True,Flyout,Jonathan Aranda flies out to center fielder Ceddanne Rafaela.,0.0,-1.45,3.3202067369197854,2.0,0.11528113488957237,2.7914827719233513,1.61,3.189,thrown_by_redsox
831602,2026-03-20,2e5391e8-ee60-3486-a3e7-77c923a189ba,6,45,1,Gavin Lux,Eduardo Rivera,4-Seam Fastball,94.5,ball,False,Single,Gavin Lux singles on a fly ball to left fielder Kristian Campbell.,8.881597863433766,7.431597863433766,0.0,12.0,0.678702830422961,3.906133155286147,1.598,3.166,thrown_by_redsox
831602,2026-03-20,338a9552-7979-32d5-946e-98c28b69aad0,6,45,2,Gavin Lux,Eduardo Rivera,4-Seam Fastball,94.6,swinging_strike,False,Single,Gavin Lux singles on a fly ball to left fielder Kristian Campbell.,2.959728106840087,1.509728106840087,0.0,13.0,-0.9546440089033406,2.0428485441325357,1.598,3.166,thrown_by_redsox
831602,2026-03-20,95648349-722d-3fd0-8a88-fcd1b09296fc,6,45,3,Gavin Lux,Eduardo Rivera,4-Seam Fastball,92.9,foul,True,Single,Gavin Lux singles on a fly ball to left fielder Kristian Campbell.,0.0,-1.45,4.643377626698561,5.0,-0.20021853110845322,2.5209114417559233,1.598,3.166,thrown_by_redsox
831602,2026-03-20,87819e76-0e9d-37b9-9a4d-f79a0d7433b5,6,45,4,Gavin Lux,Eduardo Rivera,Changeup,84.7,ball,False,Single,Gavin Lux singles on a fly ball to left fielder Kristian Campbell.,27.48779200981631,26.037792009816314,0.0,13.0,-0.54579880142263,-0.6926493341513593,1.598,3.166,thrown_by_redsox
831602,2026-03-20,a0f9f4e0-293f-3c34-88fb-88c5549001ae,6,45,5,Gavin Lux,Eduardo Rivera,Changeup,84.5,ball,False,Single,Gavin Lux singles on a fly ball to left fielder Kristian Campbell.,8.295563445912343,6.845563445912342,0.0,14.0,1.3212793893591477,1.2789704262040633,1.598,3.166,thrown_by_redsox
831602,2026-03-20,3b452e81-8a58-36f9-abf9-8e532decc6a8,6,45,6,Gavin Lux,Eduardo Rivera,4-Seam Fastball,94.1,hit_into_play,True,Single,Gavin Lux singles on a fly ball to left fielder Kristian Campbell.,0.0,-1.45,0.7910562963344019,4.0,-0.5212453086387998,2.3953704122303177,1.598,3.166,thrown_by_redsox
831602,2026-03-20,77f1ed1b-a551-3363-9f26-29c5c79a0504,6,46,1,Junior Caminero,Eduardo Rivera,4-Seam Fastball,93.3,ball,False,Lineout,Junior Caminero lines out to right fielder Braiden Ward.,4.48003351832617,3.03003351832617,0.0,11.0,-0.3497838640835611,3.617336126527181,1.637,3.244,thrown_by_redsox
831602,2026-03-20,a0e0f710-1e2c-3cfe-aba4-b4803b8286c0,6,46,2,Junior Caminero,Eduardo Rivera,4-Seam Fastball,94.9,swinging_strike,True,Lineout,Junior Caminero lines out to right fielder Braiden Ward.,0.0,-1.45,0.0,1.0,-0.46863658148361687,3.238119857735641,1.637,3.244,thrown_by_redsox
831602,2026-03-20,91954a9f-5712-3337-9ea3-1f6bd567b71e,6,46,3,Junior Caminero,Eduardo Rivera,4-Seam Fastball,94.8,ball,False,Lineout,Junior Caminero lines out to right fielder Braiden Ward.,3.6512869683651124,2.201286968365112,0.0,12.0,1.012273914030426,2.8557900138365087,1.637,3.244,thrown_by_redsox
831602,2026-03-20,76477224-831b-33d5-9c75-e793666f3b48,6,46,4,Junior Caminero,Eduardo Rivera,4-Seam Fastball,94.3,ball,True,Lineout,Junior Caminero lines out to right fielder Braiden Ward.,1.2399768908356492,-0.2100231091643508,0.0,3.0,0.8113314075696374,2.880304664809887,1.637,3.244,thrown_by_redsox
831602,2026-03-20,add962ee-373c-3530-bbce-1c4626de0ae8,6,46,5,Junior Caminero,Eduardo Rivera,4-Seam Fastball,94.0,hit_into_play,True,Lineout,Junior Caminero lines out to right fielder Braiden Ward.,0.0,-1.45,2.888026951485497,6.0,0.3464977540428752,2.2455086515366185,1.637,3.244,thrown_by_redsox
831602,2026-03-20,dbc2832e-122a-3f53-b07e-51bc2df05d60,7,51,1,Angel Mateo,Alec Gamboa,Slider,87.0,swinging_strike,False,Strikeout,Angel Mateo strikes out swinging.,6.744052608924324,5.294052608924324,0.0,14.0,0.1361260497761534,1.0839956159229729,1.646,3.261,thrown_by_redsox
831602,2026-03-20,251e9f0a-1629-31b6-b6be-5ccf4aab6f5c,7,51,2,Angel Mateo,Alec Gamboa,4-Seam Fastball,95.1,called_strike,True,Strikeout,Angel Mateo strikes out swinging.,0.0,-1.45,3.4587638546369988,4.0,-0.2989363454469167,2.4611220232433793,1.646,3.261,thrown_by_redsox
831602,2026-03-20,71eaf614-8e67-33e2-98af-9ae264df9614,7,51,3,Angel Mateo,Alec Gamboa,Slider,89.4,ball,False,Strikeout,Angel Mateo strikes out swinging.,6.4332383804866,4.9832383804866,0.0,14.0,1.2441031983738833,2.2023810890372824,1.646,3.261,thrown_by_redsox
831602,2026-03-20,db068375-d21b-3e67-b1a2-d8a29a14bfe8,7,51,4,Angel Mateo,Alec Gamboa,Slider,89.0,ball,False,Strikeout,Angel Mateo strikes out swinging.,18.891105957132787,17.441105957132788,0.0,14.0,0.20246571972144567,0.07174117023893434,1.646,3.261,thrown_by_redsox
831602,2026-03-20,8c752fef-4ad4-35b1-a79b-258dce3ed7c1,7,51,5,Angel Mateo,Alec Gamboa,Sinker,94.6,foul,True,Strikeout,Angel Mateo strikes out swinging.,0.0,-1.45,0.0,2.0,0.12782005827998355,3.186817904847568,1.646,3.261,thrown_by_redsox
831602,2026-03-20,48ac1e41-92e6-3c8a-91a3-3df0e3083b5f,7,51,6,Angel Mateo,Alec Gamboa,Sinker,96.4,foul,True,Strikeout,Angel Mateo strikes out swinging.,0.0,-1.45,0.0,6.0,0.6822299694313331,2.20592161812887,1.646,3.261,thrown_by_redsox
831602,2026-03-20,31130715-c01c-3ab5-8bef-4c066655f130,7,51,7,Angel Mateo,Alec Gamboa,Slider,88.8,foul,False,Strikeout,Angel Mateo strikes out swinging.,5.598987185157938,4.148987185157938,0.0,14.0,0.4049516583037822,1.1794177345701717,1.646,3.261,thrown_by_redsox
831602,2026-03-20,79493475-81b2-3590-96f4-ff3c69c01f94,7,51,8,Angel Mateo,Alec Gamboa,Slider,88.0,swinging_strike,True,Strikeout,Angel Mateo strikes out swinging.,0.36935010761990295,-1.0806498923800971,0.0,3.0,0.7314122294491543,3.280980619734879,1.646,3.261,thrown_by_redsox
831602,2026-03-20,64493dcc-90a3-39f0-b3ee-ce6d2d5d8fc7,7,52,1,Chandler Simpson,Alec Gamboa,4-Seam Fastball,94.4,called_strike,True,Single,Chandler Simpson singles on a ground ball to shortstop Andruw Monasterio.,0.0,-1.45,0.34208266096571477,1.0,-0.3594252660843975,3.028659778252857,1.604,3.178,thrown_by_redsox
831602,2026-03-20,f5aca534-8f14-34f3-bf08-07958771a179,7,52,2,Chandler Simpson,Alec Gamboa,4-Seam Fastball,94.3,foul,False,Single,Chandler Simpson singles on a ground ball to shortstop Andruw Monasterio.,2.0854977771950907,0.6354977771950907,0.0,12.0,0.22038730566628595,3.351791481432924,1.604,3.178,thrown_by_redsox
831602,2026-03-20,270f6760-e284-3ece-a0b0-51a9b5e61cbe,7,52,3,Chandler Simpson,Alec Gamboa,Sinker,95.7,ball,False,Single,Chandler Simpson singles on a ground ball to shortstop Andruw Monasterio.,6.177520703714315,4.7275207037143145,0.0,13.0,-0.15169229539242024,1.0892066080238072,1.604,3.178,thrown_by_redsox
831602,2026-03-20,8743172d-cbb8-3c22-b4d3-1181acbca997,7,52,4,Chandler Simpson,Alec Gamboa,Slider,90.0,hit_into_play,True,Single,Chandler Simpson singles on a ground ball to shortstop Andruw Monasterio.,0.0,-1.45,0.0,9.0,0.6401522520021794,1.9476269345886372,1.604,3.178,thrown_by_redsox
831602,2026-03-20,bbe1a311-b349-3a78-ad63-72aa8e7deec3,7,53,1,Jonny DeLuca,Alec Gamboa,Slider,87.5,ball,False,Single,Jonny DeLuca singles on a line drive to center fielder Kristian Campbell. Chandler Simpson scores.,10.359371351942565,8.909371351942564,0.0,14.0,1.0837815531892896,0.8037984714367603,1.581,3.133,thrown_by_redsox
831602,2026-03-20,63c8f2b2-1b7b-34c9-a937-1c5d596fbc33,7,53,2,Jonny DeLuca,Alec Gamboa,4-Seam Fastball,94.8,called_strike,True,Single,Jonny DeLuca singles on a line drive to center fielder Kristian Campbell. Chandler Simpson scores.,0.0,-1.45,0.0,1.0,-0.4193862824712782,3.0478736120238876,1.581,3.133,thrown_by_redsox
831602,2026-03-20,1ec3bd45-98c8-3a7d-9b4f-b006f47fa826,7,53,3,Jonny DeLuca,Alec Gamboa,Slider,88.3,hit_into_play,True,Single,Jonny DeLuca singles on a line drive to center fielder Kristian Campbell. Chandler Simpson scores.,0.0,-1.45,2.8104048772276267,2.0,-0.26945766410957916,2.777966260231031,1.581,3.133,thrown_by_redsox
831602,2026-03-20,ffd89aef-9669-390e-a14e-0c0e159748b8,7,54,1,Hunter Feduccia,Alec Gamboa,Sinker,92.4,called_strike,True,Strikeout,Hunter Feduccia strikes out swinging.,0.0,-1.45,6.388956985926783,5.0,-0.05475358450610135,2.567333459512925,1.646,3.262,thrown_by_redsox
831602,2026-03-20,93b92ca5-a73f-36d5-bb0f-cf5eeedd96c0,7,54,2,Hunter Feduccia,Alec Gamboa,Sinker,94.0,called_strike,True,Strikeout,Hunter Feduccia strikes out swinging.,0.010277624229090065,-1.43972237577091,0.0,8.0,0.04224401600513272,1.6451435313142424,1.646,3.262,thrown_by_redsox
831602,2026-03-20,9b5604cc-7db4-3c48-8828-44a33fe26144,7,54,3,Hunter Feduccia,Alec Gamboa,4-Seam Fastball,94.9,ball,False,Strikeout,Hunter Feduccia strikes out swinging.,4.915038480569257,3.465038480569257,0.0,11.0,-1.117586540047438,2.6164971135518074,1.646,3.262,thrown_by_redsox
831602,2026-03-20,21d0534f-0e27-3d22-a56e-0db4b5395e72,7,54,4,Hunter Feduccia,Alec Gamboa,Slider,88.7,swinging_strike,False,Strikeout,Hunter Feduccia strikes out swinging.,2.2718330344184654,0.8218330344184652,0.0,12.0,0.8719537741894451,3.356662572023252,1.646,3.262,thrown_by_redsox
831602,2026-03-20,3142a4f8-2735-3b66-b079-35449f99f116,7,55,1,Raynel Delgado,Alec Gamboa,Slider,87.8,hit_into_play,True,Single,Raynel Delgado singles on a line drive to center fielder Kristian Campbell. Jonny DeLuca to 3rd.,0.0,-1.45,0.5000248643570437,6.0,0.5454979279702463,2.264314216006838,1.62,3.21,thrown_by_redsox
831602,2026-03-20,4fe6a084-19f9-3da5-9b47-19589a62c78d,7,56,1,Nicandro Aybar,Kyle Keller,Cutter,88.3,foul,False,Strikeout,Nicandro Aybar strikes out swinging.,3.571066127134717,2.121066127134717,0.0,14.0,1.005588843927893,1.6708382012516916,1.643,3.255,thrown_by_redsox
831602,2026-03-20,af0873c8-256a-3783-bc89-a6c636df2156,7,56,2,Nicandro Aybar,Kyle Keller,Cutter,88.4,ball,False,Strikeout,Nicandro Aybar strikes out swinging.,6.605568917180146,5.155568917180146,0.0,14.0,0.6629126831673111,1.0925359235683212,1.643,3.255,thrown_by_redsox
831602,2026-03-20,d2aa18a4-1156-3ce4-b939-633008682357,7,56,3,Nicandro Aybar,Kyle Keller,4-Seam Fastball,94.1,foul,True,Strikeout,Nicandro Aybar strikes out swinging.,0.0,-1.45,0.9499345566902575,6.0,0.5080054536091452,2.282832145717126,1.643,3.255,thrown_by_redsox
831602,2026-03-20,4055bffb-4292-3033-ab88-8ae020595f04,7,56,4,Nicandro Aybar,Kyle Keller,4-Seam Fastball,94.5,ball,False,Strikeout,Nicandro Aybar strikes out swinging.,10.3110053554145,8.861005355414498,0.0,11.0,-1.5365285994152567,3.4827096602939296,1.643,3.255,thrown_by_redsox
831602,2026-03-20,a8ef5f72-dbcc-3407-9c0a-f94e73b132e6,7,56,5,Nicandro Aybar,Kyle Keller,Curveball,76.3,ball,False,Strikeout,Nicandro Aybar strikes out swinging.,4.832766052387669,3.3827660523876686,0.0,12.0,0.4695542966364311,3.657730504365639,1.643,3.255,thrown_by_redsox
831602,2026-03-20,d930e554-09a1-34f5-a374-44e1f937e980,7,56,6,Nicandro Aybar,Kyle Keller,Cutter,89.2,swinging_strike,False,Strikeout,Nicandro Aybar strikes out swinging.,4.477524641768337,3.027524641768337,0.0,12.0,0.2671780004797535,3.6281270534806946,1.643,3.255,thrown_by_redsox
831602,2026-03-20,c472d910-f9f6-33f2-84a3-d08b9fcf04d3,8,61,1,Blake Sabol,Kyle Keller,4-Seam Fastball,94.4,hit_into_play,True,Flyout,Blake Sabol flies out to left fielder Braiden Ward.,0.0,-1.45,2.5600579886598944,6.0,0.37382850094500875,2.331603150956684,1.699,3.367,thrown_by_redsox
831602,2026-03-20,43c578b1-1d0e-399d-9c0d-55d7c00d09a1,8,62,1,Jose Monzon,Kyle Keller,4-Seam Fastball,94.5,called_strike,True,Groundout,"Jose Monzon grounds out, second baseman Vinny Capra to first baseman D'Angelo Ortiz.",0.0,-1.45,2.1106190757629113,1.0,-0.35907455762362783,2.913281743686424,1.62,3.21,thrown_by_redsox
831602,2026-03-20,03a7e4b5-de77-3e62-aa64-93d0d98cc498,8,62,2,Jose Monzon,Kyle Keller,Curveball,77.4,hit_into_play,True,Groundout,"Jose Monzon grounds out, second baseman Vinny Capra to first baseman D'Angelo Ortiz.",0.0,-1.45,1.5145024502582087,8.0,-0.2352955816242388,1.8670418708548508,1.62,3.21,thrown_by_redsox
831602,2026-03-20,f1c72690-ddc0-3dca-9400-35819c7967b4,8,63,1,Logan Davidson,Kyle Keller,4-Seam Fastball,94.8,called_strike,True,Strikeout,Logan Davidson strikes out swinging.,0.0,-1.45,0.4904017951036132,4.0,-0.5462998504080322,2.2312136298093543,1.691,3.352,thrown_by_redsox
831602,2026-03-20,68d8b15c-58ef-35f1-8c11-c03d33bd81cb,8,63,2,Logan Davidson,Kyle Keller,Cutter,92.1,foul,True,Strikeout,Logan Davidson strikes out swinging.,0.0,-1.45,0.0,9.0,0.5952749684768857,1.865693203129636,1.691,3.352,thrown_by_redsox
831602,2026-03-20,da5f81bb-b3b5-327b-8b0b-8a6146e0d99a,8,63,3,Logan Davidson,Kyle Keller,Changeup,88.1,swinging_strike,False,Strikeout,Logan Davidson strikes out swinging.,7.258604456179259,5.808604456179259,0.0,13.0,-0.15000094950014065,1.0861162953183952,1.691,3.352,thrown_by_redsox
831502,2026-03-21,08315026-0016-0013-000c-f08cd117d70a,1,1,1,Eli White,Garrett Crochet,,,ball,False,Flyout,Eli White flies out to center fielder Jarren Duran.,,,,,,,1.673,3.316,thrown_by_redsox
831502,2026-03-21,08315026-0016-0023-000c-f08cd117d70a,1,1,2,Eli White,Garrett Crochet,,,hit_into_play,False,Flyout,Eli White flies out to center fielder Jarren Duran.,,,,,,,1.673,3.316,thrown_by_redsox
831502,2026-03-21,08315026-0026-0013-000c-f08cd117d70a,1,2,1,Ozzie Albies,Garrett Crochet,,,hit_into_play,False,Flyout,Ozzie Albies flies out to right fielder Wilyer Abreu.,,,,,,,1.506,2.985,thrown_by_redsox
831502,2026-03-21,08315026-0036-0013-000c-f08cd117d70a,1,3,1,Matt Olson,Garrett Crochet,,,ball,False,Strikeout,Matt Olson called out on strikes.,,,,,,,1.702,3.372,thrown_by_redsox
831502,2026-03-21,08315026-0036-0023-000c-f08cd117d70a,1,3,2,Matt Olson,Garrett Crochet,,,foul,False,Strikeout,Matt Olson called out on strikes.,,,,,,,1.702,3.372,thrown_by_redsox
831502,2026-03-21,08315026-0036-0033-000c-f08cd117d70a,1,3,3,Matt Olson,Garrett Crochet,,,ball,False,Strikeout,Matt Olson called out on strikes.,,,,,,,1.702,3.372,thrown_by_redsox
831502,2026-03-21,08315026-0036-0043-000c-f08cd117d70a,1,3,4,Matt Olson,Garrett Crochet,,,foul,False,Strikeout,Matt Olson called out on strikes.,,,,,,,1.702,3.372,thrown_by_redsox
831502,2026-03-21,43d35e28-210b-30b3-87c0-8318417262fd,1,3,5,Matt Olson,Garrett Crochet,Cutter,90.3,ball,False,Strikeout,Matt Olson called out on strikes.,13.32003943430444,11.870039434304442,0.0,13.0,-1.8095787125788743,1.5655022514830712,1.702,3.372,thrown_by_redsox
831502,2026-03-21,3c24d34f-05f1-345b-ba59-0f05d24e4d5d,1,3,6,Matt Olson,Garrett Crochet,Cutter,92.8,called_strike,False,Strikeout,Matt Olson called out on strikes.,4.827319194922797,3.377319194922797,0.0,13.0,-0.3008315065408569,1.2997234004231002,1.702,3.372,thrown_by_redsox
831502,2026-03-21,d3e8d531-b937-3bc4-b112-7a80d1cdf098,2,8,1,Austin Riley,Garrett Crochet,4-Seam Fastball,94.3,ball,False,Home Run,Austin Riley homers (5) on a fly ball to left field.,4.888861896137735,3.438861896137735,0.0,12.0,0.06760628574428473,3.681405158011478,1.652,3.274,thrown_by_redsox
831502,2026-03-21,bda17aba-0d40-3b2b-86ce-3f2c33f20635,2,8,2,Austin Riley,Garrett Crochet,4-Seam Fastball,93.4,hit_into_play,True,Home Run,Austin Riley homers (5) on a fly ball to left field.,0.0,-1.45,0.9021623554289084,7.0,-0.40003385678099823,1.8480135296190756,1.652,3.274,thrown_by_redsox
831502,2026-03-21,a9b5d8c8-40e7-341a-a013-2397527003bd,2,9,1,Jonah Heim,Garrett Crochet,Cutter,91.5,foul,False,Lineout,Jonah Heim lines out to second baseman Andruw Monasterio.,2.8212368064873017,1.3712368064873017,0.0,11.0,-0.9431030672072751,2.682953337626019,1.703,3.375,thrown_by_redsox
831502,2026-03-21,bbcb8e81-c8f4-378c-9a01-a01e2aeb2191,2,9,2,Jonah Heim,Garrett Crochet,4-Seam Fastball,96.1,swinging_strike,False,Lineout,Jonah Heim lines out to second baseman Andruw Monasterio.,5.25373559233719,3.8037355923371896,0.0,12.0,0.629090618711627,3.8128112993614325,1.703,3.375,thrown_by_redsox
831502,2026-03-21,cfeade50-82fd-37d2-b14b-77db4560cb33,2,9,3,Jonah Heim,Garrett Crochet,4-Seam Fastball,96.3,ball,False,Lineout,Jonah Heim lines out to second baseman Andruw Monasterio.,9.120489233480583,7.670489233480583,0.0,12.0,0.41955823051269214,4.135040769456715,1.703,3.375,thrown_by_redsox
831502,2026-03-21,30825ca0-488d-3d7f-a30c-4bc685e846e0,2,9,4,Jonah Heim,Garrett Crochet,Sweeper,82.9,hit_into_play,False,Lineout,Jonah Heim lines out to second baseman Andruw Monasterio.,2.9600687307772953,1.510068730777295,0.0,13.0,-0.05102417826188921,1.4563276057685588,1.703,3.375,thrown_by_redsox
831502,2026-03-21,b74bc576-a831-3dda-a414-c32a46556c46,2,10,1,Kyle Farmer,Garrett Crochet,4-Seam Fastball,95.3,ball,False,Strikeout,Kyle Farmer strikes out on a foul tip.,18.127761827649117,16.677761827649118,0.0,12.0,1.5821099456664087,4.399065588576169,1.598,3.167,thrown_by_redsox
831502,2026-03-21,0e2c1e56-7ba6-3dd9-8930-32247a9650ca,2,10,2,Kyle Farmer,Garrett Crochet,Cutter,92.4,ball,False,Strikeout,Kyle Farmer strikes out on a foul tip.,2.522612084235038,1.072612084235038,0.0,14.0,0.8856027095042946,1.4855333475789685,1.598,3.167,thrown_by_redsox
831502,2026-03-21,5bc91eb3-0580-32a4-b9a7-d0e56f086c1c,2,10,3,Kyle Farmer,Garrett Crochet,Cutter,90.3,swinging_strike,True,Strikeout,Kyle Farmer strikes out on a foul tip.,0.9704108170146304,-0.4795891829853696,0.0,7.0,-0.37927535967159987,1.5171324319154476,1.598,3.167,thrown_by_redsox
831502,2026-03-21,0d719657-1566-38a7-9511-81931953a744,2,10,4,Kyle Farmer,Garrett Crochet,Cutter,91.6,swinging_strike,False,Strikeout,Kyle Farmer strikes out on a foul tip.,2.1903148209760497,0.7403148209760497,0.0,13.0,-0.8905262350813374,2.0607529439699084,1.598,3.167,thrown_by_redsox
831502,2026-03-21,98947328-1e84-317f-b7fd-04d6c75eb0fb,2,10,5,Kyle Farmer,Garrett Crochet,4-Seam Fastball,94.8,foul_tip,False,Strikeout,Kyle Farmer strikes out on a foul tip.,4.720956472575328,3.270956472575328,0.0,12.0,1.1014130393812773,2.920388369860386,1.598,3.167,thrown_by_redsox
831502,2026-03-21,b60290f3-6177-377e-86b5-ca1540737d4c,2,11,1,Michael Harris II,Garrett Crochet,Sinker,95.6,called_strike,True,Groundout,"Michael Harris II grounds out, third baseman Caleb Durbin to first baseman Isiah Kiner-Falefa.",0.0,-1.45,1.3893095186822422,3.0,0.47139087344314645,2.8311747482984986,1.606,3.181,thrown_by_redsox
831502,2026-03-21,4634ee61-827f-3fdc-a18b-032906a0adac,2,11,2,Michael Harris II,Garrett Crochet,Sinker,96.0,hit_into_play,True,Groundout,"Michael Harris II grounds out, third baseman Caleb Durbin to first baseman Isiah Kiner-Falefa.",0.0,-1.45,1.8682699504868383,6.0,0.43147750412609676,2.502307860127181,1.606,3.181,thrown_by_redsox
831502,2026-03-21,4f2c79aa-9412-380b-ad81-00af7d67c68d,3,17,1,Mauricio Dubón,Garrett Crochet,Cutter,89.6,called_strike,True,Groundout,"Mauricio Dubón grounds out, second baseman Andruw Monasterio to first baseman Isiah Kiner-Falefa.",0.0,-1.45,0.0,7.0,-0.2854230083943974,1.619660524884,1.6,3.171,thrown_by_redsox
831502,2026-03-21,f601a369-5284-350d-adb7-18d16533aecd,3,17,2,Mauricio Dubón,Garrett Crochet,4-Seam Fastball,93.9,ball,False,Groundout,"Mauricio Dubón grounds out, second baseman Andruw Monasterio to first baseman Isiah Kiner-Falefa.",20.32784624589669,18.87784624589669,0.0,12.0,2.045463445184875,4.210607677467742,1.6,3.171,thrown_by_redsox
831502,2026-03-21,174015c3-641e-3a91-8896-70ac58ec57b0,3,17,3,Mauricio Dubón,Garrett Crochet,Splitter,87.7,hit_into_play,True,Groundout,"Mauricio Dubón grounds out, second baseman Andruw Monasterio to first baseman Isiah Kiner-Falefa.",1.2377823160401844,-0.2122176839598156,0.0,6.0,0.811148526336682,2.188290464458473,1.6,3.171,thrown_by_redsox
831502,2026-03-21,d444f99a-bd97-3a1b-b73d-67add099d336,3,18,1,José Azocar,Garrett Crochet,4-Seam Fastball,94.7,swinging_strike,False,Lineout,José Azocar lines out to third baseman Caleb Durbin.,2.894706341307879,1.4447063413078791,0.0,12.0,0.1303817689294231,3.4052255284423234,1.597,3.164,thrown_by_redsox
831502,2026-03-21,67b23d00-2b3b-326b-a374-140c51eb5001,3,18,2,José Azocar,Garrett Crochet,Splitter,86.5,hit_into_play,True,Lineout,José Azocar lines out to third baseman Caleb Durbin.,0.0,-1.45,1.1259935248191593,7.0,-0.3921030601474911,1.8116661270682632,1.597,3.164,thrown_by_redsox
831502,2026-03-21,df9d3b1f-870f-342e-84c0-aedc58ea3ab1,3,19,1,Eli White,Garrett Crochet,Cutter,92.5,called_strike,True,Walk,Eli White walks.,0.0,-1.45,6.279454492976155,5.0,-0.063878792251987,2.371922770828501,1.673,3.316,thrown_by_redsox
831502,2026-03-21,c33e2630-a961-344e-8905-e0f311139321,3,19,2,Eli White,Garrett Crochet,Sweeper,83.4,ball,False,Walk,Eli White walks.,14.233583698685573,12.783583698685572,0.0,13.0,-1.497927844417497,0.7881706026179511,1.673,3.316,thrown_by_redsox
831502,2026-03-21,acf6d2b9-ed39-33e8-8885-c7830d4b8117,3,19,3,Eli White,Garrett Crochet,Sweeper,82.4,swinging_strike,False,Walk,Eli White walks.,1.9836973018184265,0.5336973018184266,0.0,13.0,-0.8733081084848688,2.1858540753374385,1.673,3.316,thrown_by_redsox
831502,2026-03-21,391fc130-cfba-3e09-8000-a3091ece6a33,3,19,4,Eli White,Garrett Crochet,4-Seam Fastball,96.2,ball,False,Walk,Eli White walks.,7.505479518099655,6.055479518099655,0.0,12.0,0.5203559917868588,3.9414566265083044,1.673,3.316,thrown_by_redsox
831502,2026-03-21,9e1b9734-dbf9-38b9-9efb-8e6cacfb986d,3,19,5,Eli White,Garrett Crochet,Sinker,96.2,ball,False,Walk,Eli White walks.,6.406011605930942,4.956011605930942,0.0,13.0,-1.2418343004942451,2.251443991521525,1.673,3.316,thrown_by_redsox
831502,2026-03-21,7afb36a9-a450-3cba-8c7a-4a2add5ab228,3,19,6,Eli White,Garrett Crochet,Cutter,91.6,ball,False,Walk,Eli White walks.,13.247106101403897,11.797106101403898,0.0,13.0,-0.4992991553092563,0.5690744915496753,1.673,3.316,thrown_by_redsox
831502,2026-03-21,a97ed434-95a2-3c3f-be15-c033165b7b5f,3,20,1,Ozzie Albies,Garrett Crochet,4-Seam Fastball,95.3,called_strike,True,Double,Ozzie Albies doubles (4) on a sharp line drive to center fielder Jarren Duran. Eli White scores.,0.0,-1.45,0.0,6.0,0.6824415099216288,2.482247690313281,1.506,2.985,thrown_by_redsox
831502,2026-03-21,ea53586e-cd2e-3587-83eb-e25aadf77e6c,3,20,2,Ozzie Albies,Garrett Crochet,Sweeper,82.4,foul,False,Double,Ozzie Albies doubles (4) on a sharp line drive to center fielder Jarren Duran. Eli White scores.,3.3695853175189887,1.9195853175189888,0.0,13.0,-0.9551174357356,1.3726548620427153,1.506,2.985,thrown_by_redsox
831502,2026-03-21,7715671b-9b7e-3bd6-8b18-44e9679db3ef,3,20,3,Ozzie Albies,Garrett Crochet,4-Seam Fastball,95.7,hit_into_play,False,Double,Ozzie Albies doubles (4) on a sharp line drive to center fielder Jarren Duran. Eli White scores.,4.650129986818458,3.2001299868184576,0.0,12.0,0.27000333293562817,3.3725108322348714,1.506,2.985,thrown_by_redsox
831502,2026-03-21,58ccad15-441c-38bd-b100-34bb3277c72f,3,21,1,Matt Olson,Garrett Crochet,Cutter,87.7,called_strike,True,Single,Matt Olson singles on a ground ball to left fielder Roman Anthony. Ozzie Albies scores. Matt Olson to 2nd.,0.0,-1.45,0.0,3.0,0.6480324027435949,2.9641416179176727,1.702,3.372,thrown_by_redsox
831502,2026-03-21,bb0a1e7c-4b31-344c-a484-c4fb81bcefa7,3,21,2,Matt Olson,Garrett Crochet,Sweeper,81.9,swinging_strike,False,Single,Matt Olson singles on a ground ball to left fielder Roman Anthony. Ozzie Albies scores. Matt Olson to 2nd.,1.884029773570223,0.43402977357022293,0.0,13.0,-0.08821214340434791,1.544997518869148,1.702,3.372,thrown_by_redsox
831502,2026-03-21,7dcc7827-a74a-361c-8908-953170b6444e,3,21,3,Matt Olson,Garrett Crochet,Sinker,95.2,ball,False,Single,Matt Olson singles on a ground ball to left fielder Roman Anthony. Ozzie Albies scores. Matt Olson to 2nd.,6.50549257233304,5.055492572333039,0.0,12.0,1.2340776532922626,3.502924204069494,1.702,3.372,thrown_by_redsox
831502,2026-03-21,2fa90b3d-5255-3697-8f7e-954d85992567,3,21,4,Matt Olson,Garrett Crochet,Sweeper,82.4,foul,True,Single,Matt Olson singles on a ground ball to left fielder Roman Anthony. Ozzie Albies scores. Matt Olson to 2nd.,0.0,-1.45,6.369547815773478,5.0,0.05637101535221012,2.3946476709366324,1.702,3.372,thrown_by_redsox
831502,2026-03-21,298af3f0-bb85-34a8-b0f3-dcc4ea0c14fb,3,21,5,Matt Olson,Garrett Crochet,Sweeper,83.7,ball,False,Single,Matt Olson singles on a ground ball to left fielder Roman Anthony. Ozzie Albies scores. Matt Olson to 2nd.,3.5186694608838875,2.0686694608838874,0.0,13.0,-1.0012224550736573,1.977756397369796,1.702,3.372,thrown_by_redsox
831502,2026-03-21,0dd85f35-91c9-34ab-aa6d-6833945ad724,3,21,6,Matt Olson,Garrett Crochet,Sinker,95.3,ball,False,Single,Matt Olson singles on a ground ball to left fielder Roman Anthony. Ozzie Albies scores. Matt Olson to 2nd.,2.2192022247344907,0.7692022247344907,0.0,11.0,-0.8929335187278742,2.850515877347425,1.702,3.372,thrown_by_redsox
831502,2026-03-21,35211484-f54c-3b75-b7d1-7bf9f7bf866d,3,21,7,Matt Olson,Garrett Crochet,Sinker,94.9,hit_into_play,True,Single,Matt Olson singles on a ground ball to left fielder Roman Anthony. Ozzie Albies scores. Matt Olson to 2nd.,0.0,-1.45,0.7798365944198979,7.0,-0.5221802837983418,2.078087879471142,1.702,3.372,thrown_by_redsox
831502,2026-03-21,5e1034c8-c59d-3b1d-856f-97294724b839,3,22,1,Austin Riley,Garrett Crochet,4-Seam Fastball,95.8,ball,False,Double,Austin Riley doubles (2) on a fly ball to left fielder Roman Anthony. Matt Olson scores.,1.9628849293056891,0.5128849293056892,0.0,12.0,0.8715737441088074,2.6840587314842748,1.652,3.274,thrown_by_redsox
831502,2026-03-21,cd9d3f82-39f1-3a6a-83ea-6250a140cbf5,3,22,2,Austin Riley,Garrett Crochet,Sweeper,81.3,hit_into_play,True,Double,Austin Riley doubles (2) on a fly ball to left fielder Roman Anthony. Matt Olson scores.,0.0,-1.45,0.0,8.0,0.13231762821475823,1.6589747226591962,1.652,3.274,thrown_by_redsox
831502,2026-03-21,535fe55a-5ff3-34d6-8739-1ea2a4f311cd,3,23,1,Jonah Heim,Garrett Crochet,Cutter,92.0,called_strike,True,Lineout,Jonah Heim lines out to shortstop Trevor Story.,0.0,-1.45,4.0143453342458155,8.0,-0.09908091403516561,2.1583621111871514,1.703,3.375,thrown_by_redsox
831502,2026-03-21,07aae466-de98-312a-b404-f20f2e1d3b51,3,23,2,Jonah Heim,Garrett Crochet,Cutter,89.7,foul,True,Lineout,Jonah Heim lines out to shortstop Trevor Story.,0.0,-1.45,1.6270232883949038,4.0,-0.45158139263375796,2.275777368312924,1.703,3.375,thrown_by_redsox
831502,2026-03-21,07ca5248-4609-364c-8605-67b61da5ec8a,3,23,3,Jonah Heim,Garrett Crochet,Sweeper,83.6,hit_into_play,False,Lineout,Jonah Heim lines out to shortstop Trevor Story.,2.9855423974411286,1.5355423974411286,0.0,13.0,-0.8454512858604544,1.4956206484429035,1.703,3.375,thrown_by_redsox
831502,2026-03-21,315452a7-29c6-30e2-8d92-60145aa7e096,4,27,1,Kyle Farmer,Garrett Crochet,4-Seam Fastball,95.0,ball,False,Groundout,"Kyle Farmer grounds out, shortstop Trevor Story to first baseman Isiah Kiner-Falefa.",9.603860770521418,8.153860770521417,0.0,12.0,1.3238264170228868,3.6781484099656048,1.598,3.167,thrown_by_redsox
831502,2026-03-21,9509cfec-562f-3bae-bc34-aad2c43f8398,4,27,2,Kyle Farmer,Garrett Crochet,Sinker,94.8,called_strike,False,Groundout,"Kyle Farmer grounds out, shortstop Trevor Story to first baseman Isiah Kiner-Falefa.",2.2051874562724523,0.7551874562724523,0.0,14.0,0.8917656213560377,2.290487654684588,1.598,3.167,thrown_by_redsox
831502,2026-03-21,fedf0fee-631f-316b-ac2f-5f85a79773a9,4,27,3,Kyle Farmer,Garrett Crochet,4-Seam Fastball,95.5,ball,False,Groundout,"Kyle Farmer grounds out, shortstop Trevor Story to first baseman Isiah Kiner-Falefa.",7.341862424223729,5.891862424223729,0.0,12.0,1.3096681889843205,3.278001753886655,1.598,3.167,thrown_by_redsox
831502,2026-03-21,ffa1a1d0-3ad2-30bf-8a16-23e1df795fd6,4,27,4,Kyle Farmer,Garrett Crochet,Cutter,90.7,ball,False,Groundout,"Kyle Farmer grounds out, shortstop Trevor Story to first baseman Isiah Kiner-Falefa.",11.45183837854347,10.001838378543471,0.0,12.0,0.8127889813435918,4.115549246950797,1.598,3.167,thrown_by_redsox
831502,2026-03-21,b7af922f-e138-3d61-9665-d33eade7ab40,4,27,5,Kyle Farmer,Garrett Crochet,Sinker,94.0,hit_into_play,True,Groundout,"Kyle Farmer grounds out, shortstop Trevor Story to first baseman Isiah Kiner-Falefa.",0.0,-1.45,0.3329534192373604,6.0,0.5594205483968866,2.5533936322491,1.598,3.167,thrown_by_redsox
831502,2026-03-21,dc43e676-5ac5-33fb-828a-6d81e95a393b,4,28,1,Michael Harris II,Garrett Crochet,Cutter,88.7,ball,False,Groundout,"Michael Harris II grounds out, shortstop Trevor Story to first baseman Isiah Kiner-Falefa.",10.632491630693924,9.182491630693924,0.0,12.0,1.5940409692244937,2.4837217420951405,1.606,3.181,thrown_by_redsox
831502,2026-03-21,be228f21-df71-3e9d-8105-01fcdb8a9d0f,4,28,2,Michael Harris II,Garrett Crochet,Sinker,95.3,hit_into_play,True,Groundout,"Michael Harris II grounds out, shortstop Trevor Story to first baseman Isiah Kiner-Falefa.",0.0,-1.45,0.07274310120079458,9.0,0.5811047415666004,1.8956050363636567,1.606,3.181,thrown_by_redsox
831502,2026-03-21,d237b613-3e4e-3bc1-9f90-8c7e1937cb42,4,29,1,Mauricio Dubón,Garrett Crochet,Sinker,94.3,ball,False,Lineout,Mauricio Dubón lines out to right fielder Wilyer Abreu.,13.998144930588987,12.548144930588986,0.0,12.0,1.8521602927410559,3.39826119682554,1.6,3.171,thrown_by_redsox
831502,2026-03-21,b6296ce5-99d9-314e-8375-6030ada2faec,4,29,2,Mauricio Dubón,Garrett Crochet,Sinker,94.1,foul,True,Lineout,Mauricio Dubón lines out to right fielder Wilyer Abreu.,0.0,-1.45,0.546964507710807,3.0,0.5415862910240994,2.8334441237372627,1.6,3.171,thrown_by_redsox
831502,2026-03-21,b19da2a5-1a9c-3280-a53f-09af5df7572d,4,29,3,Mauricio Dubón,Garrett Crochet,Sinker,94.8,hit_into_play,True,Lineout,Mauricio Dubón lines out to right fielder Wilyer Abreu.,0.0,-1.45,2.916134071583346,6.0,0.3441554940347211,2.4752184515695577,1.6,3.171,thrown_by_redsox
831502,2026-03-21,e7f08b5b-8a87-37f4-b063-d9c13de00d9f,5,33,1,José Azocar,Garrett Crochet,Sinker,93.8,ball,False,Groundout,José Azocar grounds out to first baseman Isiah Kiner-Falefa.,6.556999845717985,5.106999845717985,0.0,13.0,-1.1061199710659073,1.2227385296357438,1.597,3.164,thrown_by_redsox
831502,2026-03-21,403e9247-dcb3-3174-be48-a2269e73f3be,5,33,2,José Azocar,Garrett Crochet,Cutter,90.9,hit_into_play,True,Groundout,José Azocar grounds out to first baseman Isiah Kiner-Falefa.,0.0,-1.45,1.8447536040804424,2.0,-0.0197822766967648,2.8894371996599633,1.597,3.164,thrown_by_redsox
831502,2026-03-21,4594b43b-d48f-31d8-9dbb-c405747a1449,5,34,1,Eli White,Garrett Crochet,4-Seam Fastball,95.4,foul,True,Hit By Pitch,Eli White hit by pitch.,0.0,-1.45,2.7788062707724217,2.0,-0.19805770802749612,2.9635994774356313,1.673,3.316,thrown_by_redsox
831502,2026-03-21,a5bd6be7-29a4-3269-a273-eec5da184c3f,5,34,2,Eli White,Garrett Crochet,Sweeper,83.1,ball,False,Hit By Pitch,Eli White hit by pitch.,5.752887663523769,4.3028876635237685,0.0,13.0,-0.24732068804895868,1.1935926947063527,1.673,3.316,thrown_by_redsox
831502,2026-03-21,84c5c6a7-c413-32a6-8d8e-aa06215b38ff,5,34,3,Eli White,Garrett Crochet,Splitter,86.0,foul,False,Hit By Pitch,Eli White hit by pitch.,2.0293868620772573,0.5793868620772573,0.0,12.0,0.8771155718397714,2.584159690262121,1.673,3.316,thrown_by_redsox
831502,2026-03-21,88201c9d-9ff7-3c23-adf5-107da4c7ef39,5,34,4,Eli White,Garrett Crochet,Sweeper,83.4,hit_by_pitch,False,Hit By Pitch,Eli White hit by pitch.,17.648718392771247,16.198718392771248,0.0,13.0,-2.127036478998897,1.2865132533330828,1.673,3.316,thrown_by_redsox
831502,2026-03-21,ee74bbf1-39a2-3b1c-b191-a20fd7c15f27,5,35,1,Ozzie Albies,Garrett Crochet,Cutter,92.3,foul,True,Forceout,"Ozzie Albies grounds into a force out, second baseman Andruw Monasterio to shortstop Trevor Story. Eli White out at 2nd. Ozzie Albies to 1st.",0.0,-1.45,3.3043942734645686,6.0,0.3118004772112859,2.4970232708583593,1.506,2.985,thrown_by_redsox
831502,2026-03-21,b7ec688a-70bb-33d4-bcd1-14849723fcb7,5,35,2,Ozzie Albies,Garrett Crochet,Cutter,91.6,foul,True,Forceout,"Ozzie Albies grounds into a force out, second baseman Andruw Monasterio to shortstop Trevor Story. Eli White out at 2nd. Ozzie Albies to 1st.",0.0,-1.45,0.0,1.0,-0.6100396730018423,2.7557680116440055,1.506,2.985,thrown_by_redsox
831502,2026-03-21,c1748c76-2471-3f71-87b9-580744479817,5,35,3,Ozzie Albies,Garrett Crochet,Sinker,94.6,hit_into_play,False,Forceout,"Ozzie Albies grounds into a force out, second baseman Andruw Monasterio to shortstop Trevor Story. Eli White out at 2nd. Ozzie Albies to 1st.",5.101713876825935,3.6517138768259345,0.0,11.0,-0.30972681230303256,3.4101428230688278,1.506,2.985,thrown_by_redsox
831502,2026-03-21,8adb93b5-d2dd-34e5-8f06-5f810b8a5a36,5,36,1,Matt Olson,Garrett Crochet,Sinker,94.7,hit_into_play,False,Single,Matt Olson singles on a ground ball to third baseman Caleb Durbin. Ozzie Albies to 2nd.,7.720904805020238,6.270904805020238,0.0,12.0,1.3514087337516865,2.8127295230273583,1.702,3.372,thrown_by_redsox
831502,2026-03-21,feb280f4-9ab0-373e-a362-0a1be22a3350,5,37,1,Austin Riley,Garrett Crochet,4-Seam Fastball,96.2,called_strike,True,Double,Austin Riley doubles (3) on a fly ball to left fielder Roman Anthony. Ozzie Albies scores. Matt Olson scores.,0.0,-1.45,0.5997077296303133,3.0,0.43842301974249276,3.1031910225308073,1.652,3.274,thrown_by_redsox
831502,2026-03-21,4558141e-29c3-320f-871e-a1ce4435cd7c,5,37,2,Austin Riley,Garrett Crochet,4-Seam Fastball,96.6,foul,True,Double,Austin Riley doubles (3) on a fly ball to left fielder Roman Anthony. Ozzie Albies scores. Matt Olson scores.,0.0,-1.45,5.750738170608381,5.0,0.10793848578263487,2.6225140985404836,1.652,3.274,thrown_by_redsox
831502,2026-03-21,18dd18a2-5f0d-3613-a365-a12aa10a84b9,5,37,3,Austin Riley,Garrett Crochet,4-Seam Fastball,97.1,ball,False,Double,Austin Riley doubles (3) on a fly ball to left fielder Roman Anthony. Ozzie Albies scores. Matt Olson scores.,2.2893314117554997,0.8393314117554997,0.0,11.0,-0.461006144594017,3.4647776176462917,1.652,3.274,thrown_by_redsox
831502,2026-03-21,46665bcf-6b4e-3623-9135-03d2ba3c57b1,5,37,4,Austin Riley,Garrett Crochet,Splitter,87.5,ball,False,Double,Austin Riley doubles (3) on a fly ball to left fielder Roman Anthony. Ozzie Albies scores. Matt Olson scores.,11.23602662271486,9.786026622714859,0.0,12.0,1.6221110975363895,3.4767934099013287,1.652,3.274,thrown_by_redsox
831502,2026-03-21,85fce9a2-b62d-32c8-af41-b758945234c9,5,37,5,Austin Riley,Garrett Crochet,Sinker,93.6,ball,False,Double,Austin Riley doubles (3) on a fly ball to left fielder Roman Anthony. Ozzie Albies scores. Matt Olson scores.,7.6256628772124095,6.175662877212409,0.0,13.0,-1.3434719064343674,1.6798641811406378,1.652,3.274,thrown_by_redsox
831502,2026-03-21,7dae1545-2e73-3a17-a831-93eeecd23805,5,37,6,Austin Riley,Garrett Crochet,Sweeper,84.6,hit_into_play,True,Double,Austin Riley doubles (3) on a fly ball to left fielder Roman Anthony. Ozzie Albies scores. Matt Olson scores.,0.0,-1.45,0.0,7.0,-0.5646470196954212,1.7631798064500614,1.652,3.274,thrown_by_redsox
831502,2026-03-21,cacc794b-aa97-3a89-ae16-ea71bdf7b321,5,38,1,Jonah Heim,Garrett Crochet,Cutter,91.9,called_strike,False,Walk,Jonah Heim walks.,1.6935200722026087,0.24352007220260868,0.0,14.0,0.8491266726835507,2.3731967122592748,1.703,3.375,thrown_by_redsox
831502,2026-03-21,2c5ad4fa-2d58-31fd-86c9-a489e76bcfa4,5,38,2,Jonah Heim,Garrett Crochet,4-Seam Fastball,95.1,ball,False,Walk,Jonah Heim walks.,3.5346914208363835,2.0846914208363834,0.0,12.0,0.7669080991652226,3.6636070449798592,1.703,3.375,thrown_by_redsox
831502,2026-03-21,0d85da84-95d1-337d-8c47-ae1da5135cc6,5,38,3,Jonah Heim,Garrett Crochet,Cutter,93.4,ball,False,Walk,Jonah Heim walks.,8.777269496478521,7.327269496478522,0.0,13.0,-0.7394921310436491,0.9722391370401642,1.703,3.375,thrown_by_redsox
831502,2026-03-21,6a9089f2-c452-3ec6-a861-154d50b5b127,5,38,4,Jonah Heim,Garrett Crochet,4-Seam Fastball,95.1,ball,False,Walk,Jonah Heim walks.,4.37084322906746,2.9208432290674597,0.0,12.0,1.0722369357556216,2.6103519935687087,1.703,3.375,thrown_by_redsox
831502,2026-03-21,75260f9e-197e-3cfe-8989-12a7107ee282,5,38,5,Jonah Heim,Garrett Crochet,Cutter,88.5,ball,False,Walk,Jonah Heim walks.,14.824373157910868,13.374373157910867,0.0,13.0,-1.3948009073806655,0.6761456831175225,1.703,3.375,thrown_by_redsox
831502,2026-03-21,a33af817-1569-3063-8702-da72daa0f7a4,5,39,1,Kyle Farmer,Garrett Crochet,Sinker,95.0,called_strike,True,Strikeout,Kyle Farmer called out on strikes.,0.0,-1.45,0.0,8.0,0.03484102101956088,1.6961386271053014,1.598,3.167,thrown_by_redsox
831502,2026-03-21,2b633cdd-9554-3fa2-a280-ba459bed56f3,5,39,2,Kyle Farmer,Garrett Crochet,Cutter,90.3,ball,False,Strikeout,Kyle Farmer called out on strikes.,6.810868714129449,5.360868714129449,0.0,14.0,1.2755723928441207,1.9960958946811465,1.598,3.167,thrown_by_redsox
831502,2026-03-21,92a8823e-4f5f-359c-aae9-885e4e3d6f5e,5,39,3,Kyle Farmer,Garrett Crochet,Sinker,92.9,ball,False,Strikeout,Kyle Farmer called out on strikes.,2.7904542598219813,1.3404542598219813,0.0,13.0,-0.9402381786864067,1.5861982051567445,1.598,3.167,thrown_by_redsox
831502,2026-03-21,95184591-a6c5-3341-978b-e816b05cf53f,5,39,4,Kyle Farmer,Garrett Crochet,Cutter,88.7,swinging_strike,False,Strikeout,Kyle Farmer called out on strikes.,7.044834983331916,5.594834983331916,0.0,13.0,-0.31077344673502605,1.0109304180556737,1.598,3.167,thrown_by_redsox
831502,2026-03-21,2028281e-c104-3065-b010-67278acba9f0,5,39,5,Kyle Farmer,Garrett Crochet,4-Seam Fastball,94.4,called_strike,True,Strikeout,Kyle Farmer called out on strikes.,0.0,-1.45,3.874628965294143,8.0,-0.20861893565165124,2.0417190804411787,1.598,3.167,thrown_by_redsox
831502,2026-03-21,361c3db1-50f3-3904-8dac-74ff5d065bc2,6,43,1,Michael Harris II,Garrett Crochet,Cutter,88.2,swinging_strike,False,Flyout,Michael Harris II flies out to right fielder Wilyer Abreu.,7.886465329079611,6.436465329079612,0.0,13.0,-0.7340579864321861,0.9493113545335268,1.606,3.181,thrown_by_redsox
831502,2026-03-21,5c7d91a3-52ba-3b9d-91e3-0d5cea5f2cf4,6,43,2,Michael Harris II,Garrett Crochet,Sweeper,81.7,swinging_strike,False,Flyout,Michael Harris II flies out to right fielder Wilyer Abreu.,4.570854919217694,3.1208549192176935,0.0,13.0,-0.16275075058401844,1.2250954233985256,1.606,3.181,thrown_by_redsox
831502,2026-03-21,b3257bbf-a71e-3725-aa01-722dc7181f21,6,43,3,Michael Harris II,Garrett Crochet,Sweeper,82.7,foul,True,Flyout,Michael Harris II flies out to right fielder Wilyer Abreu.,0.0,-1.45,0.0,8.0,-0.2474160083175958,1.6192859730728983,1.606,3.181,thrown_by_redsox
831502,2026-03-21,1fde25e5-2631-39e2-a89a-ecd19d86a931,6,43,4,Michael Harris II,Garrett Crochet,4-Seam Fastball,94.7,ball,False,Flyout,Michael Harris II flies out to right fielder Wilyer Abreu.,9.315859965871576,7.865859965871576,0.0,12.0,0.18497618763988255,3.9573216638226314,1.606,3.181,thrown_by_redsox
831502,2026-03-21,c04f03e7-8ea7-31e0-8a9c-3eb8bd252485,6,43,5,Michael Harris II,Garrett Crochet,Sweeper,81.9,hit_into_play,True,Flyout,Michael Harris II flies out to right fielder Wilyer Abreu.,0.0,-1.45,3.5921389263696044,4.0,-0.28782175613586625,2.2514657484041534,1.606,3.181,thrown_by_redsox
831502,2026-03-21,844cef84-6d0c-3e6b-838c-570facba0eea,6,44,1,Mauricio Dubón,Tyler Samaniego,4-Seam Fastball,93.0,ball,False,Single,Mauricio Dubón singles on a line drive to right fielder Wilyer Abreu.,8.255460800407775,6.805460800407776,0.0,14.0,1.395955066700648,1.7132529378097159,1.6,3.171,thrown_by_redsox
831502,2026-03-21,753eab5f-9acf-3e8f-8d4f-3fdfde1570e5,6,44,2,Mauricio Dubón,Tyler Samaniego,Slider,89.6,called_strike,True,Single,Mauricio Dubón singles on a line drive to right fielder Wilyer Abreu.,0.0,-1.45,4.050013951074327,5.0,0.2496655040771394,2.3290800904207183,1.6,3.171,thrown_by_redsox
831502,2026-03-21,9841aec7-f9bc-3d2e-970b-01aa05f4045e,6,44,3,Mauricio Dubón,Tyler Samaniego,Changeup,86.8,ball,False,Single,Mauricio Dubón singles on a line drive to right fielder Wilyer Abreu.,9.73491427421355,8.284914274213548,0.0,13.0,-0.4799564209485494,0.7887571438155376,1.6,3.171,thrown_by_redsox
831502,2026-03-21,eae502ef-f7d4-3607-a8e0-db934c10c4e5,6,44,4,Mauricio Dubón,Tyler Samaniego,Slider,88.2,foul,True,Single,Mauricio Dubón singles on a line drive to right fielder Wilyer Abreu.,0.0,-1.45,1.1438316160016815,3.0,0.48825403080580454,2.954847365333193,1.6,3.171,thrown_by_redsox
831502,2026-03-21,fe4bed8c-035d-3b58-938e-7fd8f05e52fc,6,44,5,Mauricio Dubón,Tyler Samaniego,Sinker,91.9,hit_into_play,True,Single,Mauricio Dubón singles on a line drive to right fielder Wilyer Abreu.,0.0,-1.45,4.276339859753434,8.0,0.19849012919978026,2.0771949883127863,1.6,3.171,thrown_by_redsox
831502,2026-03-21,2d540cc7-1fab-31b7-a2a7-884715a4dc6f,6,45,1,José Azocar,Tyler Samaniego,Sinker,91.6,foul,True,GIDP,"José Azocar grounds into a double play, shortstop Trevor Story to second baseman Andruw Monasterio to first baseman Isiah Kiner-Falefa. Mauricio Dubón out at 2nd. José Azocar out at 1st.",0.0,-1.45,4.555793459578175,5.0,0.2075172117018187,2.588714015090464,1.597,3.164,thrown_by_redsox
831502,2026-03-21,5cedd378-d3d2-34fd-b721-9d95f588a41f,6,45,2,José Azocar,Tyler Samaniego,4-Seam Fastball,92.2,hit_into_play,True,GIDP,"José Azocar grounds into a double play, shortstop Trevor Story to second baseman Andruw Monasterio to first baseman Isiah Kiner-Falefa. Mauricio Dubón out at 2nd. José Azocar out at 1st.",0.0,-1.45,0.0,4.0,-0.6414107784277738,2.552700087808522,1.597,3.164,thrown_by_redsox
831502,2026-03-21,1f2f16df-4c9d-3885-b6c7-81b89868d097,7,49,1,Dallas Macias,Greg Weissert,Sweeper,81.8,called_strike,True,Strikeout,Dallas Macias strikes out swinging.,0.0,-1.45,1.8030212874815588,2.0,0.08446360689394972,2.93891489270987,1.62,3.21,thrown_by_redsox
831502,2026-03-21,c96cd88a-dc47-3a85-938c-927ac46e8680,7,49,2,Dallas Macias,Greg Weissert,4-Seam Fastball,92.6,ball,False,Strikeout,Dallas Macias strikes out swinging.,6.5547009825238485,5.104700982523848,0.0,11.0,-1.2542250818769873,2.940379713626398,1.62,3.21,thrown_by_redsox
831502,2026-03-21,89e4ba10-0305-33d2-844a-2e52a42096d3,7,49,3,Dallas Macias,Greg Weissert,Changeup,85.0,ball,False,Strikeout,Dallas Macias strikes out swinging.,7.617277574573848,6.1672775745738475,0.0,14.0,0.5949816787931361,0.9852268687855128,1.62,3.21,thrown_by_redsox
831502,2026-03-21,00ed405a-a722-388b-a799-3172460b20e3,7,49,4,Dallas Macias,Greg Weissert,Slider,85.2,foul,True,Strikeout,Dallas Macias strikes out swinging.,1.2908746594498774,-0.15912534055012256,0.0,6.0,0.8155728882874898,2.511995664081743,1.62,3.21,thrown_by_redsox
831502,2026-03-21,75b89a22-152d-31b3-9791-b0ac21f8ce04,7,49,5,Dallas Macias,Greg Weissert,Changeup,86.2,ball,False,Strikeout,Dallas Macias strikes out swinging.,14.335637937569004,12.885637937569005,0.0,13.0,-1.4901869985690854,0.71703828764928,1.62,3.21,thrown_by_redsox
831502,2026-03-21,82d66b83-9000-36ed-9c40-0b81ae00984a,7,49,6,Dallas Macias,Greg Weissert,Sinker,93.0,foul,True,Strikeout,Dallas Macias strikes out swinging.,0.0,-1.45,1.6339254088981114,1.0,-0.4510062159251573,2.7557565816028373,1.62,3.21,thrown_by_redsox
831502,2026-03-21,4c750921-bb7b-38d3-8889-4385fc5eb4bf,7,49,7,Dallas Macias,Greg Weissert,4-Seam Fastball,93.0,foul,False,Strikeout,Dallas Macias strikes out swinging.,2.5405237776714786,1.0905237776714785,0.0,11.0,-0.8988086535797106,3.3017241250399,1.62,3.21,thrown_by_redsox
831502,2026-03-21,fbc14b2d-4625-3dd9-be73-c88fdd5cc242,7,49,8,Dallas Macias,Greg Weissert,4-Seam Fastball,94.0,swinging_strike,False,Strikeout,Dallas Macias strikes out swinging.,6.991089273194001,5.541089273194001,0.0,11.0,-0.9419587528633988,3.743549726333809,1.62,3.21,thrown_by_redsox
831502,2026-03-21,60df9197-e3e6-3a02-845b-de0d97b83c3f,7,50,1,Ozzie Albies,Greg Weissert,Sweeper,80.8,called_strike,True,Groundout,"Ozzie Albies grounds out, second baseman Andruw Monasterio to first baseman Isiah Kiner-Falefa.",0.0,-1.45,0.0,1.0,-0.6036627398153742,2.816260318955976,1.506,2.985,thrown_by_redsox
831502,2026-03-21,3515892f-637f-3315-b1ec-88bdb143744e,7,50,2,Ozzie Albies,Greg Weissert,Sinker,93.6,ball,False,Groundout,"Ozzie Albies grounds out, second baseman Andruw Monasterio to first baseman Isiah Kiner-Falefa.",5.2995919613304485,3.8495919613304483,0.0,11.0,-0.7493939726501488,3.42468846749609,1.506,2.985,thrown_by_redsox
831502,2026-03-21,b6c8ddb1-5300-3fbd-bc16-6238df152acf,7,50,3,Ozzie Albies,Greg Weissert,4-Seam Fastball,92.9,ball,False,Groundout,"Ozzie Albies grounds out, second baseman Andruw Monasterio to first baseman Isiah Kiner-Falefa.",16.510781617227117,15.060781617227118,0.0,11.0,-0.5561725475408603,4.36089846810226,1.506,2.985,thrown_by_redsox
831502,2026-03-21,12d07a0f-09b0-3478-8499-7cb6d96604bb,7,50,4,Ozzie Albies,Greg Weissert,Changeup,85.6,hit_into_play,True,Groundout,"Ozzie Albies grounds out, second baseman Andruw Monasterio to first baseman Isiah Kiner-Falefa.",0.0,-1.45,2.713951906275602,4.0,-0.36100400781036646,2.1102787502498197,1.506,2.985,thrown_by_redsox
831502,2026-03-21,97b7e41b-dc2e-38a6-97ab-f88f492589d6,7,51,1,Matt Olson,Greg Weissert,Slider,85.4,called_strike,True,Single,Matt Olson singles on a sharp line drive to right fielder Wilyer Abreu.,0.5225412565735379,-0.9274587434264621,0.0,2.0,0.09427867929693656,3.4155451047144614,1.702,3.372,thrown_by_redsox
831502,2026-03-21,1c6e0546-9374-30bb-b095-b709d1125208,7,51,2,Matt Olson,Greg Weissert,Sweeper,79.9,called_strike,True,Single,Matt Olson singles on a sharp line drive to right fielder Wilyer Abreu.,0.0,-1.45,0.0,9.0,0.5824824822337984,1.822057189351617,1.702,3.372,thrown_by_redsox
831502,2026-03-21,ade99c83-8a05-390f-95ea-ddfb0b11c2da,7,51,3,Matt Olson,Greg Weissert,Sinker,93.9,foul,True,Single,Matt Olson singles on a sharp line drive to right fielder Wilyer Abreu.,0.35107958477740286,-1.098920415222597,0.0,9.0,0.7372566320647835,2.106645014344583,1.702,3.372,thrown_by_redsox
831502,2026-03-21,595783a7-7195-3c14-bcf1-360789126b01,7,51,4,Matt Olson,Greg Weissert,4-Seam Fastball,93.4,ball,False,Single,Matt Olson singles on a sharp line drive to right fielder Wilyer Abreu.,9.457526556759277,8.007526556759277,0.0,11.0,-1.4799510179179252,3.5308588364125866,1.702,3.372,thrown_by_redsox
831502,2026-03-21,eff5e875-a709-3352-8012-7cfec0dd6856,7,51,5,Matt Olson,Greg Weissert,Changeup,86.2,foul,False,Single,Matt Olson singles on a sharp line drive to right fielder Wilyer Abreu.,12.593022626476824,11.143022626476823,0.0,14.0,0.9071530287454359,0.6716518215396796,1.702,3.372,thrown_by_redsox
831502,2026-03-21,3d1b81e0-a4c9-33a0-9bcb-a2d06a178d7e,7,51,6,Matt Olson,Greg Weissert,Sweeper,81.3,hit_into_play,True,Single,Matt Olson singles on a sharp line drive to right fielder Wilyer Abreu.,0.0,-1.45,0.0,9.0,0.5044671236956217,1.738433435623739,1.702,3.372,thrown_by_redsox
831502,2026-03-21,d53f42ff-fc6d-3cc4-86dc-a87d756c0288,7,52,1,Austin Riley,Greg Weissert,Sinker,93.5,called_strike,True,Groundout,"Austin Riley grounds out, pitcher Greg Weissert to first baseman Isiah Kiner-Falefa.",0.0,-1.45,3.1168963423550036,4.0,-0.32742530480374965,2.3399654904468408,1.652,3.274,thrown_by_redsox
831502,2026-03-21,060063c2-360f-34e2-89fe-95ba576fd7f4,7,52,2,Austin Riley,Greg Weissert,4-Seam Fastball,93.3,swinging_strike,True,Groundout,"Austin Riley grounds out, pitcher Greg Weissert to first baseman Isiah Kiner-Falefa.",0.0,-1.45,1.3774586395937745,8.0,0.10075049966802752,1.8876215532994811,1.652,3.274,thrown_by_redsox
831502,2026-03-21,48d339ab-04b3-374b-be7d-359d446012bb,7,52,3,Austin Riley,Greg Weissert,Sinker,93.3,hit_into_play,False,Groundout,"Austin Riley grounds out, pitcher Greg Weissert to first baseman Isiah Kiner-Falefa.",4.086877971126641,2.6368779711266406,0.0,13.0,-1.0485731642605534,2.3838923030516517,1.652,3.274,thrown_by_redsox
831502,2026-03-21,2d6ea88d-42c0-31e3-86af-70eb6e816a64,8,57,1,Jonah Heim,Tommy Kahnle,Changeup,86.5,ball,False,Groundout,"Jonah Heim grounds out, second baseman Mason White to first baseman Isiah Kiner-Falefa.",15.284247896323118,13.834247896323117,0.0,11.0,-1.653174874675266,4.228770377424585,1.703,3.375,thrown_by_redsox
831502,2026-03-21,c8c23b0d-d73b-345e-944a-502248b745b0,8,57,2,Jonah Heim,Tommy Kahnle,Changeup,86.8,hit_into_play,False,Groundout,"Jonah Heim grounds out, second baseman Mason White to first baseman Isiah Kiner-Falefa.",5.0845263396527445,3.6345263396527443,0.0,13.0,-0.25184137660297834,1.2792894716956047,1.703,3.375,thrown_by_redsox
831502,2026-03-21,eb06cb3b-0868-366d-88fe-55c3cffbcecc,8,58,1,Kyle Farmer,Tommy Kahnle,Slider,86.6,called_strike,True,Strikeout,Kyle Farmer called out on strikes.,0.0,-1.45,1.6309681563027878,6.0,0.4512526536414343,2.632829925343108,1.598,3.167,thrown_by_redsox
831502,2026-03-21,c42937e5-16b8-3ad9-b483-f5b3d62aeb01,8,58,2,Kyle Farmer,Tommy Kahnle,Changeup,86.3,foul,True,Strikeout,Kyle Farmer called out on strikes.,0.0,-1.45,0.06772832720583571,6.0,0.5815226393995137,2.4742901633183725,1.598,3.167,thrown_by_redsox
831502,2026-03-21,cca7ade3-80e9-345b-90ac-3964124470e7,8,58,3,Kyle Farmer,Tommy Kahnle,4-Seam Fastball,92.3,ball,False,Strikeout,Kyle Farmer called out on strikes.,8.069764761465672,6.619764761465672,0.0,11.0,-1.2523690092998239,3.5618319462494874,1.598,3.167,thrown_by_redsox
831502,2026-03-21,52e28caa-d184-3393-95a0-46bec537e826,8,58,4,Kyle Farmer,Tommy Kahnle,4-Seam Fastball,94.3,called_strike,True,Strikeout,Kyle Farmer called out on strikes.,1.0675463872712605,-0.3824536127287395,0.0,6.0,0.7969621989392717,2.238767111462585,1.598,3.167,thrown_by_redsox
831502,2026-03-21,6b5ab8fc-9638-35b3-b602-1dcf63ad757e,8,59,1,Brett Wisely,Tommy Kahnle,Changeup,87.1,foul,True,Groundout,"Brett Wisely grounds out, shortstop Trevor Story to first baseman Isiah Kiner-Falefa.",0.0,-1.45,0.30682966460722233,8.0,0.1402671962311064,1.7034024720506018,1.557,3.085,thrown_by_redsox
831502,2026-03-21,4a08c8a5-94d8-3288-984d-9516ff45e01b,8,59,2,Brett Wisely,Tommy Kahnle,Changeup,87.4,ball,False,Groundout,"Brett Wisely grounds out, shortstop Trevor Story to first baseman Isiah Kiner-Falefa.",4.952016052727668,3.502016052727668,0.0,13.0,-1.1206680043939723,2.0034687487972214,1.557,3.085,thrown_by_redsox
831502,2026-03-21,9a25fd13-4406-35d7-80ed-5751dfb4df6f,8,59,3,Brett Wisely,Tommy Kahnle,4-Seam Fastball,94.5,swinging_strike,True,Groundout,"Brett Wisely grounds out, shortstop Trevor Story to first baseman Isiah Kiner-Falefa.",0.0,-1.45,2.365969617726991,4.0,-0.390002531856084,2.5519942521489485,1.557,3.085,thrown_by_redsox
831502,2026-03-21,e856da03-4cd4-32c1-bb5f-e64f94e0d268,8,59,4,Brett Wisely,Tommy Kahnle,4-Seam Fastball,94.4,foul,False,Groundout,"Brett Wisely grounds out, shortstop Trevor Story to first baseman Isiah Kiner-Falefa.",1.9533756270548412,0.5033756270548413,0.0,12.0,0.20747751680018345,3.24778130225457,1.557,3.085,thrown_by_redsox
831502,2026-03-21,99a2430f-7b40-3a39-ac13-b796a9a76595,8,59,5,Brett Wisely,Tommy Kahnle,Changeup,87.3,foul,True,Groundout,"Brett Wisely grounds out, shortstop Trevor Story to first baseman Isiah Kiner-Falefa.",0.0,-1.45,0.0,7.0,-0.3992166268877473,1.6429376841864274,1.557,3.085,thrown_by_redsox
831502,2026-03-21,c05fbdd4-82c8-39e4-b7fd-ed19bb0780f7,8,59,6,Brett Wisely,Tommy Kahnle,Changeup,88.1,hit_into_play,True,Groundout,"Brett Wisely grounds out, shortstop Trevor Story to first baseman Isiah Kiner-Falefa.",0.0,-1.45,0.0,7.0,-0.5706958355731819,1.565626551803299,1.557,3.085,thrown_by_redsox
831502,2026-03-21,d9bb9168-7d72-3e58-b598-c4ac141ec206,9,63,1,Kevin Kilpatrick Jr.,Jack Anderson,Slider,88.5,ball,False,Groundout,"Kevin Kilpatrick Jr. grounds out, shortstop Vinny Capra to first baseman Mickey Gasper.",7.340065680907922,5.890065680907922,0.0,12.0,1.3196721400756601,2.9489295625442162,1.575,3.121,thrown_by_redsox
831502,2026-03-21,f72566c9-a582-36fd-8c75-98e2325c606e,9,63,2,Kevin Kilpatrick Jr.,Jack Anderson,Slider,88.1,hit_into_play,True,Groundout,"Kevin Kilpatrick Jr. grounds out, shortstop Vinny Capra to first baseman Mickey Gasper.",0.0,-1.45,2.81335434328651,6.0,0.3527204713927908,2.5713232987615244,1.575,3.121,thrown_by_redsox
831502,2026-03-21,5edc0550-580b-3959-ae4e-c036e1990607,9,64,1,José Azocar,Jack Anderson,4-Seam Fastball,93.2,called_strike,True,Single,José Azocar singles on a line drive to right fielder Phillip Sikes.,0.0,-1.45,0.0,9.0,0.587676971361665,1.7445128280077684,1.597,3.164,thrown_by_redsox
831502,2026-03-21,6e71716f-4152-318b-bc9e-3ee1efe67245,9,64,2,José Azocar,Jack Anderson,Slider,86.2,hit_into_play,False,Single,José Azocar singles on a line drive to right fielder Phillip Sikes.,7.041829974364552,5.591829974364551,0.0,12.0,1.2948191645303793,2.4731443533714867,1.597,3.164,thrown_by_redsox
831502,2026-03-21,2bb84c45-d5d8-3988-b88d-574c4e5de76f,9,65,1,Dallas Macias,Jack Anderson,4-Seam Fastball,91.8,called_strike,True,Single,Dallas Macias singles on a line drive to center fielder Braiden Ward. José Azocar to 2nd.,0.0,-1.45,0.0,4.0,-0.61898674381323,2.2258417590162614,1.62,3.21,thrown_by_redsox
831502,2026-03-21,c375f30b-8e73-397b-815c-e16e4c4858ac,9,65,2,Dallas Macias,Jack Anderson,4-Seam Fastball,91.4,swinging_strike,True,Single,Dallas Macias singles on a line drive to center fielder Braiden Ward. José Azocar to 2nd.,0.6720102682656623,-0.7779897317343376,0.0,2.0,-0.2591844461569683,3.266000855688805,1.62,3.21,thrown_by_redsox
831502,2026-03-21,fa74e0fb-0f9f-399f-9682-deeab8c6fe0a,9,65,3,Dallas Macias,Jack Anderson,Splitter,83.0,foul,True,Single,Dallas Macias singles on a line drive to center fielder Braiden Ward. José Azocar to 2nd.,0.0,-1.45,3.648999936355014,8.0,0.21184274420341406,2.044916661362918,1.62,3.21,thrown_by_redsox
831502,2026-03-21,a962b456-66f7-3f45-b656-663e6d95a77c,9,65,4,Dallas Macias,Jack Anderson,4-Seam Fastball,93.5,ball,False,Single,Dallas Macias singles on a line drive to center fielder Braiden Ward. José Azocar to 2nd.,17.186542805932028,15.736542805932029,0.0,11.0,-0.3169088422104614,4.642211900494336,1.62,3.21,thrown_by_redsox
831502,2026-03-21,875f288b-b298-33c0-be39-21e84930fdd6,9,65,5,Dallas Macias,Jack Anderson,Slider,87.6,foul,False,Single,Dallas Macias singles on a line drive to center fielder Braiden Ward. José Azocar to 2nd.,2.3160934673865152,0.8660934673865153,0.0,14.0,0.9010077889488762,2.0351571100158212,1.62,3.21,thrown_by_redsox
831502,2026-03-21,99d05207-71a8-3942-a88d-4c5f8538c347,9,65,6,Dallas Macias,Jack Anderson,Slider,83.4,hit_into_play,True,Single,Dallas Macias singles on a line drive to center fielder Braiden Ward. José Azocar to 2nd.,0.6442829759531321,-0.8057170240468678,0.0,7.0,-0.3484798608567148,1.5663097520039058,1.62,3.21,thrown_by_redsox
831502,2026-03-21,0a70877b-6794-31bb-b5ad-fda540208bcc,9,66,1,Cal Conley,Jack Anderson,Slider,86.4,ball,False,Lineout,Cal Conley lines out to center fielder Braiden Ward.,6.348611055698221,4.898611055698221,0.0,11.0,-0.4110848802057317,3.561050921308185,1.53,3.032,thrown_by_redsox
831502,2026-03-21,22997ac6-5e7f-3eec-b83c-86338e246bda,9,66,2,Cal Conley,Jack Anderson,Slider,85.9,swinging_strike,True,Lineout,Cal Conley lines out to center fielder Braiden Ward.,0.0,-1.45,2.7297612638827307,6.0,0.3596865613431057,2.181472390320886,1.53,3.032,thrown_by_redsox
831502,2026-03-21,6c684e79-819b-3e76-b49e-2d56862de16d,9,66,3,Cal Conley,Jack Anderson,4-Seam Fastball,92.9,hit_into_play,True,Lineout,Cal Conley lines out to center fielder Braiden Ward.,0.937615794367364,-0.512384205632636,0.0,3.0,0.5469271690981932,3.1101346495306137,1.53,3.032,thrown_by_redsox
831502,2026-03-21,b31524d3-6f43-3fa6-9f4e-765d7579701a,9,67,1,Drew Compton,Jack Anderson,Slider,85.1,swinging_strike,False,Lineout,Drew Compton lines out sharply to center fielder Braiden Ward.,3.7315220393700397,2.2815220393700395,0.0,14.0,0.397410051998861,1.3340398300524967,1.645,3.259,thrown_by_redsox
831502,2026-03-21,fb76ba00-1954-36f9-a4fc-b74aa1c641f2,9,67,2,Drew Compton,Jack Anderson,4-Seam Fastball,93.4,hit_into_play,True,Lineout,Drew Compton lines out sharply to center fielder Braiden Ward.,0.0,-1.45,4.837398904187852,5.0,0.1840500913176789,2.5657981584701695,1.645,3.259,thrown_by_redsox
831552,2026-03-22,980475f4-dd29-3700-9468-26ecba349cb7,1,6,1,Jared Triolo,Sonny Gray,4-Seam Fastball,92.7,called_strike,True,Field Error,Jared Triolo reaches on a fielding error by third baseman Isiah Kiner-Falefa.,0.8501538546063561,-0.5998461453936439,0.0,1.0,-0.4901206714706134,3.4138461545505296,1.687,3.343,thrown_by_redsox
831552,2026-03-22,cc5ade66-89f0-339d-b4a1-e644168ac52b,1,6,2,Jared Triolo,Sonny Gray,Curveball,80.5,hit_into_play,True,Field Error,Jared Triolo reaches on a fielding error by third baseman Isiah Kiner-Falefa.,0.0,-1.45,0.0,8.0,-0.1866040170620653,1.7644001873587172,1.687,3.343,thrown_by_redsox
831552,2026-03-22,adb765dc-8bc0-361c-92b0-b7f31a55fac5,1,7,1,Ryan O'Hearn,Sonny Gray,4-Seam Fastball,93.1,hit_into_play,True,Pop Out,Ryan O'Hearn pops out to shortstop Andruw Monasterio.,0.0,-1.45,0.0,3.0,0.6150471658541758,3.1298314599465202,1.66,3.289,thrown_by_redsox
831552,2026-03-22,9873fdda-5d85-3ef5-add6-2f7056254bd1,1,8,1,Joey Bart,Sonny Gray,4-Seam Fastball,93.5,foul,True,Strikeout,Joey Bart called out on strikes.,0.0,-1.45,3.5839279072913035,2.0,0.24383255223987688,2.8805060077257245,1.665,3.3,thrown_by_redsox
831552,2026-03-22,eb3b55a5-8f6b-39fd-9f33-60538703d900,1,8,2,Joey Bart,Sonny Gray,Sinker,93.5,swinging_strike,False,Strikeout,Joey Bart called out on strikes.,9.508601688797164,8.058601688797165,0.0,13.0,-1.5003834740664304,2.434059275954464,1.665,3.3,thrown_by_redsox
831552,2026-03-22,32ed8d6c-2dca-300c-9219-6f544b5b50ae,1,8,3,Joey Bart,Sonny Gray,Sinker,93.6,called_strike,True,Strikeout,Joey Bart called out on strikes.,0.18937636937479319,-1.2606236306252068,0.0,6.0,0.7237813641145661,2.2515282692479817,1.665,3.3,thrown_by_redsox
831552,2026-03-22,7ec94ed0-1cd7-3b31-9a4e-e689d429bb0f,1,9,1,Henry Davis,Sonny Gray,Sinker,93.8,called_strike,True,Strikeout,Henry Davis strikes out swinging.,0.0,-1.45,1.2748112954098538,9.0,0.33364859771849065,1.8360676079508211,1.609,3.188,thrown_by_redsox
831552,2026-03-22,b848b0c8-abb9-3329-8664-5fcfb88171ae,1,9,2,Henry Davis,Sonny Gray,Cutter,91.1,foul_tip,False,Strikeout,Henry Davis strikes out swinging.,8.020085594279884,6.570085594279884,0.0,14.0,1.3763404661899903,2.0817817025961554,1.609,3.188,thrown_by_redsox
831552,2026-03-22,7f7cada9-2e3c-3a0e-a250-4cf678c26ed5,1,9,3,Henry Davis,Sonny Gray,Sweeper,86.1,swinging_strike,False,Strikeout,Henry Davis strikes out swinging.,10.170313873618648,8.720313873618649,0.0,14.0,1.2932059235069437,0.9959464848602835,1.609,3.188,thrown_by_redsox
831552,2026-03-22,489806fe-1817-305a-8592-a618a27f9600,2,15,1,Nick Yorke,Sonny Gray,4-Seam Fastball,92.9,hit_into_play,True,Single,Nick Yorke singles on a line drive to center fielder Ceddanne Rafaela.,0.0,-1.45,2.808945762710865,6.0,0.35308785310742785,2.5323386101471184,1.608,3.186,thrown_by_redsox
831552,2026-03-22,62eef896-dcdd-30ce-8278-fbe95e2f0985,2,16,1,Nick Gonzales,Sonny Gray,Sinker,93.0,called_strike,True,Single,Nick Gonzales singles on a line drive to left fielder Nate Eaton. Nick Yorke to 2nd.,0.0,-1.45,2.189296427651505,8.0,0.022918029123849104,1.8432747023042921,1.54,3.051,thrown_by_redsox
831552,2026-03-22,4919fcd2-9503-3b6e-b2c6-cd3d40666d79,2,16,2,Nick Gonzales,Sonny Gray,Cutter,90.4,ball,False,Single,Nick Gonzales singles on a line drive to left fielder Nate Eaton. Nick Yorke to 2nd.,19.872136545327653,18.422136545327653,0.0,14.0,2.3640113787773043,2.0632432759937522,1.54,3.051,thrown_by_redsox
831552,2026-03-22,246d72fd-d8c8-39ec-b831-8bba1209171e,2,16,3,Nick Gonzales,Sonny Gray,Cutter,90.3,foul,False,Single,Nick Gonzales singles on a line drive to left fielder Nate Eaton. Nick Yorke to 2nd.,2.4506963847322787,1.0006963847322787,0.0,14.0,0.681623682243739,1.3357753012723101,1.54,3.051,thrown_by_redsox
831552,2026-03-22,005239ca-55a1-39ba-b56e-112b4e35b09c,2,16,4,Nick Gonzales,Sonny Gray,Sweeper,85.7,hit_into_play,False,Single,Nick Gonzales singles on a line drive to left fielder Nate Eaton. Nick Yorke to 2nd.,4.297533541133362,2.8475335411333615,0.0,13.0,-0.2705528279040621,1.1818722049055532,1.54,3.051,thrown_by_redsox
831552,2026-03-22,1d3db5c5-f5ea-3b35-a93d-bf8410b7dd02,2,17,1,Billy Cook,Sonny Gray,Sinker,93.0,called_strike,True,GIDP,"Billy Cook grounds into a double play, third baseman Isiah Kiner-Falefa to second baseman Marcelo Mayer to first baseman Mickey Gasper. Nick Yorke to 3rd. Nick Gonzales out at 2nd. Billy Cook out at 1st.",0.0,-1.45,0.0,3.0,0.6119007921966689,2.876597038348128,1.615,3.2,thrown_by_redsox
831552,2026-03-22,0392a3af-4b1a-3c28-ad65-219ebce7106e,2,17,2,Billy Cook,Sonny Gray,Sinker,92.8,hit_into_play,True,GIDP,"Billy Cook grounds into a double play, third baseman Isiah Kiner-Falefa to second baseman Marcelo Mayer to first baseman Mickey Gasper. Nick Yorke to 3rd. Nick Gonzales out at 2nd. Billy Cook out at 1st.",0.0,-1.45,6.892890681290224,5.0,0.012759109892481302,2.3742491330451547,1.615,3.2,thrown_by_redsox
831552,2026-03-22,a350af7e-d943-358e-90e5-aabef6cd3b98,2,18,1,Jake Mangum,Sonny Gray,Cutter,91.2,called_strike,True,Single,Jake Mangum singles on a ground ball to left fielder Nate Eaton. Nick Yorke scores.,0.0,-1.45,0.0,9.0,0.6350564326479616,1.8590662461422456,1.605,3.18,thrown_by_redsox
831552,2026-03-22,61bac484-2a10-32c4-9e94-5fe07da16b0f,2,18,2,Jake Mangum,Sonny Gray,Curveball,81.7,ball,False,Single,Jake Mangum singles on a ground ball to left fielder Nate Eaton. Nick Yorke scores.,2.0730873711307374,0.6230873711307374,0.0,13.0,-0.7562937942326846,1.4391302090430704,1.605,3.18,thrown_by_redsox
831552,2026-03-22,a8426dbc-4b49-34a5-8efa-1c2ac2632ec4,2,18,3,Jake Mangum,Sonny Gray,Curveball,82.2,foul,False,Single,Jake Mangum singles on a ground ball to left fielder Nate Eaton. Nick Yorke scores.,9.301770422140718,7.851770422140718,0.0,14.0,0.13107588633483735,0.8298524648216068,1.605,3.18,thrown_by_redsox
831552,2026-03-22,00dac6ab-58ae-3072-b13a-6b20d046e094,2,18,4,Jake Mangum,Sonny Gray,Sweeper,86.4,foul,False,Single,Jake Mangum singles on a ground ball to left fielder Nate Eaton. Nick Yorke scores.,2.3721017312262855,0.9221017312262856,0.0,13.0,-0.08922251332417097,1.4073248557311429,1.605,3.18,thrown_by_redsox
831552,2026-03-22,9cb9efac-daa0-3b8a-a999-cf92bc15a6f9,2,18,5,Jake Mangum,Sonny Gray,Sinker,93.2,foul,True,Single,Jake Mangum singles on a ground ball to left fielder Nate Eaton. Nick Yorke scores.,0.0,-1.45,1.4020819257710582,9.0,0.3209179988250953,1.8426734938142548,1.605,3.18,thrown_by_redsox
831552,2026-03-22,630b79eb-b492-3836-877a-1be8f94b3a95,2,18,6,Jake Mangum,Sonny Gray,Sweeper,87.2,blocked_ball,False,Single,Jake Mangum singles on a ground ball to left fielder Nate Eaton. Nick Yorke scores.,20.48336787552585,19.03336787552585,0.0,13.0,-0.5639037084784735,-0.1019473229604877,1.605,3.18,thrown_by_redsox
831552,2026-03-22,6e3f2856-d3b0-3a2f-8085-b30813829940,2,18,7,Jake Mangum,Sonny Gray,Sinker,94.3,foul,True,Single,Jake Mangum singles on a ground ball to left fielder Nate Eaton. Nick Yorke scores.,0.0,-1.45,5.072874028754548,5.0,0.16442716427045434,2.4304340086663627,1.605,3.18,thrown_by_redsox
831552,2026-03-22,f09ee80a-fb7b-3d8b-b1a9-3849f667df36,2,18,8,Jake Mangum,Sonny Gray,Changeup,88.7,blocked_ball,False,Single,Jake Mangum singles on a ground ball to left fielder Nate Eaton. Nick Yorke scores.,12.30741092910255,10.85741092910255,0.0,13.0,-0.36867110279191806,0.5793824225747874,1.605,3.18,thrown_by_redsox
831552,2026-03-22,94533644-7dc9-3f02-94ca-8d5ecb42382e,2,18,9,Jake Mangum,Sonny Gray,Curveball,81.2,hit_into_play,True,Single,Jake Mangum singles on a ground ball to left fielder Nate Eaton. Nick Yorke scores.,0.0,-1.45,2.0046499289666935,8.0,-0.07574461641881491,1.8928874940805578,1.605,3.18,thrown_by_redsox
831552,2026-03-22,6ffc695e-f0dc-34c9-ac31-1293c5dc0f1f,2,19,1,Alika Williams,Sonny Gray,Sinker,92.8,ball,False,Strikeout,Alika Williams strikes out swinging.,6.745366181910153,5.295366181910153,0.0,12.0,0.3530668979508418,3.798113848492513,1.633,3.236,thrown_by_redsox
831552,2026-03-22,8af2aa29-1c1f-37b6-ae68-b7e911d45d61,2,19,2,Alika Williams,Sonny Gray,Cutter,89.3,foul,True,Strikeout,Alika Williams strikes out swinging.,0.0,-1.45,3.837661775939064,2.0,0.20695516296385386,2.795361518671745,1.633,3.236,thrown_by_redsox
831552,2026-03-22,db9ab47e-f8fe-3996-9ac6-6632173c02a7,2,19,3,Alika Williams,Sonny Gray,Cutter,89.8,foul,True,Strikeout,Alika Williams strikes out swinging.,0.0,-1.45,1.0096867281645097,6.0,0.5030261059862908,2.50901730298568,1.633,3.236,thrown_by_redsox
831552,2026-03-22,e823aabd-fac9-3b02-abb7-59dfc862ae25,2,19,4,Alika Williams,Sonny Gray,Sweeper,85.3,ball,False,Strikeout,Alika Williams strikes out swinging.,17.90218862646963,16.45218862646963,0.0,14.0,0.6803787771702894,0.14115094779419746,1.633,3.236,thrown_by_redsox
831552,2026-03-22,6ac67940-ac70-34a9-9496-c9c40f24e0a9,2,19,5,Alika Williams,Sonny Gray,Sinker,94.2,swinging_strike,False,Strikeout,Alika Williams strikes out swinging.,3.922279905802565,2.472279905802565,0.0,14.0,0.5314027208326035,1.3061433411831196,1.633,3.236,thrown_by_redsox
831552,2026-03-22,4f06c8cc-2a82-3abd-8a6a-a3e3d1d8c7c1,3,23,1,Jared Triolo,Sonny Gray,Cutter,88.5,ball,False,Strikeout,Jared Triolo strikes out swinging.,13.939968873114644,12.489968873114645,0.0,14.0,1.6848254441415524,1.0582906318353666,1.687,3.343,thrown_by_redsox
831552,2026-03-22,b4f63b3f-8fdc-3504-b78e-d70516986ead,3,23,2,Jared Triolo,Sonny Gray,Cutter,89.0,foul,True,Strikeout,Jared Triolo strikes out swinging.,0.0,-1.45,3.430074514401346,3.0,0.3013271237998878,2.9232459026494797,1.687,3.343,thrown_by_redsox
831552,2026-03-22,875669ad-8b7f-3303-a72b-e6a11c6e4f17,3,23,3,Jared Triolo,Sonny Gray,Curveball,79.6,called_strike,True,Strikeout,Jared Triolo strikes out swinging.,0.0,-1.45,3.0233986771241286,1.0,-0.29802202858839566,2.9702167769063226,1.687,3.343,thrown_by_redsox
831552,2026-03-22,1eef9567-5132-3e73-afce-b502e88ea06c,3,23,4,Jared Triolo,Sonny Gray,Sweeper,86.2,ball,False,Strikeout,Jared Triolo strikes out swinging.,14.860177343928687,13.410177343928686,0.0,14.0,0.8788970248138961,0.46050081394686426,1.687,3.343,thrown_by_redsox
831552,2026-03-22,36308b55-14eb-34f6-8917-0fb754668e0d,3,23,5,Jared Triolo,Sonny Gray,Sinker,92.8,swinging_strike,False,Strikeout,Jared Triolo strikes out swinging.,8.121145355458596,6.671145355458595,0.0,11.0,-1.0243372489284472,3.9412789503831296,1.687,3.343,thrown_by_redsox
831552,2026-03-22,e6f3253d-a0f6-3259-9618-8cd73f31ebe2,3,24,1,Ryan O'Hearn,Sonny Gray,Changeup,88.0,called_strike,False,Strikeout,Ryan O'Hearn strikes out swinging.,1.4945681693303645,0.044568169330364504,0.0,14.0,0.832547347444197,2.0257844504644478,1.66,3.289,thrown_by_redsox
831552,2026-03-22,ab03497f-7b9b-3296-b160-ea54bd48e425,3,24,2,Ryan O'Hearn,Sonny Gray,Curveball,81.5,foul,True,Strikeout,Ryan O'Hearn strikes out swinging.,0.0,-1.45,4.767434467604638,5.0,-0.0315567279745671,2.770880461032947,1.66,3.289,thrown_by_redsox
831552,2026-03-22,3f82c783-1c05-3a88-8eff-3c7cf4220005,3,24,3,Ryan O'Hearn,Sonny Gray,Sweeper,86.4,swinging_strike,False,Strikeout,Ryan O'Hearn strikes out swinging.,8.241211687066773,6.791211687066774,0.0,14.0,1.1522198306801514,1.1362457311004146,1.66,3.289,thrown_by_redsox
831552,2026-03-22,9baaef51-c468-3366-a299-65588bae2715,3,25,1,Joey Bart,Sonny Gray,Changeup,87.0,foul,False,Strikeout,Joey Bart strikes out swinging.,1.9612728837866538,0.5112728837866538,0.0,14.0,0.6237994403410321,1.5015605930177789,1.665,3.3,thrown_by_redsox
831552,2026-03-22,a1707a6b-7881-307b-ba8f-f89d586a339a,3,25,2,Joey Bart,Sonny Gray,Cutter,89.6,foul,True,Strikeout,Joey Bart strikes out swinging.,0.0,-1.45,1.8477957611242766,9.0,0.4331836865729769,2.1179031167941966,1.665,3.3,thrown_by_redsox
831552,2026-03-22,016f59a2-773a-3800-8c2e-ec0e557a38c8,3,25,3,Joey Bart,Sonny Gray,Sweeper,86.2,swinging_strike,False,Strikeout,Joey Bart strikes out swinging.,11.192840830839115,9.742840830839114,0.0,14.0,0.8486436772595456,0.7429277823562952,1.665,3.3,thrown_by_redsox
831552,2026-03-22,e29647ab-1f39-3a5c-a252-111b4b6885eb,4,29,1,Henry Davis,Sonny Gray,Sinker,92.1,foul,False,Home Run,Henry Davis homers (2) on a line drive to right center field.,1.8657575428636637,0.4157575428636637,0.0,11.0,-0.26406308257971833,3.343479795238639,1.609,3.188,thrown_by_redsox
831552,2026-03-22,300f4e69-4fe1-3884-8f25-1f7cc33374ae,4,29,2,Henry Davis,Sonny Gray,Cutter,85.7,ball,False,Home Run,Henry Davis homers (2) on a line drive to right center field.,2.9851007506751763,1.5351007506751762,0.0,14.0,0.3181635452135355,1.360241604110402,1.609,3.188,thrown_by_redsox
831552,2026-03-22,70771056-6ea0-30f6-8f90-606d0e3f74c7,4,29,3,Henry Davis,Sonny Gray,Cutter,90.8,hit_into_play,False,Home Run,Henry Davis homers (2) on a line drive to right center field.,3.3147103290113695,1.8647103290113693,0.0,12.0,0.9842258607509474,2.7720706979962264,1.609,3.188,thrown_by_redsox
831552,2026-03-22,999e8b79-69d9-3f30-a959-e0ae6d9366c4,4,30,1,Nick Yorke,Sonny Gray,Sinker,92.9,called_strike,True,Hit By Pitch,Nick Yorke hit by pitch.,0.0,-1.45,3.128309169084642,6.0,0.3264742359096131,2.1964335723238113,1.608,3.186,thrown_by_redsox
831552,2026-03-22,5b05c218-8f52-3e75-815b-cb681a7e129b,4,30,2,Nick Yorke,Sonny Gray,Curveball,79.5,hit_by_pitch,False,Hit By Pitch,Nick Yorke hit by pitch.,12.520596588241268,11.07059658824127,0.0,11.0,-1.7405644367758408,3.3358628402516213,1.608,3.186,thrown_by_redsox
831552,2026-03-22,3de15732-200e-3740-907f-80ce7cf13a36,4,31,1,Nick Gonzales,Sonny Gray,Cutter,90.2,hit_into_play,False,GIDP,"Nick Gonzales grounds into a double play, second baseman Marcelo Mayer to first baseman Mickey Gasper. Nick Yorke out at 2nd. Nick Gonzales out at 1st.",1.5265685250919452,0.07656852509194517,0.0,14.0,0.8352140437576621,1.6633532942799767,1.54,3.051,thrown_by_redsox
831552,2026-03-22,46706be1-82a3-3dea-a7eb-d2ee2a3049cd,4,32,1,Billy Cook,Sonny Gray,Curveball,80.4,ball,False,Groundout,"Billy Cook grounds out, shortstop Andruw Monasterio to first baseman Mickey Gasper.",10.057985883392853,8.607985883392853,0.0,14.0,0.2487887940400485,0.7768345097172622,1.615,3.2,thrown_by_redsox
831552,2026-03-22,a3ca63f4-000c-3bd3-869c-343f44b9305e,4,32,2,Billy Cook,Sonny Gray,Sinker,93.6,ball,False,Groundout,"Billy Cook grounds out, shortstop Andruw Monasterio to first baseman Mickey Gasper.",5.786748966282833,4.3367489662828325,0.0,14.0,1.1902290805235693,1.999107947471185,1.615,3.2,thrown_by_redsox
831552,2026-03-22,8f451789-c096-38f0-a779-30193758884c,4,32,3,Billy Cook,Sonny Gray,Sinker,93.4,called_strike,True,Groundout,"Billy Cook grounds out, shortstop Andruw Monasterio to first baseman Mickey Gasper.",0.0,-1.45,0.0,9.0,0.5159590424093025,1.6863950214439307,1.615,3.2,thrown_by_redsox
831552,2026-03-22,56fd22c0-8970-3c9e-93f1-34bc2764276a,4,32,4,Billy Cook,Sonny Gray,Cutter,88.0,hit_into_play,True,Groundout,"Billy Cook grounds out, shortstop Andruw Monasterio to first baseman Mickey Gasper.",0.4205061074568346,-1.0294938925431654,0.0,6.0,0.7430421756214028,2.525504030318401,1.615,3.2,thrown_by_redsox
831552,2026-03-22,5805a44f-69f0-3887-9d0a-e92207eabd32,5,37,1,Jake Mangum,Sonny Gray,4-Seam Fastball,91.7,called_strike,False,Groundout,"Jake Mangum grounds out, second baseman Marcelo Mayer to first baseman Mickey Gasper.",2.474794333003038,1.0247943330030382,0.0,12.0,0.7416725338179101,3.383465361811301,1.605,3.18,thrown_by_redsox
831552,2026-03-22,4ee3ec64-0f56-3807-978f-ba4113e1c6e2,5,37,2,Jake Mangum,Sonny Gray,Changeup,86.8,hit_into_play,False,Groundout,"Jake Mangum grounds out, second baseman Marcelo Mayer to first baseman Mickey Gasper.",9.339516361633073,7.889516361633072,0.0,14.0,0.7131591683295206,0.8267240696638734,1.605,3.18,thrown_by_redsox
831552,2026-03-22,89146665-bb6f-329e-a894-a0f67f5cf020,5,38,1,Alika Williams,Sonny Gray,4-Seam Fastball,93.1,foul,True,Strikeout,Alika Williams called out on strikes.,0.0,-1.45,2.3763751939628857,3.0,0.3891354005030928,2.871994764197547,1.633,3.236,thrown_by_redsox
831552,2026-03-22,b440d503-60b8-3ea8-b850-ec1c913ccd18,5,38,2,Alika Williams,Sonny Gray,Curveball,80.3,ball,False,Strikeout,Alika Williams called out on strikes.,14.536326737074667,13.086326737074666,0.0,14.0,1.398898151532829,0.6379853498669998,1.633,3.236,thrown_by_redsox
831552,2026-03-22,f0d86888-f9f8-3e51-baa4-2d2705b889f5,5,38,3,Alika Williams,Sonny Gray,Sinker,92.7,called_strike,True,Strikeout,Alika Williams called out on strikes.,0.0,-1.45,1.972581102189684,6.0,0.4227849081508596,2.625926896563695,1.633,3.236,thrown_by_redsox
831552,2026-03-22,1303747d-b210-3100-bbaf-ab9a654729be,5,38,4,Alika Williams,Sonny Gray,Sweeper,85.8,ball,False,Strikeout,Alika Williams called out on strikes.,20.661302784821288,19.211302784821285,0.0,14.0,1.1331634868241451,-0.03545616041772792,1.633,3.236,thrown_by_redsox
831552,2026-03-22,55e2a7ad-7166-3d3b-b2f7-4571f99e957b,5,38,5,Alika Williams,Sonny Gray,Sinker,93.4,foul,False,Strikeout,Alika Williams called out on strikes.,2.9425850899833037,1.4925850899833037,0.0,14.0,0.5731199591851988,1.3877845758347247,1.633,3.236,thrown_by_redsox
831552,2026-03-22,6e37febf-8836-3865-805b-a396acfaf53e,5,38,6,Alika Williams,Sonny Gray,Sweeper,84.7,called_strike,True,Strikeout,Alika Williams called out on strikes.,0.0,-1.45,0.0,8.0,0.228645347563188,1.6840959635211288,1.633,3.236,thrown_by_redsox
831552,2026-03-22,1e272625-8f1a-39ab-9cdb-59a69eaa380b,5,39,1,Jared Triolo,Sonny Gray,Curveball,81.0,ball,False,Groundout,"Jared Triolo grounds out, shortstop Andruw Monasterio to first baseman Mickey Gasper.",10.156529242038367,8.706529242038368,0.0,14.0,1.095471896104117,0.9345238905350843,1.687,3.343,thrown_by_redsox
831552,2026-03-22,27d9fdda-e33d-39ab-ba24-0613c6bbf93d,5,39,2,Jared Triolo,Sonny Gray,Slider,85.2,swinging_strike,False,Groundout,"Jared Triolo grounds out, shortstop Andruw Monasterio to first baseman Mickey Gasper.",2.8029790922841618,1.3529790922841618,0.0,14.0,0.9415815910236801,2.293051799145853,1.687,3.343,thrown_by_redsox
831552,2026-03-22,3c42d975-1e49-3653-98cc-cd102e9065ec,5,39,3,Jared Triolo,Sonny Gray,Curveball,80.5,ball,False,Groundout,"Jared Triolo grounds out, shortstop Andruw Monasterio to first baseman Mickey Gasper.",6.194179623267489,4.744179623267489,0.0,14.0,1.2241816352722907,1.8995644836196295,1.687,3.343,thrown_by_redsox
831552,2026-03-22,71b10c3d-db08-3dd0-b8f2-bf8977a3aba7,5,39,4,Jared Triolo,Sonny Gray,Sinker,93.1,ball,False,Groundout,"Jared Triolo grounds out, shortstop Andruw Monasterio to first baseman Mickey Gasper.",5.472600303799253,4.022600303799253,0.0,14.0,1.1640500253166044,2.1927028222362104,1.687,3.343,thrown_by_redsox
831552,2026-03-22,c5885953-8f0a-37fd-9464-5f450ec88b32,5,39,5,Jared Triolo,Sonny Gray,Cutter,89.0,hit_into_play,False,Groundout,"Jared Triolo grounds out, shortstop Andruw Monasterio to first baseman Mickey Gasper.",1.5887297403896965,0.1387297403896965,0.0,14.0,0.8403941450324747,1.807441887961132,1.687,3.343,thrown_by_redsox
831552,2026-03-22,a74ef164-593e-386c-a7c7-cc950adca374,6,43,1,Ryan O'Hearn,Sonny Gray,4-Seam Fastball,92.3,ball,False,Flyout,Ryan O'Hearn flies out to left fielder Nate Eaton.,13.224214291049691,11.77421429104969,0.0,14.0,1.2713235504265201,0.7128411242159283,1.66,3.289,thrown_by_redsox
831552,2026-03-22,52a62445-103b-34e7-84db-8d051debca81,6,43,2,Ryan O'Hearn,Sonny Gray,Cutter,89.6,ball,False,Flyout,Ryan O'Hearn flies out to left fielder Nate Eaton.,11.611343753049109,10.16134375304911,0.0,14.0,1.6153137524882184,1.3237639262894185,1.66,3.289,thrown_by_redsox
831552,2026-03-22,7b9050e9-3eb1-344e-b0c0-5b3fc2d4d8ad,6,43,3,Ryan O'Hearn,Sonny Gray,Sinker,92.5,foul,True,Flyout,Ryan O'Hearn flies out to left fielder Nate Eaton.,0.0,-1.45,1.8054747142487262,8.0,-0.20519527441219787,1.9312895595207271,1.66,3.289,thrown_by_redsox
831552,2026-03-22,7da58b37-b1c3-34d1-81d6-4fb8fa487085,6,43,4,Ryan O'Hearn,Sonny Gray,4-Seam Fastball,92.6,hit_into_play,True,Flyout,Ryan O'Hearn flies out to left fielder Nate Eaton.,0.0,-1.45,1.6108868051996175,4.0,-0.4529260995666985,2.6428072126715616,1.66,3.289,thrown_by_redsox
831552,2026-03-22,36b1f4a7-71ca-3e58-a8f4-1fdeb6f2d2a2,6,44,1,Joey Bart,Sonny Gray,Curveball,79.6,called_strike,True,Strikeout,Joey Bart strikes out swinging.,0.0,-1.45,2.5908753888183798,1.0,-0.2907462160795632,2.963260384265135,1.665,3.3,thrown_by_redsox
831552,2026-03-22,922ede65-a479-3d65-8fc0-f250baa4ef33,6,44,2,Joey Bart,Sonny Gray,Sinker,93.2,ball,False,Strikeout,Joey Bart strikes out swinging.,3.5196018372764764,2.069601837276476,0.0,11.0,-1.001300153106373,3.2778878186389813,1.665,3.3,thrown_by_redsox
831552,2026-03-22,20d7d811-0df3-3929-86f1-c04a48b651b5,6,44,3,Joey Bart,Sonny Gray,Sinker,92.6,foul,True,Strikeout,Joey Bart strikes out swinging.,0.0,-1.45,3.0891888192396832,8.0,0.01291582429657634,2.0432657349366403,1.665,3.3,thrown_by_redsox
831552,2026-03-22,51de1738-cbe2-34d0-8627-4138bfd623a9,6,44,4,Joey Bart,Sonny Gray,Sweeper,86.0,foul,True,Strikeout,Joey Bart strikes out swinging.,1.2460141938759612,-0.20398580612403877,0.0,9.0,0.34885713389541895,1.56116548384367,1.665,3.3,thrown_by_redsox
831552,2026-03-22,173e38dd-a890-350f-9276-4a0bab57c474,6,44,5,Joey Bart,Sonny Gray,Sweeper,84.3,swinging_strike,False,Strikeout,Joey Bart strikes out swinging.,4.767490864718788,3.3174908647187875,0.0,13.0,-0.09896403609526583,1.2677090946067677,1.665,3.3,thrown_by_redsox
831552,2026-03-22,53330ef5-5691-3a50-bb60-6477d6499237,6,45,1,Henry Davis,Sonny Gray,Sinker,93.5,called_strike,True,Strikeout,Henry Davis strikes out swinging.,0.0,-1.45,0.0,9.0,0.596595656969791,1.6116338569071247,1.609,3.188,thrown_by_redsox
831552,2026-03-22,58d86d30-8ac0-367a-aa28-8791caf2f2f1,6,45,2,Henry Davis,Sonny Gray,Sinker,93.4,foul,False,Strikeout,Henry Davis strikes out swinging.,2.175483304160153,0.7254833041601529,0.0,11.0,-0.8892902753466794,2.8009204703333355,1.609,3.188,thrown_by_redsox
831552,2026-03-22,8653ddca-fc8c-3943-a823-71f46e0c8c93,6,45,3,Henry Davis,Sonny Gray,Sweeper,86.1,ball,False,Strikeout,Henry Davis strikes out swinging.,30.649129997772917,29.19912999777292,0.0,14.0,1.2993520298568066,-0.875693097353655,1.609,3.188,thrown_by_redsox
831552,2026-03-22,35e58038-af16-3c64-89ec-ca74355365cf,6,45,4,Henry Davis,Sonny Gray,Sweeper,86.8,ball,False,Strikeout,Henry Davis strikes out swinging.,9.134428397069307,7.684428397069306,0.0,14.0,0.7395287946864039,0.8484508709144762,1.609,3.188,thrown_by_redsox
831552,2026-03-22,7c28ef8d-c8d1-3344-a2ad-70b897a37b7c,6,45,5,Henry Davis,Sonny Gray,Curveball,80.9,swinging_strike,False,Strikeout,Henry Davis strikes out swinging.,3.347178506550616,1.897178506550616,0.0,14.0,0.3078259213831642,1.3300684577874486,1.609,3.188,thrown_by_redsox
831552,2026-03-22,3b06d9b7-7915-317c-969f-5ca4ef082d34,7,49,1,Nick Yorke,Ryan Watson,Cutter,90.9,foul,True,Groundout,"Nick Yorke grounds out, shortstop Andruw Monasterio to first baseman Antonio Anderson.",0.0,-1.45,3.9869075521002904,2.0,0.13848829098296178,2.732924370658309,1.608,3.186,thrown_by_redsox
831552,2026-03-22,c7964c6a-cc88-3940-b8bb-96e775b76a5e,7,49,2,Nick Yorke,Ryan Watson,4-Seam Fastball,94.1,ball,False,Groundout,"Nick Yorke grounds out, shortstop Andruw Monasterio to first baseman Antonio Anderson.",6.624600929330409,5.174600929330409,0.0,11.0,-0.6529690191058842,3.7380500774442007,1.608,3.186,thrown_by_redsox
831552,2026-03-22,c3979f60-1d33-360d-bc5d-c70c54b9d0f2,7,49,3,Nick Yorke,Ryan Watson,Sweeper,83.8,ball,False,Groundout,"Nick Yorke grounds out, shortstop Andruw Monasterio to first baseman Antonio Anderson.",12.444275906987555,10.994275906987554,0.0,11.0,-1.7416325638779653,3.2697878830383997,1.608,3.186,thrown_by_redsox
831552,2026-03-22,21283a1b-0c88-3e6d-b082-fc3eff586ce1,7,49,4,Nick Yorke,Ryan Watson,Sweeper,84.4,foul,True,Groundout,"Nick Yorke grounds out, shortstop Andruw Monasterio to first baseman Antonio Anderson.",0.0,-1.45,0.66009985078804,6.0,0.5321583457676633,2.249225093902475,1.608,3.186,thrown_by_redsox
831552,2026-03-22,3de38ed5-c34d-3d3b-9850-10400808f003,7,49,5,Nick Yorke,Ryan Watson,Sweeper,84.3,ball,False,Groundout,"Nick Yorke grounds out, shortstop Andruw Monasterio to first baseman Antonio Anderson.",7.095415107911283,5.645415107911282,0.0,11.0,-0.2805021411613702,3.77728459232594,1.608,3.186,thrown_by_redsox
831552,2026-03-22,10db4214-0006-3251-84b6-19a4d459757f,7,49,6,Nick Yorke,Ryan Watson,4-Seam Fastball,94.0,foul,False,Groundout,"Nick Yorke grounds out, shortstop Andruw Monasterio to first baseman Antonio Anderson.",6.055110752485479,4.605110752485479,0.0,12.0,1.183040115281381,3.356148591568647,1.608,3.186,thrown_by_redsox
831552,2026-03-22,bab99608-6b25-30c6-a5be-9a3c88f5d51e,7,49,7,Nick Yorke,Ryan Watson,Sinker,94.0,foul,True,Groundout,"Nick Yorke grounds out, shortstop Andruw Monasterio to first baseman Antonio Anderson.",0.1545131001410036,-1.2954868998589963,0.0,4.0,-0.7208760916784169,2.464136231295923,1.608,3.186,thrown_by_redsox
831552,2026-03-22,fa264d02-f8ad-33be-9fd4-f553d057cff9,7,49,8,Nick Yorke,Ryan Watson,4-Seam Fastball,91.9,hit_into_play,True,Groundout,"Nick Yorke grounds out, shortstop Andruw Monasterio to first baseman Antonio Anderson.",0.0,-1.45,1.5505935209487456,8.0,-0.16352605364711126,1.8580494600790622,1.608,3.186,thrown_by_redsox
831552,2026-03-22,a7de4240-70a8-36e5-9bfe-dff0a5db80b8,7,50,1,Nick Gonzales,Ryan Watson,Sinker,95.1,called_strike,True,Pop Out,Nick Gonzales pops out to first baseman Antonio Anderson in foul territory.,0.0,-1.45,0.5973011116536135,7.0,-0.3382104029386064,1.7106084259711345,1.54,3.051,thrown_by_redsox
831552,2026-03-22,51d57ab6-023d-3f85-9699-13aaa044476d,7,50,2,Nick Gonzales,Ryan Watson,4-Seam Fastball,95.3,foul,False,Pop Out,Nick Gonzales pops out to first baseman Antonio Anderson in foul territory.,2.925578637285568,1.4755786372855682,0.0,12.0,0.13047893952403045,3.2947982197737975,1.54,3.051,thrown_by_redsox
831552,2026-03-22,0823659d-8f6c-32a1-8e39-e41d8cc84cf4,7,50,3,Nick Gonzales,Ryan Watson,Sweeper,86.4,hit_into_play,True,Pop Out,Nick Gonzales pops out to first baseman Antonio Anderson in foul territory.,0.0,-1.45,0.9065935099864817,3.0,0.32221306385226134,2.8546172075011267,1.54,3.051,thrown_by_redsox
831552,2026-03-22,8a625d71-b9fd-35a3-b44d-d7af2169dc04,7,51,1,Billy Cook,Ryan Watson,Sinker,93.8,hit_into_play,True,Groundout,"Billy Cook grounds out, pitcher Ryan Watson to first baseman Antonio Anderson.",0.0,-1.45,2.9356772295359628,4.0,-0.3425268975386697,2.597456759601382,1.615,3.2,thrown_by_redsox
831552,2026-03-22,ec0016d9-ab1e-36ee-bd63-d9a5635db29c,8,60,1,Jake Mangum,Ryan Watson,4-Seam Fastball,92.6,called_strike,True,Strikeout,Jake Mangum strikes out swinging.,0.0,-1.45,5.637425187751531,5.0,-0.11738123435403902,2.556893704820653,1.605,3.18,thrown_by_redsox
831552,2026-03-22,31036c5e-0e02-3762-b3df-7d201b91639f,8,60,2,Jake Mangum,Ryan Watson,Cutter,90.5,foul,True,Strikeout,Jake Mangum strikes out swinging.,0.0,-1.45,2.799554810739534,2.0,0.24598901094912584,2.8258704324383723,1.605,3.18,thrown_by_redsox
831552,2026-03-22,ea01bbf5-8caa-3a4f-8f65-6b25499b4e79,8,60,3,Jake Mangum,Ryan Watson,4-Seam Fastball,95.4,swinging_strike,True,Strikeout,Jake Mangum strikes out swinging.,0.35564786398727044,-1.0943521360127295,0.0,2.0,-0.24488908738564885,3.2096373219989394,1.605,3.18,thrown_by_redsox
831552,2026-03-22,4d53af61-ac7a-30b6-9c27-721c80771f50,8,61,1,Shawn Ross,Ryan Watson,Sinker,93.3,called_strike,True,Home Run,Shawn Ross homers (2) on a fly ball to left field.,0.0,-1.45,1.6932050476255176,4.0,-0.4460662460312068,2.4283064611645746,1.625,3.221,thrown_by_redsox
831552,2026-03-22,7fc14533-bce3-3e91-81b5-0e1b9a3fb415,8,61,2,Shawn Ross,Ryan Watson,4-Seam Fastball,95.4,called_strike,True,Home Run,Shawn Ross homers (2) on a fly ball to left field.,0.0,-1.45,0.0,1.0,-0.689612765298477,3.1367915054445428,1.625,3.221,thrown_by_redsox
831552,2026-03-22,c46f5ada-2cd3-319c-acb7-c1ddd31b833f,8,61,3,Shawn Ross,Ryan Watson,Sweeper,85.2,hit_into_play,True,Home Run,Shawn Ross homers (2) on a fly ball to left field.,0.0,-1.45,2.7913667301337797,4.0,-0.35455277248885164,2.6639896446493165,1.625,3.221,thrown_by_redsox
831552,2026-03-22,aae63171-71e1-38f7-9c0f-4532832e6364,8,62,1,Gabriel Rodriguez,Ryan Watson,Cutter,91.2,called_strike,True,Lineout,Gabriel Rodriguez lines out to shortstop Andruw Monasterio.,0.0,-1.45,0.0,1.0,-0.6289541720447456,3.1705874267020544,1.664,3.296,thrown_by_redsox
831552,2026-03-22,febc3b75-8624-32d4-bfb0-6f70691d9d80,8,62,2,Gabriel Rodriguez,Ryan Watson,Sinker,93.7,hit_into_play,True,Lineout,Gabriel Rodriguez lines out to shortstop Andruw Monasterio.,0.0,-1.45,1.5224399980592676,4.0,-0.4602966668283943,2.338942775423543,1.664,3.296,thrown_by_redsox
831552,2026-03-22,dbc10006-4dfc-3761-8305-7f37b77626dc,8,63,1,Ryan O'Hearn,Ryan Watson,Curveball,82.8,called_strike,True,Flyout,Ryan O'Hearn flies out to left fielder Nate Eaton.,0.0,-1.45,0.5603904780348048,7.0,-0.5311212798730813,1.8275325398362336,1.66,3.289,thrown_by_redsox
831552,2026-03-22,aab3b1f3-2c1a-34b8-92f4-087dd73de385,8,63,2,Ryan O'Hearn,Ryan Watson,4-Seam Fastball,95.2,ball,False,Flyout,Ryan O'Hearn flies out to left fielder Nate Eaton.,12.082028797870732,10.632028797870731,0.0,11.0,-0.6599223081589474,4.2958357331558945,1.66,3.289,thrown_by_redsox
831552,2026-03-22,70cac1d1-a11e-3c27-ae59-3d184422c92a,8,63,3,Ryan O'Hearn,Ryan Watson,4-Seam Fastball,94.8,hit_into_play,True,Flyout,Ryan O'Hearn flies out to left fielder Nate Eaton.,0.0,-1.45,6.2539052317887425,5.0,-0.06600789735093804,2.507657212503223,1.66,3.289,thrown_by_redsox
831552,2026-03-22,eaa46394-585d-39c0-a0a2-6ef282dc10b7,9,70,1,Yordany De Los Santos,Zack Kelly,Sweeper,82.2,ball,False,Lineout,Yordany De Los Santos lines out to third baseman Jack Winnay.,5.479669352418383,4.029669352418383,0.0,14.0,1.1646391127015319,2.0357654893410873,1.653,3.275,thrown_by_redsox
831552,2026-03-22,5fecacae-e86c-3ccc-adb0-1a710ef1923c,9,70,2,Yordany De Los Santos,Zack Kelly,Cutter,90.5,ball,False,Lineout,Yordany De Los Santos lines out to third baseman Jack Winnay.,2.5458212756131093,1.0958212756131094,0.0,14.0,0.6896623737792349,1.440848227032241,1.653,3.275,thrown_by_redsox
831552,2026-03-22,04ee8210-afac-3a50-b416-d826654a0ff4,9,70,3,Yordany De Los Santos,Zack Kelly,Cutter,90.3,called_strike,True,Lineout,Yordany De Los Santos lines out to third baseman Jack Winnay.,1.118729498200321,-0.33127050179967893,0.0,6.0,0.80122745818336,2.6672794916437437,1.653,3.275,thrown_by_redsox
831552,2026-03-22,68512b14-24e6-3ecd-a688-c3885a9f3099,9,70,4,Yordany De Los Santos,Zack Kelly,4-Seam Fastball,96.9,ball,False,Lineout,Yordany De Los Santos lines out to third baseman Jack Winnay.,9.944334508841603,8.494334508841604,0.0,11.0,-0.9552127492713969,3.9009617571077433,1.57,3.11,thrown_by_redsox
831552,2026-03-22,5e6818dc-9f48-3df3-abbb-1d74582d9a7e,9,70,5,Yordany De Los Santos,Zack Kelly,Cutter,91.9,called_strike,True,Lineout,Yordany De Los Santos lines out to third baseman Jack Winnay.,0.0,-1.45,3.047229837912573,8.0,-0.06433600277402496,1.9447691531593811,1.57,3.11,thrown_by_redsox
831552,2026-03-22,af7f4563-94b8-3abe-8dc3-90c53c4c0bf0,9,70,6,Yordany De Los Santos,Zack Kelly,Cutter,91.3,hit_into_play,True,Lineout,Yordany De Los Santos lines out to third baseman Jack Winnay.,0.0,-1.45,3.8219505284082596,2.0,-0.16844081466405392,2.6706707892993116,1.57,3.11,thrown_by_redsox
831552,2026-03-22,6e57276e-d2a1-35d3-9664-f850f43d6c1f,9,71,1,Darell Morel,Zack Kelly,Cutter,92.5,ball,False,Groundout,"Darell Morel grounds out, second baseman Mason White to first baseman Antonio Anderson.",11.912515127244786,10.462515127244785,0.0,14.0,1.4701780898321286,1.0739521265859455,1.71,3.388,thrown_by_redsox
831552,2026-03-22,07dea9ea-57ee-30dc-91c1-eeff32980233,9,71,2,Darell Morel,Zack Kelly,4-Seam Fastball,96.1,ball,False,Groundout,"Darell Morel grounds out, second baseman Mason White to first baseman Antonio Anderson.",1.8881039227705942,0.43810392277059423,0.0,11.0,-0.8653419935642161,2.834371847683185,1.71,3.388,thrown_by_redsox
831552,2026-03-22,763b822c-3df8-34a4-ac2e-433c740101d2,9,71,3,Darell Morel,Zack Kelly,Cutter,92.0,foul,True,Groundout,"Darell Morel grounds out, second baseman Mason White to first baseman Antonio Anderson.",0.0,-1.45,0.15529268398699098,6.0,0.5742256096677507,2.3349557377653296,1.71,3.388,thrown_by_redsox
831552,2026-03-22,7cc63f24-2ac3-383a-b8e3-1d6ee4c9578c,9,71,4,Darell Morel,Zack Kelly,4-Seam Fastball,96.5,called_strike,True,Groundout,"Darell Morel grounds out, second baseman Mason White to first baseman Antonio Anderson.",0.0,-1.45,3.1239607529772107,7.0,-0.3008298464857537,2.091163396081434,1.71,3.388,thrown_by_redsox
831552,2026-03-22,e90437af-2806-396e-b496-ebf8017380ed,9,71,5,Darell Morel,Zack Kelly,Curveball,84.3,hit_into_play,True,Groundout,"Darell Morel grounds out, second baseman Mason White to first baseman Antonio Anderson.",0.7338956424047645,-0.7161043575952355,0.0,8.0,0.05924470082641431,1.648842029799603,1.71,3.388,thrown_by_redsox
831552,2026-03-22,0cd351f7-2760-388b-98c8-d5c028a45673,9,72,1,Hyun Seung Lee,Zack Kelly,Cutter,91.6,ball,True,Walk,Hyun Seung Lee walks.,0.12082099208651709,-1.3291790079134829,0.0,1.0,-0.7180684160072097,2.893383555458147,1.643,3.255,thrown_by_redsox
831552,2026-03-22,8384c2d9-bc7a-3083-af6b-dd94941d24b5,9,72,2,Hyun Seung Lee,Zack Kelly,Sweeper,81.0,called_strike,False,Walk,Hyun Seung Lee walks.,2.3636505188305597,0.9136505188305597,0.0,13.0,-0.34603455766899405,1.4460291234307867,1.643,3.255,thrown_by_redsox
831552,2026-03-22,46a53cbe-1585-3d23-a743-9105f576152c,9,72,3,Hyun Seung Lee,Zack Kelly,Curveball,84.3,ball,False,Walk,Hyun Seung Lee walks.,12.848591241330919,11.398591241330918,0.0,13.0,-0.01270797320549466,0.5722840632224235,1.643,3.255,thrown_by_redsox
831552,2026-03-22,bae3c3e1-cc75-30a9-9e23-581b02f7443b,9,72,4,Hyun Seung Lee,Zack Kelly,Cutter,90.7,ball,False,Walk,Hyun Seung Lee walks.,10.30281134172565,8.852811341725651,0.0,11.0,-1.4368947305583541,3.708707852934242,1.643,3.255,thrown_by_redsox
831552,2026-03-22,0e69e0a2-8663-3014-9547-0bf076f3f888,9,72,5,Hyun Seung Lee,Zack Kelly,Cutter,91.0,called_strike,True,Walk,Hyun Seung Lee walks.,0.0,-1.45,0.17043462901134648,7.0,-0.42046382125088533,1.778036219084279,1.643,3.255,thrown_by_redsox
831552,2026-03-22,519b88a5-8055-37ee-92d7-35798b75455a,9,72,6,Hyun Seung Lee,Zack Kelly,4-Seam Fastball,96.3,ball,False,Walk,Hyun Seung Lee walks.,5.781918846404442,4.331918846404442,0.0,13.0,-1.1898265705337034,2.1107526741571485,1.643,3.255,thrown_by_redsox
831552,2026-03-22,a026a8b8-c7b9-3f39-963d-f1a7d3fecd77,9,73,1,Gustavo Melendez,Zack Kelly,4-Seam Fastball,95.2,ball,False,Walk,Gustavo Melendez walks.,7.68334557141564,6.23334557141564,0.0,13.0,-1.34827879761797,1.938489514340482,1.475,2.922,thrown_by_redsox
831552,2026-03-22,5f12c88d-d339-3f30-ac69-3bf9c18bcfde,9,73,2,Gustavo Melendez,Zack Kelly,Cutter,91.0,called_strike,True,Walk,Gustavo Melendez walks.,0.09917650742166906,-1.350823492578331,0.0,8.0,0.03371125133000952,1.4667352910481943,1.475,2.922,thrown_by_redsox
831552,2026-03-22,74f34bfe-7b98-35c4-9511-ad2bc6c0e9e3,9,73,3,Gustavo Melendez,Zack Kelly,Cutter,93.8,ball,False,Walk,Gustavo Melendez walks.,4.450348276622217,3.0003482766222165,0.0,13.0,-0.3555199224933827,1.1041376436148154,1.475,2.922,thrown_by_redsox
831552,2026-03-22,0101952b-f326-3ce6-bf94-13df166848ae,9,73,4,Gustavo Melendez,Zack Kelly,Sweeper,81.3,ball,False,Walk,Gustavo Melendez walks.,6.134476436240802,4.684476436240802,0.0,11.0,-1.2192063696867335,2.518429598856274,1.475,2.922,thrown_by_redsox
831552,2026-03-22,5b553b60-b834-38ad-8d17-27f346903fb6,9,73,5,Gustavo Melendez,Zack Kelly,Cutter,90.8,blocked_ball,False,Walk,Gustavo Melendez walks.,14.510081938475901,13.0600819384759,0.0,13.0,-0.26093275935446725,0.26582650512700834,1.475,2.922,thrown_by_redsox
831552,2026-03-22,bdf04e6b-8ef7-3a8f-9f80-d72e202cb25a,9,74,1,Billy Cook,Zack Kelly,Sinker,96.1,foul,False,Lineout,Billy Cook lines out to shortstop Andruw Monasterio.,4.230709641167368,2.780709641167368,0.0,13.0,-1.0605591367639473,2.0839287095957193,1.615,3.2,thrown_by_redsox
831552,2026-03-22,65b466e7-a932-3063-92f9-a2c7e2f4e220,9,74,2,Billy Cook,Zack Kelly,Cutter,92.4,called_strike,True,Lineout,Billy Cook lines out to shortstop Andruw Monasterio.,0.7379174957877614,-0.7120825042122385,0.0,7.0,-0.7174817467630978,1.554242277384554,1.615,3.2,thrown_by_redsox
831552,2026-03-22,62ab57d5-cbc5-3de5-8d8b-944d0c32bfb9,9,74,3,Billy Cook,Zack Kelly,Sweeper,83.4,hit_into_play,False,Lineout,Billy Cook lines out to shortstop Andruw Monasterio.,4.770092323093231,3.320092323093231,0.0,14.0,1.0581027062860904,1.4267436282213177,1.615,3.2,thrown_by_redsox
832036,2026-03-23,2aa9027a-e161-3664-b046-8f061f8e2fee,1,1,1,Kody Clemens,Johan Oviedo,4-Seam Fastball,93.5,swinging_strike,True,Strikeout,Kody Clemens strikes out swinging.,0.0,-1.45,2.932207030809751,4.0,-0.342816080765854,2.1157125112778195,1.621,3.211,thrown_by_redsox
832036,2026-03-23,80b7197a-b8ff-3f53-9bec-f72cce2aef81,1,1,2,Kody Clemens,Johan Oviedo,4-Seam Fastball,92.6,ball,False,Strikeout,Kody Clemens strikes out swinging.,6.800615826152147,5.350615826152147,0.0,12.0,1.274717985512679,2.553252287440521,1.621,3.211,thrown_by_redsox
832036,2026-03-23,ee0f1acd-f327-3bc7-bb87-ea4459321f37,1,1,3,Kody Clemens,Johan Oviedo,Curveball,75.4,ball,False,Strikeout,Kody Clemens strikes out swinging.,11.13528038864296,9.685280388642958,0.0,14.0,1.1095084680785572,0.7844214598930739,1.621,3.211,thrown_by_redsox
832036,2026-03-23,6028158a-9ddb-3fc9-b555-bef5a2bf2cc9,1,1,4,Kody Clemens,Johan Oviedo,Slider,81.8,swinging_strike,False,Strikeout,Kody Clemens strikes out swinging.,4.945764617520931,3.4957646175209307,0.0,13.0,-0.30509903277043415,1.2088529485399224,1.621,3.211,thrown_by_redsox
832036,2026-03-23,f81be776-1b34-3a14-8985-a2ac185d1854,1,1,5,Kody Clemens,Johan Oviedo,4-Seam Fastball,93.2,ball,False,Strikeout,Kody Clemens strikes out swinging.,10.743904094681128,9.293904094681128,0.0,11.0,-1.4987957748369318,3.6308208059838187,1.621,3.211,thrown_by_redsox
832036,2026-03-23,fb2c2a81-7189-3511-a3bf-058259476805,1,1,6,Kody Clemens,Johan Oviedo,Curveball,74.1,swinging_strike,False,Strikeout,Kody Clemens strikes out swinging.,2.008808222161229,0.5588082221612292,0.0,11.0,-0.8754006851801024,2.4903890753732854,1.621,3.211,thrown_by_redsox
832036,2026-03-23,ba791253-b0e5-3b50-a860-a5f813a475e4,1,2,1,Brooks Lee,Johan Oviedo,Curveball,75.8,called_strike,True,Groundout,"Brooks Lee grounds out, shortstop Trevor Story to first baseman Willson Contreras.",0.0,-1.45,3.4462978126601875,6.0,0.29997518227831765,2.4541202235121924,1.619,3.209,thrown_by_redsox
832036,2026-03-23,7c663710-b3ef-3455-ab9c-e23fe490bbfc,1,2,2,Brooks Lee,Johan Oviedo,Cutter,87.1,foul,True,Groundout,"Brooks Lee grounds out, shortstop Trevor Story to first baseman Willson Contreras.",0.0,-1.45,0.0,6.0,0.5911701675929484,2.6203090670997256,1.619,3.209,thrown_by_redsox
832036,2026-03-23,d801c777-9548-3181-9891-9307d1f489f9,1,2,3,Brooks Lee,Johan Oviedo,Curveball,75.7,ball,False,Groundout,"Brooks Lee grounds out, shortstop Trevor Story to first baseman Willson Contreras.",19.04698668891201,17.59698668891201,0.0,11.0,-2.2952488907426676,2.5420384349627625,1.619,3.209,thrown_by_redsox
832036,2026-03-23,7811414f-18bd-3da4-9a6a-dd17a6f6e3b8,1,2,4,Brooks Lee,Johan Oviedo,Slider,82.6,hit_into_play,True,Groundout,"Brooks Lee grounds out, shortstop Trevor Story to first baseman Willson Contreras.",0.5299862490758569,-0.9200137509241431,0.0,4.0,-0.7521655207563214,2.444327652943321,1.619,3.209,thrown_by_redsox
832036,2026-03-23,2fd911fa-5ff2-33a7-b938-8a16d501c084,1,3,1,Trevor Larnach,Johan Oviedo,Cutter,85.1,called_strike,True,Strikeout,Trevor Larnach strikes out swinging.,0.0,-1.45,0.0,4.0,-0.7037397993508385,2.53640024982285,1.677,3.324,thrown_by_redsox
832036,2026-03-23,00cb2c3d-ad7a-31b8-825e-87b3ec7aead7,1,3,2,Trevor Larnach,Johan Oviedo,4-Seam Fastball,93.1,ball,False,Strikeout,Trevor Larnach strikes out swinging.,9.253008732151095,7.8030087321510955,0.0,14.0,1.4790840610125913,1.747986556053652,1.677,3.324,thrown_by_redsox
832036,2026-03-23,97fbf040-fdd3-3df5-a4cf-5b33cdb1fb0b,1,3,3,Trevor Larnach,Johan Oviedo,4-Seam Fastball,92.8,ball,False,Strikeout,Trevor Larnach strikes out swinging.,4.233395826534188,2.7833958265341874,0.0,11.0,-0.9965136480150147,3.5270165259252804,1.677,3.324,thrown_by_redsox
832036,2026-03-23,eb7c0d75-fc6d-3b70-ac41-8d72aa1c7fed,1,3,4,Trevor Larnach,Johan Oviedo,Curveball,76.8,swinging_strike,True,Strikeout,Trevor Larnach strikes out swinging.,0.0,-1.45,0.0,9.0,0.6512299934855337,1.9411797563751962,1.677,3.324,thrown_by_redsox
832036,2026-03-23,a47a2190-848f-3f68-b1fe-c1fdd7d02c54,1,3,5,Trevor Larnach,Johan Oviedo,Sinker,92.9,swinging_strike,True,Strikeout,Trevor Larnach strikes out swinging.,0.8106390209967085,-0.6393609790032915,0.0,8.0,0.1949390988905395,1.6094467482502743,1.677,3.324,thrown_by_redsox
832036,2026-03-23,5d29ee74-62c7-3fa5-98c2-bd4c926e5784,2,8,1,Victor Caratini,Johan Oviedo,Slider,81.5,ball,False,Strikeout,Victor Caratini called out on strikes.,8.318187761767438,6.868187761767438,0.0,11.0,-1.4011823134806198,2.8736359730427106,1.615,3.201,thrown_by_redsox
832036,2026-03-23,df298544-dc89-3ad8-876b-9156a1dc45e2,2,8,2,Victor Caratini,Johan Oviedo,Curveball,75.4,ball,False,Strikeout,Victor Caratini called out on strikes.,8.316869515145193,6.866869515145193,0.0,11.0,-1.4010724595954327,2.801149815265831,1.615,3.201,thrown_by_redsox
832036,2026-03-23,3e9476f2-f374-3073-a452-2254f1e9b559,2,8,3,Victor Caratini,Johan Oviedo,Slider,82.6,swinging_strike,False,Strikeout,Victor Caratini called out on strikes.,2.881574306682521,1.4315743066825208,0.0,14.0,0.024051955415199,1.3748688077764566,1.615,3.201,thrown_by_redsox
832036,2026-03-23,53a20207-fc68-3e96-bca3-75cc504d2d12,2,8,4,Victor Caratini,Johan Oviedo,Slider,83.3,called_strike,True,Strikeout,Victor Caratini called out on strikes.,0.0,-1.45,3.832436926039553,2.0,0.04474528431490743,2.7607969228300373,1.615,3.201,thrown_by_redsox
832036,2026-03-23,889a34a2-f2a3-3ac9-858a-ab1b452d41b9,2,8,5,Victor Caratini,Johan Oviedo,4-Seam Fastball,92.8,foul,True,Strikeout,Victor Caratini called out on strikes.,0.0,-1.45,0.02385977934727118,3.0,0.5851783517210607,2.7913993952069296,1.615,3.201,thrown_by_redsox
832036,2026-03-23,a36d225f-4f88-3790-84be-679c54cc13c4,2,8,6,Victor Caratini,Johan Oviedo,4-Seam Fastball,93.9,called_strike,True,Strikeout,Victor Caratini called out on strikes.,0.0,-1.45,0.14969816570588373,7.0,-0.33491683926430316,1.7483081804754903,1.615,3.201,thrown_by_redsox
832036,2026-03-23,fe20256c-dc68-31ad-b6bb-a5694c919884,2,9,1,James Outman,Johan Oviedo,Slider,86.0,foul,True,Single,James Outman singles on a sharp line drive to right fielder Wilyer Abreu.,0.0,-1.45,3.6930535852219206,8.0,-0.04180278366043444,2.0905877987684933,1.662,3.293,thrown_by_redsox
832036,2026-03-23,403f634f-d7b2-34ab-be2f-b0ef73bcb122,2,9,2,James Outman,Johan Oviedo,Slider,83.6,ball,False,Single,James Outman singles on a sharp line drive to right fielder Wilyer Abreu.,15.682517112086678,14.23251711208668,0.0,13.0,-0.31072248354346677,0.3551235739927767,1.662,3.293,thrown_by_redsox
832036,2026-03-23,a0eaa6b7-0bfc-3c4b-8578-75cd99fa5c8f,2,9,3,James Outman,Johan Oviedo,4-Seam Fastball,92.1,foul,False,Single,James Outman singles on a sharp line drive to right fielder Wilyer Abreu.,2.5839938256986956,1.1339938256986957,0.0,14.0,0.9233328188082246,2.384473008249123,1.662,3.293,thrown_by_redsox
832036,2026-03-23,8eb8275d-ae01-328d-a10c-6928bd722adb,2,9,4,James Outman,Johan Oviedo,4-Seam Fastball,93.3,hit_into_play,True,Single,James Outman singles on a sharp line drive to right fielder Wilyer Abreu.,0.0,-1.45,3.282951406506192,2.0,0.04448351822070018,2.898587382791151,1.662,3.293,thrown_by_redsox
832036,2026-03-23,d1e1af63-d3c0-390a-a51f-f787661e0c04,2,10,1,Royce Lewis,Johan Oviedo,Sinker,91.5,ball,False,Sac Fly,Royce Lewis out on a sacrifice fly to center fielder Ceddanne Rafaela. James Outman scores.,6.19071549806663,4.7407154980666295,0.0,14.0,1.223892958172219,1.990415900384948,1.618,3.205,thrown_by_redsox
832036,2026-03-23,20cccbba-2ead-3eed-98b7-c5c79244b06a,2,10,2,Royce Lewis,Johan Oviedo,Sinker,93.1,ball,False,Sac Fly,Royce Lewis out on a sacrifice fly to center fielder Ceddanne Rafaela. James Outman scores.,3.409969746858976,1.9599697468589756,0.0,13.0,-0.9921641455715813,1.642702393979822,1.618,3.205,thrown_by_redsox
832036,2026-03-23,8febb591-2417-3e55-9004-ad404bf6c501,2,10,3,Royce Lewis,Johan Oviedo,Slider,83.9,hit_into_play,True,Sac Fly,Royce Lewis out on a sacrifice fly to center fielder Ceddanne Rafaela. James Outman scores.,0.0,-1.45,4.100959520990187,2.0,0.005442467938339579,2.7424200399174845,1.618,3.205,thrown_by_redsox
832036,2026-03-23,a3b0848c-2130-3bcb-8e43-9cc7c258c107,2,11,1,Austin Martin,Johan Oviedo,4-Seam Fastball,94.8,ball,False,Single,"Austin Martin singles on a ground ball to second baseman Marcelo Mayer, deflected by pitcher Johan Oviedo.",8.643369309419228,7.193369309419228,0.0,13.0,-1.4282807757849356,2.3392331908802353,1.579,3.13,thrown_by_redsox
832036,2026-03-23,1f3804fe-dfa2-3588-8a0b-b34806c43180,2,11,2,Austin Martin,Johan Oviedo,Sinker,91.9,foul,True,Single,"Austin Martin singles on a ground ball to second baseman Marcelo Mayer, deflected by pitcher Johan Oviedo.",0.0,-1.45,0.9004142369281054,6.0,0.5121321469226578,2.495260311380166,1.579,3.13,thrown_by_redsox
832036,2026-03-23,a1504d70-2193-3336-a26e-8c2b9cc801d6,2,11,3,Austin Martin,Johan Oviedo,4-Seam Fastball,93.2,foul,False,Single,"Austin Martin singles on a ground ball to second baseman Marcelo Mayer, deflected by pitcher Johan Oviedo.",5.090070819198701,3.6400708191987006,0.0,11.0,-1.0604807394351248,3.3659654550927227,1.579,3.13,thrown_by_redsox
832036,2026-03-23,3f5bac57-7ba4-33b3-ba79-f66b2871f3f1,2,11,4,Austin Martin,Johan Oviedo,4-Seam Fastball,92.5,hit_into_play,False,Single,"Austin Martin singles on a ground ball to second baseman Marcelo Mayer, deflected by pitcher Johan Oviedo.",3.795581670219142,2.3455816702191417,0.0,14.0,1.0242984725182618,2.2268773731152036,1.579,3.13,thrown_by_redsox
832036,2026-03-23,e665c788-69f3-3db5-b87f-ea0b6c639f6c,2,12,1,Tristan Gray,Johan Oviedo,Curveball,74.9,ball,False,Flyout,Tristan Gray flies out to right fielder Wilyer Abreu.,3.4389920676841315,1.9889920676841313,0.0,14.0,0.9104474423823481,1.4421585320022716,1.645,3.259,thrown_by_redsox
832036,2026-03-23,996418e4-7a84-33c5-9df6-c819fdfee396,2,12,2,Tristan Gray,Johan Oviedo,Curveball,75.5,foul,True,Flyout,Tristan Gray flies out to right fielder Wilyer Abreu.,0.0,-1.45,0.0,6.0,0.5920754087257012,2.479884669002501,1.645,3.259,thrown_by_redsox
832036,2026-03-23,9df2609b-c9d6-3364-bf5a-cb27471d5be5,2,12,3,Tristan Gray,Johan Oviedo,Slider,82.2,ball,False,Flyout,Tristan Gray flies out to right fielder Wilyer Abreu.,6.783453330449657,5.3334533304496565,0.0,11.0,-1.2732877775374714,3.2416038892114982,1.645,3.259,thrown_by_redsox
832036,2026-03-23,33dc2ebe-5680-3033-a974-8d1cba2663b7,2,12,4,Tristan Gray,Johan Oviedo,Slider,81.6,hit_into_play,True,Flyout,Tristan Gray flies out to right fielder Wilyer Abreu.,0.0,-1.45,2.6161768491546056,6.0,0.36915192923711615,2.301572597196388,1.645,3.259,thrown_by_redsox
832036,2026-03-23,6b5aa1fd-c8ab-362f-9f13-e80b42727ddc,3,18,1,Orlando Arcia,Johan Oviedo,Sinker,89.8,swinging_strike,True,Flyout,Orlando Arcia flies out to left fielder Jarren Duran.,0.0,-1.45,3.905963102763306,8.0,0.11884572604696864,2.046330258563609,1.6,3.171,thrown_by_redsox
832036,2026-03-23,eab47cca-9815-3117-8045-6f95df91555c,3,18,2,Orlando Arcia,Johan Oviedo,Slider,82.0,foul,False,Flyout,Orlando Arcia flies out to left fielder Jarren Duran.,2.785512985895129,1.335512985895129,0.0,11.0,-0.9401260821579274,3.0400392471692546,1.6,3.171,thrown_by_redsox
832036,2026-03-23,c35907a7-99e8-322c-b330-499c1f586079,3,18,3,Orlando Arcia,Johan Oviedo,4-Seam Fastball,91.8,foul,False,Flyout,Orlando Arcia flies out to left fielder Jarren Duran.,9.810273605210448,8.360273605210446,0.0,14.0,1.5255228004342039,2.221749625916745,1.6,3.171,thrown_by_redsox
832036,2026-03-23,949583b4-a3e4-3f3d-9c21-5534a729b9d2,3,18,4,Orlando Arcia,Johan Oviedo,Curveball,76.3,ball,False,Flyout,Orlando Arcia flies out to left fielder Jarren Duran.,7.8659768864506265,6.415976886450626,0.0,14.0,0.21190096042814943,0.9445019261291145,1.6,3.171,thrown_by_redsox
832036,2026-03-23,46ff1328-9551-3e46-8c70-44da874f9500,3,18,5,Orlando Arcia,Johan Oviedo,4-Seam Fastball,92.8,foul,True,Flyout,Orlando Arcia flies out to left fielder Jarren Duran.,0.0,-1.45,3.2508615481121206,2.0,0.2690644152970001,2.779261537657323,1.6,3.171,thrown_by_redsox
832036,2026-03-23,9d928a89-8b13-347f-a387-e4ffe08601b8,3,18,6,Orlando Arcia,Johan Oviedo,Slider,81.5,hit_into_play,True,Flyout,Orlando Arcia flies out to left fielder Jarren Duran.,0.0,-1.45,2.1076588593903347,2.0,0.2352487240236516,2.8745284283841386,1.6,3.171,thrown_by_redsox
832036,2026-03-23,0bbaa44e-c35b-388d-ae83-6505189857b7,3,19,1,Kody Clemens,Johan Oviedo,Cutter,86.7,called_strike,True,Flyout,Kody Clemens flies out to center fielder Ceddanne Rafaela.,0.9497839102940704,-0.5002160897059296,0.0,4.0,-0.7871486591911725,2.5145640138305274,1.621,3.211,thrown_by_redsox
832036,2026-03-23,8a1cc209-1f9f-3cd3-b986-8963d7b17a60,3,19,2,Kody Clemens,Johan Oviedo,Curveball,76.3,ball,False,Flyout,Kody Clemens flies out to center fielder Ceddanne Rafaela.,14.1538004650979,12.703800465097899,0.0,14.0,0.11217790590146359,0.4415166279085083,1.621,3.211,thrown_by_redsox
832036,2026-03-23,5a5c8fc9-51f4-37db-9b48-9c3e7d80d1b9,3,19,3,Kody Clemens,Johan Oviedo,Curveball,74.3,hit_into_play,True,Flyout,Kody Clemens flies out to center fielder Ceddanne Rafaela.,1.3271510777454436,-0.1228489222545564,0.0,4.0,-0.8185959231454536,2.439145561178846,1.621,3.211,thrown_by_redsox
832036,2026-03-23,4c6abade-fdb4-3dbc-8be1-79bc3c86f560,3,20,1,Brooks Lee,Johan Oviedo,4-Seam Fastball,92.9,foul,False,Groundout,Brooks Lee grounds out to first baseman Willson Contreras.,5.069772377518884,3.619772377518884,0.0,11.0,-0.6915932964215084,3.631481031459907,1.619,3.209,thrown_by_redsox
832036,2026-03-23,9a17837b-4c17-3a1c-a6b0-4211f4187dab,3,20,2,Brooks Lee,Johan Oviedo,Slider,81.2,ball,False,Groundout,Brooks Lee grounds out to first baseman Willson Contreras.,12.62185861894088,11.17185861894088,0.0,11.0,-1.6964409184682623,3.568601344633783,1.619,3.209,thrown_by_redsox
832036,2026-03-23,3aab895f-c921-3dc5-ac3b-78f8594c408d,3,20,3,Brooks Lee,Johan Oviedo,4-Seam Fastball,93.3,hit_into_play,True,Groundout,Brooks Lee grounds out to first baseman Willson Contreras.,0.3271691649355448,-1.1228308350644551,0.0,9.0,0.678914891521607,1.591735902922038,1.619,3.209,thrown_by_redsox
832036,2026-03-23,19970a5f-5920-36e7-a06e-a0b2b07bf736,4,28,1,Trevor Larnach,Johan Oviedo,Curveball,73.6,ball,False,Home Run,Trevor Larnach homers (2) on a fly ball to right field.,6.696950069409068,5.246950069409068,0.0,14.0,0.04267883947112061,1.1189208275492444,1.677,3.324,thrown_by_redsox
832036,2026-03-23,616d56fb-cf95-30b2-b050-235133014e58,4,28,2,Trevor Larnach,Johan Oviedo,4-Seam Fastball,92.3,ball,False,Home Run,Trevor Larnach homers (2) on a fly ball to right field.,9.444815937794313,7.994815937794312,0.0,11.0,-1.4950679948161927,2.5255746984677923,1.677,3.324,thrown_by_redsox
832036,2026-03-23,10d15b67-2ea6-3376-9995-98ff1713201e,4,28,3,Trevor Larnach,Johan Oviedo,Slider,83.2,ball,False,Home Run,Trevor Larnach homers (2) on a fly ball to right field.,3.082254371313942,1.632254371313942,0.0,12.0,0.34259667149740913,3.5808545309428284,1.677,3.324,thrown_by_redsox
832036,2026-03-23,cb7519e2-7911-3cbd-8d55-f1cb0d31ad98,4,28,4,Trevor Larnach,Johan Oviedo,4-Seam Fastball,91.3,called_strike,True,Home Run,Trevor Larnach homers (2) on a fly ball to right field.,0.0,-1.45,0.47409470634623324,7.0,-0.43748006606160805,1.8373412255288528,1.677,3.324,thrown_by_redsox
832036,2026-03-23,b8b86c3a-f186-3049-8ba2-4e1fe1a4f720,4,28,5,Trevor Larnach,Johan Oviedo,Slider,83.2,swinging_strike,False,Home Run,Trevor Larnach homers (2) on a fly ball to right field.,11.21617621534127,9.766176215341268,0.0,14.0,0.6393321972498178,0.742318648721561,1.677,3.324,thrown_by_redsox
832036,2026-03-23,1cb26faa-f89f-3ca6-9aeb-e123661a8bee,4,28,6,Trevor Larnach,Johan Oviedo,Curveball,77.6,hit_into_play,True,Home Run,Trevor Larnach homers (2) on a fly ball to right field.,0.0,-1.45,3.6317058897045724,8.0,0.21297723517059852,2.1004754908087144,1.677,3.324,thrown_by_redsox
832036,2026-03-23,9ab225ad-7397-3025-94d1-09956386e564,4,29,1,Victor Caratini,Johan Oviedo,4-Seam Fastball,93.9,ball,False,Walk,Victor Caratini walks.,11.66399220703762,10.21399220703762,0.0,11.0,-1.6799993505864683,3.1588451480625044,1.615,3.201,thrown_by_redsox
832036,2026-03-23,818a05e6-95eb-3f92-843c-c8fcbc96883b,4,29,2,Victor Caratini,Johan Oviedo,Slider,82.4,ball,False,Walk,Victor Caratini walks.,5.169487866795463,3.719487866795463,0.0,14.0,1.1387906555662886,2.254291868612952,1.615,3.201,thrown_by_redsox
832036,2026-03-23,198752b4-f8ef-37bb-89b0-9fe790ddd720,4,29,3,Victor Caratini,Johan Oviedo,4-Seam Fastball,92.7,ball,False,Walk,Victor Caratini walks.,7.44042881267991,5.99042881267991,0.0,11.0,-1.1274050212757032,3.6576658954304166,1.615,3.201,thrown_by_redsox
832036,2026-03-23,e982c9a3-f504-3053-985f-93343158589d,4,29,4,Victor Caratini,Johan Oviedo,Slider,81.2,called_strike,True,Walk,Victor Caratini walks.,0.0,-1.45,6.509142493705319,5.0,-0.04473812552455669,2.409529479827452,1.615,3.201,thrown_by_redsox
832036,2026-03-23,e181a8d5-d427-378b-b65a-c0c9294a1ce2,4,29,5,Victor Caratini,Johan Oviedo,Slider,82.3,ball,False,Walk,Victor Caratini walks.,3.3030695140807262,1.853069514080726,0.0,14.0,0.6088093412682465,1.3397442071599395,1.615,3.201,thrown_by_redsox
832036,2026-03-23,a7e3feaa-f375-3ee7-8b82-a476c429557b,4,30,1,James Outman,Johan Oviedo,4-Seam Fastball,92.5,ball,False,Lineout,James Outman lines out to right fielder Wilyer Abreu.,2.8344277132758524,1.3844277132758525,0.0,11.0,-0.9442023094396543,2.9215890324777796,1.662,3.293,thrown_by_redsox
832036,2026-03-23,23d5d2e4-85cc-35a7-ba9a-f90a2eb8381c,4,30,2,James Outman,Johan Oviedo,4-Seam Fastball,91.6,swinging_strike,True,Lineout,James Outman lines out to right fielder Wilyer Abreu.,0.0,-1.45,0.0,1.0,-0.6477789399621652,3.018057387540521,1.662,3.293,thrown_by_redsox
832036,2026-03-23,2455592f-ba2c-3ac2-9785-fbcb1cce5fed,4,30,3,James Outman,Johan Oviedo,Slider,82.2,called_strike,True,Lineout,James Outman lines out to right fielder Wilyer Abreu.,0.0,-1.45,0.0,9.0,0.5730007966538118,1.7049614134972821,1.662,3.293,thrown_by_redsox
832036,2026-03-23,c4383ac8-966a-3265-bcf8-beee0aa1eb61,4,30,4,James Outman,Johan Oviedo,4-Seam Fastball,93.6,ball,False,Lineout,James Outman lines out to right fielder Wilyer Abreu.,14.956709037862232,13.506709037862233,0.0,14.0,1.5394630816382606,0.7334725593381846,1.662,3.293,thrown_by_redsox
832036,2026-03-23,794bf3c8-6730-36dd-b426-a3e5657d2f5f,4,30,5,James Outman,Johan Oviedo,Slider,82.6,ball,False,Lineout,James Outman lines out to right fielder Wilyer Abreu.,5.897184109103485,4.4471841091034845,0.0,14.0,0.17538664641682766,1.1705679909080429,1.662,3.293,thrown_by_redsox
832036,2026-03-23,82b5f4f4-330d-3418-acbd-5a0110147aa7,4,30,6,James Outman,Johan Oviedo,4-Seam Fastball,94.0,hit_into_play,True,Lineout,James Outman lines out to right fielder Wilyer Abreu.,0.0,-1.45,0.0,6.0,0.6984616972607971,2.223925586074838,1.662,3.293,thrown_by_redsox
832036,2026-03-23,6957f2ca-941c-31e4-a5d8-477d8363623c,4,31,1,Royce Lewis,Johan Oviedo,Sinker,93.7,blocked_ball,False,Single,Royce Lewis singles on a ground ball to center fielder Ceddanne Rafaela. Victor Caratini to 2nd.,22.3091536145636,20.8591536145636,0.0,13.0,-2.0559560249228315,0.3376668432155201,1.618,3.205,thrown_by_redsox
832036,2026-03-23,b501357a-5f56-3192-99c6-b251774cf63a,4,31,2,Royce Lewis,Johan Oviedo,Curveball,73.7,called_strike,True,Single,Royce Lewis singles on a ground ball to center fielder Ceddanne Rafaela. Victor Caratini to 2nd.,0.0,-1.45,0.0739048987926349,3.0,0.5678786160929974,3.078007925100614,1.618,3.205,thrown_by_redsox
832036,2026-03-23,e6e9aef3-0d4d-343e-850b-d9ccf80f93d3,4,31,3,Royce Lewis,Johan Oviedo,4-Seam Fastball,93.9,foul,False,Single,Royce Lewis singles on a ground ball to center fielder Ceddanne Rafaela. Victor Caratini to 2nd.,1.9224243632383269,0.47242436323832687,0.0,13.0,-0.8682020302698605,2.297728240561268,1.618,3.205,thrown_by_redsox
832036,2026-03-23,40553ab5-3ad0-3982-8450-71b49c514b0d,4,31,4,Royce Lewis,Johan Oviedo,4-Seam Fastball,93.1,hit_into_play,True,Single,Royce Lewis singles on a ground ball to center fielder Ceddanne Rafaela. Victor Caratini to 2nd.,0.6697960149112712,-0.7802039850887288,0.0,6.0,0.7638163345759392,2.617375335108666,1.618,3.205,thrown_by_redsox
832036,2026-03-23,b66d1b39-a967-3fab-b460-89425735ebab,4,32,1,Austin Martin,Johan Oviedo,Slider,81.7,ball,False,Hit By Pitch,Austin Martin hit by pitch. Victor Caratini to 3rd. Royce Lewis to 2nd.,13.422576339883754,11.972576339883755,0.0,11.0,-1.152429044509901,4.156466032590817,1.579,3.13,thrown_by_redsox
832036,2026-03-23,d759e8df-abb9-3119-b7d5-fc9efcccca8d,4,32,2,Austin Martin,Johan Oviedo,Curveball,73.4,swinging_strike,True,Hit By Pitch,Austin Martin hit by pitch. Victor Caratini to 3rd. Royce Lewis to 2nd.,0.0,-1.45,0.0,8.0,0.009544715830382522,1.5871797383039876,1.579,3.13,thrown_by_redsox
832036,2026-03-23,9a103fd4-b175-34ed-94e5-c65175de66fc,4,32,3,Austin Martin,Johan Oviedo,Sinker,91.7,foul,True,Hit By Pitch,Austin Martin hit by pitch. Victor Caratini to 3rd. Royce Lewis to 2nd.,1.2376918891683966,-0.21230811083160345,0.0,1.0,-0.811140990764033,2.8651988731736946,1.579,3.13,thrown_by_redsox
832036,2026-03-23,fe00b7b5-a951-3479-8070-c9186c95da1e,4,32,4,Austin Martin,Johan Oviedo,Slider,82.1,hit_by_pitch,False,Hit By Pitch,Austin Martin hit by pitch. Victor Caratini to 3rd. Royce Lewis to 2nd.,22.079723215098117,20.629723215098117,0.0,11.0,-2.024061183639568,4.415884163035686,1.579,3.13,thrown_by_redsox
832036,2026-03-23,79b836e6-e111-3b6b-b453-bb49802135a7,4,33,1,Tristan Gray,Johan Oviedo,4-Seam Fastball,93.5,ball,False,Single,Tristan Gray singles on a line drive to left fielder Jarren Duran. Victor Caratini scores. Royce Lewis to 3rd. Austin Martin to 2nd.,3.81676240642685,2.36676240642685,0.0,13.0,-0.6742266476638754,1.3269364661310958,1.645,3.259,thrown_by_redsox
832036,2026-03-23,f661b108-e26c-312f-819d-e169ea815663,4,33,2,Tristan Gray,Johan Oviedo,Curveball,76.4,swinging_strike,True,Single,Tristan Gray singles on a line drive to left fielder Jarren Duran. Victor Caratini scores. Royce Lewis to 3rd. Austin Martin to 2nd.,0.7939873512541764,-0.6560126487458235,0.0,9.0,0.7741656126045147,1.9806144771060321,1.645,3.259,thrown_by_redsox
832036,2026-03-23,e59547a8-8793-3f7c-a51f-4aaa4e7dc2f0,4,33,3,Tristan Gray,Johan Oviedo,4-Seam Fastball,93.3,ball,False,Single,Tristan Gray singles on a line drive to left fielder Jarren Duran. Victor Caratini scores. Royce Lewis to 3rd. Austin Martin to 2nd.,3.02067110048585,1.5706711004858498,0.0,13.0,-0.9597225917071541,2.3798538610195505,1.645,3.259,thrown_by_redsox
832036,2026-03-23,0d157568-c7ff-3655-992d-3b28d5e420f0,4,33,4,Tristan Gray,Johan Oviedo,4-Seam Fastball,94.3,hit_into_play,True,Single,Tristan Gray singles on a line drive to left fielder Jarren Duran. Victor Caratini scores. Royce Lewis to 3rd. Austin Martin to 2nd.,0.0,-1.45,3.448795395838805,8.0,-0.17844693259381428,2.0532329496532338,1.645,3.259,thrown_by_redsox
832036,2026-03-23,43a5c26c-136e-3f7e-8962-63b163c0b0ef,4,34,1,Orlando Arcia,Johan Oviedo,Slider,84.7,ball,False,Single,"Orlando Arcia singles on a line drive to center fielder Ceddanne Rafaela, deflected by left fielder Jarren Duran. Royce Lewis scores. Austin Martin scores. Tristan Gray to 2nd.",4.0709745517405915,2.6209745517405914,0.0,14.0,1.047247879311716,1.8085184036141637,1.6,3.171,thrown_by_redsox
832036,2026-03-23,9212dccc-0708-353b-9dfe-6fbff7736a99,4,34,2,Orlando Arcia,Johan Oviedo,Slider,83.4,hit_into_play,True,Single,"Orlando Arcia singles on a line drive to center fielder Ceddanne Rafaela, deflected by left fielder Jarren Duran. Royce Lewis scores. Austin Martin scores. Tristan Gray to 2nd.",0.0,-1.45,3.169403671767241,2.0,-0.22012735762293234,2.7860496940193964,1.6,3.171,thrown_by_redsox
832036,2026-03-23,c9cdc933-c58b-39ad-80b1-10cf0b5f1b91,4,35,1,Kody Clemens,Michael Sansone,Cutter,83.3,blocked_ball,False,Flyout,Kody Clemens flies out to left fielder Jarren Duran.,12.70636886097958,11.256368860979581,0.0,13.0,-0.7855417462628365,0.5649789774697211,1.621,3.211,thrown_by_redsox
832036,2026-03-23,bbcca1f7-d4f6-354f-94f2-144166133a4b,4,35,2,Kody Clemens,Michael Sansone,4-Seam Fastball,88.2,hit_into_play,True,Flyout,Kody Clemens flies out to left fielder Jarren Duran.,0.0,-1.45,5.970267070165354,5.0,0.08964441081955377,2.278627758412501,1.621,3.211,thrown_by_redsox
832036,2026-03-23,85b1bdda-4434-3f27-a702-45f0a67ada60,4,36,1,Brooks Lee,Michael Sansone,Changeup,78.6,blocked_ball,False,Single,"Brooks Lee singles on a sharp line drive to first baseman Willson Contreras, deflected by pitcher Michael Sansone. Tristan Gray to 3rd. Orlando Arcia to 2nd.",19.3822059417884,17.932205941788396,0.0,13.0,-0.026185674552275495,0.003816171517633471,1.619,3.209,thrown_by_redsox
832036,2026-03-23,166dae62-7f0a-3dce-bd95-c04f0d75050e,4,36,2,Brooks Lee,Michael Sansone,Cutter,83.9,ball,False,Single,"Brooks Lee singles on a sharp line drive to first baseman Willson Contreras, deflected by pitcher Michael Sansone. Tristan Gray to 3rd. Orlando Arcia to 2nd.",6.359331801607583,4.909331801607583,0.0,13.0,-1.0612790266995522,1.2239874581693568,1.619,3.209,thrown_by_redsox
832036,2026-03-23,f274c61b-a851-3238-8382-d0acd0a0dde8,4,36,3,Brooks Lee,Michael Sansone,Changeup,78.7,foul,True,Single,"Brooks Lee singles on a sharp line drive to first baseman Willson Contreras, deflected by pitcher Michael Sansone. Tristan Gray to 3rd. Orlando Arcia to 2nd.",1.049973781735349,-0.40002621826465107,0.0,7.0,-0.6035902857366351,1.5315021848553876,1.619,3.209,thrown_by_redsox
832036,2026-03-23,cca48f84-5f12-32fd-b9f8-edfbfd13c7fc,4,36,4,Brooks Lee,Michael Sansone,4-Seam Fastball,89.1,called_strike,True,Single,"Brooks Lee singles on a sharp line drive to first baseman Willson Contreras, deflected by pitcher Michael Sansone. Tristan Gray to 3rd. Orlando Arcia to 2nd.",0.0,-1.45,1.2199742100380677,9.0,0.4855021491634943,1.9611065742517866,1.619,3.209,thrown_by_redsox
832036,2026-03-23,b789a5f9-d4f3-3f25-a0d9-dcd47a6675b5,4,36,5,Brooks Lee,Michael Sansone,4-Seam Fastball,88.5,foul,True,Single,"Brooks Lee singles on a sharp line drive to first baseman Willson Contreras, deflected by pitcher Michael Sansone. Tristan Gray to 3rd. Orlando Arcia to 2nd.",0.18910814696512368,-1.2608918530348763,0.0,3.0,0.43027113919814686,3.2247590122470937,1.619,3.209,thrown_by_redsox
832036,2026-03-23,4fbdb0f3-3a49-3b3c-ac6a-0a52d73cd910,4,36,6,Brooks Lee,Michael Sansone,Changeup,77.9,hit_into_play,True,Single,"Brooks Lee singles on a sharp line drive to first baseman Willson Contreras, deflected by pitcher Michael Sansone. Tristan Gray to 3rd. Orlando Arcia to 2nd.",1.0474186652200848,-0.40258133477991526,0.0,9.0,0.36092943836556124,1.5317151112316596,1.619,3.209,thrown_by_redsox
832036,2026-03-23,b4098557-51d4-3e62-8bd5-1e1a65e3de2a,4,37,1,Trevor Larnach,Michael Sansone,Slider,76.0,ball,False,Fielders Choice,"Trevor Larnach reaches on a fielder's choice, fielded by third baseman Caleb Durbin. Tristan Gray scores. Orlando Arcia to 3rd. Brooks Lee to 2nd.",2.939643771298509,1.4896437712985091,0.0,13.0,-0.8104965620278166,1.454503012046434,1.677,3.324,thrown_by_redsox
832036,2026-03-23,f8c53063-b1e1-3efe-aba3-ca02916184fd,4,37,2,Trevor Larnach,Michael Sansone,Cutter,84.5,hit_into_play,True,Fielders Choice,"Trevor Larnach reaches on a fielder's choice, fielded by third baseman Caleb Durbin. Tristan Gray scores. Orlando Arcia to 3rd. Brooks Lee to 2nd.",0.0,-1.45,3.1900384043186696,3.0,0.29133604919881617,2.937330132973444,1.677,3.324,thrown_by_redsox
832036,2026-03-23,3bed1ad9-5840-3453-81d7-25f08b88adfa,4,38,1,Victor Caratini,Michael Sansone,Cutter,85.0,called_strike,False,Groundout,"Victor Caratini grounds out, second baseman Marcelo Mayer to first baseman Willson Contreras.",1.613970091802008,0.1639700918020079,0.0,12.0,0.3062393652422828,3.3354975076501674,1.615,3.201,thrown_by_redsox
832036,2026-03-23,5d1bcda4-bbff-3f1e-9ea1-70d664cb6ab3,4,38,2,Victor Caratini,Michael Sansone,Cutter,83.3,ball,False,Groundout,"Victor Caratini grounds out, second baseman Marcelo Mayer to first baseman Willson Contreras.",9.746161219139436,8.296161219139435,0.0,11.0,-0.32170721479923436,4.013180101594953,1.615,3.201,thrown_by_redsox
832036,2026-03-23,c236908a-0710-3ce4-b1ea-3f4a25ddc49b,4,38,3,Victor Caratini,Michael Sansone,4-Seam Fastball,88.8,foul,True,Groundout,"Victor Caratini grounds out, second baseman Marcelo Mayer to first baseman Willson Contreras.",0.29564334883276544,-1.1543566511672345,0.0,6.0,0.7326369457360637,2.264010375257783,1.615,3.201,thrown_by_redsox
832036,2026-03-23,6b90eb95-9540-3677-a407-3abe9540ea4a,4,38,4,Victor Caratini,Michael Sansone,4-Seam Fastball,88.4,ball,False,Groundout,"Victor Caratini grounds out, second baseman Marcelo Mayer to first baseman Willson Contreras.",7.323040374070361,5.873040374070361,0.0,12.0,0.1324845788229123,3.8112533645058635,1.615,3.201,thrown_by_redsox
832036,2026-03-23,a5750c01-36e2-3963-9121-95ff280c0547,4,38,5,Victor Caratini,Michael Sansone,Cutter,84.5,foul,True,Groundout,"Victor Caratini grounds out, second baseman Marcelo Mayer to first baseman Willson Contreras.",0.0,-1.45,0.0,3.0,0.646595055994807,2.93168228677669,1.615,3.201,thrown_by_redsox
832036,2026-03-23,05512d92-7666-327b-aca8-5268191e7b09,4,38,6,Victor Caratini,Michael Sansone,Changeup,78.3,blocked_ball,False,Groundout,"Victor Caratini grounds out, second baseman Marcelo Mayer to first baseman Willson Contreras.",18.172547465574276,16.722547465574277,0.0,14.0,0.3148015757424043,0.10062104453547693,1.615,3.201,thrown_by_redsox
832036,2026-03-23,4f297ba4-a4df-3157-ace3-5c266ced2d2a,4,38,7,Victor Caratini,Michael Sansone,4-Seam Fastball,88.3,hit_into_play,False,Groundout,"Victor Caratini grounds out, second baseman Marcelo Mayer to first baseman Willson Contreras.",3.606394808717684,2.1563948087176836,0.0,12.0,1.0085329007264736,2.8268925579841735,1.615,3.201,thrown_by_redsox
832036,2026-03-23,711cdc29-257e-339b-83d9-c5549bbde5b5,5,44,1,James Outman,Johan Oviedo,4-Seam Fastball,90.3,ball,False,Walk,James Outman walks.,2.583700596250602,1.1337005962506022,0.0,14.0,0.9233083830208835,1.943218709764912,1.662,3.293,thrown_by_redsox
832036,2026-03-23,e2cad412-6226-301e-ba20-85aa118ec7d8,5,44,2,James Outman,Johan Oviedo,Cutter,83.2,swinging_strike,False,Walk,James Outman walks.,3.3616085420088018,1.9116085420088016,0.0,11.0,-0.9881340451674001,3.079088758949872,1.662,3.293,thrown_by_redsox
832036,2026-03-23,c3982260-b1e2-3dfd-8c66-e29b7a331fc2,5,44,3,James Outman,Johan Oviedo,Curveball,77.6,ball,False,Walk,James Outman walks.,5.130268314815552,3.680268314815552,0.0,14.0,0.5466594003163912,1.2344776404320372,1.662,3.293,thrown_by_redsox
832036,2026-03-23,b477168c-0f46-3ee1-aaaf-2bcdc95c701b,5,44,4,James Outman,Johan Oviedo,4-Seam Fastball,92.7,ball,False,Walk,James Outman walks.,10.374624569214946,8.924624569214945,0.0,14.0,1.4840807424535356,1.2810158482087592,1.662,3.293,thrown_by_redsox
832036,2026-03-23,76765bb6-435f-3ca6-84d0-1a3487ef3919,5,44,5,James Outman,Johan Oviedo,4-Seam Fastball,91.8,ball,False,Walk,James Outman walks.,4.883076535735895,3.4330765357358946,0.0,14.0,1.1149230446446579,2.172070364022629,1.662,3.293,thrown_by_redsox
832036,2026-03-23,20dcc520-68c5-3d67-b84c-a2a51cb9ad26,5,45,1,Royce Lewis,Justin Slaten,Cutter,90.1,called_strike,False,GIDP,"Royce Lewis grounds into a double play, shortstop Trevor Story to second baseman Marcelo Mayer to first baseman Willson Contreras. James Outman out at 2nd. Royce Lewis out at 1st.",2.1859139226086564,0.7359139226086564,0.0,13.0,-0.3719304146760092,1.4358405064492787,1.618,3.205,thrown_by_redsox
832036,2026-03-23,b2767ca3-cd3b-3e54-bfb4-53d00e545637,5,45,2,Royce Lewis,Justin Slaten,4-Seam Fastball,95.8,ball,False,GIDP,"Royce Lewis grounds into a double play, shortstop Trevor Story to second baseman Marcelo Mayer to first baseman Willson Contreras. James Outman out at 2nd. Royce Lewis out at 1st.",10.478639826967543,9.028639826967542,0.0,13.0,-1.0144266371540662,0.8003106584650359,1.618,3.205,thrown_by_redsox
832036,2026-03-23,a8ce542b-0161-387f-9595-ee07d480e3f2,5,45,3,Royce Lewis,Justin Slaten,Cutter,90.3,foul,True,GIDP,"Royce Lewis grounds into a double play, shortstop Trevor Story to second baseman Marcelo Mayer to first baseman Willson Contreras. James Outman out at 2nd. Royce Lewis out at 1st.",0.0,-1.45,2.0838961325375007,4.0,-0.4135086556218749,2.3248604190233477,1.618,3.205,thrown_by_redsox
832036,2026-03-23,f68f5a24-4291-3e6c-8ba0-419aea49c45d,5,45,4,Royce Lewis,Justin Slaten,Sweeper,83.9,hit_into_play,True,GIDP,"Royce Lewis grounds into a double play, shortstop Trevor Story to second baseman Marcelo Mayer to first baseman Willson Contreras. James Outman out at 2nd. Royce Lewis out at 1st.",0.0,-1.45,1.7586036701267647,4.0,-0.44061636082276956,2.518368743200969,1.618,3.205,thrown_by_redsox
832036,2026-03-23,d89ca8c7-ebc9-3326-9433-da914d048449,5,46,1,Austin Martin,Justin Slaten,Sweeper,85.0,ball,False,Walk,Austin Martin walks.,16.529732974958034,15.079732974958034,0.0,14.0,1.4432348701172197,0.414150382341286,1.579,3.13,thrown_by_redsox
832036,2026-03-23,def8fda5-8d5d-3038-b4c0-63ea966551d8,5,46,2,Austin Martin,Justin Slaten,Cutter,92.7,ball,False,Walk,Austin Martin walks.,14.479773530182335,13.029773530182334,0.0,13.0,-0.18544667212027,0.37235220581813877,1.579,3.13,thrown_by_redsox
832036,2026-03-23,a6f975bf-59a3-3d02-9d2f-2dc51c66d4ba,5,46,3,Austin Martin,Justin Slaten,Cutter,92.1,ball,False,Walk,Austin Martin walks.,3.5893990207129436,2.1393990207129434,0.0,13.0,-1.007116585059412,2.1070204413104046,1.579,3.13,thrown_by_redsox
832036,2026-03-23,7e18d307-b0e5-3ccf-8a54-621b56cfcd04,5,46,4,Austin Martin,Justin Slaten,Cutter,93.2,called_strike,True,Walk,Austin Martin walks.,0.0,-1.45,0.0,7.0,-0.45417514425568317,1.6630716230869353,1.579,3.13,thrown_by_redsox
832036,2026-03-23,2c40fe6d-c41d-30fc-9d97-7207c2d2c61e,5,46,5,Austin Martin,Justin Slaten,Cutter,92.9,ball,False,Walk,Austin Martin walks.,2.8474061087788236,1.3974061087788237,0.0,11.0,-0.9452838423982353,2.6986899503559827,1.579,3.13,thrown_by_redsox
832036,2026-03-23,35b9c347-4143-307e-9a76-2be30291f8ac,5,47,1,Tristan Gray,Justin Slaten,4-Seam Fastball,95.2,ball,False,Groundout,Tristan Gray grounds out to first baseman Willson Contreras.,2.347240206469767,0.8972402064697669,0.0,11.0,-0.9036033505391472,3.088912836185255,1.645,3.259,thrown_by_redsox
832036,2026-03-23,bcbf4628-9a1a-35e3-9914-a9a040f61a54,5,47,2,Tristan Gray,Justin Slaten,Cutter,90.0,foul,True,Groundout,Tristan Gray grounds out to first baseman Willson Contreras.,0.0,-1.45,2.9219070023891205,4.0,-0.34367441646757324,2.343001416419382,1.645,3.259,thrown_by_redsox
832036,2026-03-23,bc05df21-bf36-36fc-9622-51b00ecfa3c3,5,47,3,Tristan Gray,Justin Slaten,4-Seam Fastball,94.8,called_strike,True,Groundout,Tristan Gray grounds out to first baseman Willson Contreras.,0.5525015014409753,-0.8974984985590246,0.0,9.0,0.7540417917867479,2.0490384925028233,1.645,3.259,thrown_by_redsox
832036,2026-03-23,9b3951f7-b500-3247-adf6-4f3c8bb68a60,5,47,4,Tristan Gray,Justin Slaten,4-Seam Fastball,97.0,ball,True,Groundout,Tristan Gray grounds out to first baseman Willson Contreras.,1.3160607938301796,-0.1339392061698204,0.0,7.0,-0.8176717328191816,2.1300803130658954,1.645,3.259,thrown_by_redsox
832036,2026-03-23,a57d5605-75ec-39bb-9ce6-bfaccd7f6206,5,47,5,Tristan Gray,Justin Slaten,Curveball,83.7,foul,False,Groundout,Tristan Gray grounds out to first baseman Willson Contreras.,9.32601245799131,7.876012457991309,0.0,14.0,0.4875268187461065,0.8678322951673909,1.645,3.259,thrown_by_redsox
832036,2026-03-23,15ba6a63-9787-37f9-a8cb-e03515b35282,5,47,6,Tristan Gray,Justin Slaten,Sweeper,85.5,blocked_ball,False,Groundout,Tristan Gray grounds out to first baseman Willson Contreras.,15.411278789188998,13.961278789188997,0.0,14.0,1.4411022203014823,0.5905243624760956,1.645,3.259,thrown_by_redsox
832036,2026-03-23,5594ddc5-8de2-39e4-850c-71ac332dbb2a,5,47,7,Tristan Gray,Justin Slaten,Cutter,90.9,hit_into_play,True,Groundout,Tristan Gray grounds out to first baseman Willson Contreras.,0.0,-1.45,1.0487270105191346,8.0,0.27553109334798764,1.8532272508765946,1.645,3.259,thrown_by_redsox
832036,2026-03-23,be50e7e1-db03-35d3-a212-20c22ffc8b52,6,55,1,Orlando Arcia,Danny Coulombe,Cutter,85.4,foul,False,Single,Orlando Arcia singles on a sharp line drive to left fielder Jarren Duran.,5.529275117587309,4.079275117587309,0.0,13.0,-1.168772926465609,2.1699341201309963,1.6,3.171,thrown_by_redsox
832036,2026-03-23,36022785-c23a-304b-aaa1-b4216a6942de,6,55,2,Orlando Arcia,Danny Coulombe,Sweeper,81.0,ball,False,Single,Orlando Arcia singles on a sharp line drive to left fielder Jarren Duran.,7.4453332878645835,5.995333287864583,0.0,13.0,-0.6109249424231424,0.9795555593446181,1.6,3.171,thrown_by_redsox
832036,2026-03-23,f9901770-b07c-3996-af6f-359bdefb0f50,6,55,3,Orlando Arcia,Danny Coulombe,Sinker,90.5,ball,False,Single,Orlando Arcia singles on a sharp line drive to left fielder Jarren Duran.,2.861531003016703,1.4115310030167032,0.0,13.0,-0.9464609169180586,2.0362282853155653,1.6,3.171,thrown_by_redsox
832036,2026-03-23,72b51f17-5ba3-3f03-85be-3141cd8f9b31,6,55,4,Orlando Arcia,Danny Coulombe,Cutter,84.0,hit_into_play,True,Single,Orlando Arcia singles on a sharp line drive to left fielder Jarren Duran.,0.0,-1.45,0.664346661417768,8.0,-0.23190022038748861,1.7761955551181474,1.6,3.171,thrown_by_redsox
832036,2026-03-23,5e8b96f5-7593-3576-bb01-65f9a8a403b8,6,56,1,Kody Clemens,Danny Coulombe,Cutter,84.0,ball,False,Strikeout,Kody Clemens called out on strikes.,12.924359988380392,11.474359988380392,0.0,13.0,-1.5869673748685718,0.9985773359437546,1.621,3.211,thrown_by_redsox
832036,2026-03-23,5956e1b9-c916-3115-9877-c61140978c14,6,56,2,Kody Clemens,Danny Coulombe,Sinker,88.7,foul,True,Strikeout,Kody Clemens called out on strikes.,0.0,-1.45,4.628860033454275,5.0,-0.20142833054547704,2.5522102020308948,1.621,3.211,thrown_by_redsox
832036,2026-03-23,bc8f5d29-02de-322b-975f-7a48d0e1deaa,6,56,3,Kody Clemens,Danny Coulombe,Sinker,89.5,ball,False,Strikeout,Kody Clemens called out on strikes.,18.657983671243123,17.207983671243124,0.0,12.0,1.2960164575149808,4.6503537121645655,1.621,3.211,thrown_by_redsox
832036,2026-03-23,6e0cf088-0d35-3ce2-a9d0-2673937ff412,6,56,4,Kody Clemens,Danny Coulombe,Cutter,84.6,ball,False,Strikeout,Kody Clemens called out on strikes.,10.797112707183699,9.347112707183697,0.0,13.0,-1.6077593922653082,2.056117869568292,1.621,3.211,thrown_by_redsox
832036,2026-03-23,91cce053-ae17-336e-9128-b1d9c47eaf27,6,56,5,Kody Clemens,Danny Coulombe,Cutter,86.0,called_strike,True,Strikeout,Kody Clemens called out on strikes.,0.0,-1.45,6.759070451295997,5.0,-0.0239107957253335,2.514479842552374,1.621,3.211,thrown_by_redsox
832036,2026-03-23,7b607f60-d5a6-3adf-ade7-7f42b6d3bc52,6,56,6,Kody Clemens,Danny Coulombe,Cutter,85.4,called_strike,True,Strikeout,Kody Clemens called out on strikes.,0.0,-1.45,3.585110924224737,8.0,-0.12224081359746827,2.040592577018728,1.621,3.211,thrown_by_redsox
832036,2026-03-23,52d95c8d-7813-3432-940f-f7fd5a6aa96e,6,57,1,Brooks Lee,Danny Coulombe,4-Seam Fastball,89.3,ball,False,Single,"Brooks Lee singles on a line drive to left fielder Jarren Duran, deflected by shortstop Trevor Story. Orlando Arcia to 2nd.",8.19916397424344,6.749163974243441,0.0,11.0,-1.3912636645202867,2.9177898454081483,1.619,3.209,thrown_by_redsox
832036,2026-03-23,f3d6f536-3652-31f0-8e26-c1c01af794d4,6,57,2,Brooks Lee,Danny Coulombe,4-Seam Fastball,89.4,ball,False,Single,"Brooks Lee singles on a line drive to left fielder Jarren Duran, deflected by shortstop Trevor Story. Orlando Arcia to 2nd.",7.962352822666682,6.512352822666682,0.0,12.0,1.3715294018888902,3.073431004702339,1.619,3.209,thrown_by_redsox
832036,2026-03-23,3ed946e3-e398-3f69-8b7c-86a3a90d0ae2,6,57,3,Brooks Lee,Danny Coulombe,Cutter,84.6,hit_into_play,False,Single,"Brooks Lee singles on a line drive to left fielder Jarren Duran, deflected by shortstop Trevor Story. Orlando Arcia to 2nd.",3.127436451434397,1.6774364514343967,0.0,13.0,-0.9686197042861997,2.2795946730467964,1.619,3.209,thrown_by_redsox
832036,2026-03-23,1d2b7ac8-d6ff-358f-a1a2-6809b2d09021,6,58,1,Trevor Larnach,Danny Coulombe,Cutter,84.9,swinging_strike,False,Strikeout,Trevor Larnach strikes out swinging.,5.117482565491631,3.667482565491631,0.0,13.0,-0.9286534492272,1.3120650383509442,1.677,3.324,thrown_by_redsox
832036,2026-03-23,6fb35966-df9a-37b4-814f-8d6765a27e6f,6,58,2,Trevor Larnach,Danny Coulombe,Sweeper,81.5,called_strike,False,Strikeout,Trevor Larnach strikes out swinging.,1.6496368931994443,0.19963689319944428,0.0,13.0,-0.06472434400724353,1.5395302589000464,1.677,3.324,thrown_by_redsox
832036,2026-03-23,d580e864-288f-3719-a8ab-1330152e81b7,6,58,3,Trevor Larnach,Danny Coulombe,Cutter,86.9,ball,False,Strikeout,Trevor Larnach strikes out swinging.,3.8156794574788577,2.3656794574788576,0.0,13.0,-0.765379374751943,1.3642467117471346,1.677,3.324,thrown_by_redsox
832036,2026-03-23,b75a4e4f-d8a5-321a-9497-0cec6a98a4ad,6,58,4,Trevor Larnach,Danny Coulombe,Sweeper,80.7,swinging_strike,False,Strikeout,Trevor Larnach strikes out swinging.,7.193731777916154,5.743731777916154,0.0,13.0,-0.4559061034675061,1.0775223518403205,1.677,3.324,thrown_by_redsox
832036,2026-03-23,41706853-9754-3489-b888-2f3d5cbe9510,6,59,1,Victor Caratini,Danny Coulombe,4-Seam Fastball,90.9,foul,True,Lineout,"Victor Caratini lines out sharply, pitcher Danny Coulombe to first baseman Willson Contreras.",0.0,-1.45,5.282977382316874,5.0,-0.013982401067555217,2.176081448526406,1.615,3.201,thrown_by_redsox
832036,2026-03-23,5fd456d1-d6d6-3f15-9ce3-06637f6c2624,6,59,2,Victor Caratini,Danny Coulombe,Sweeper,80.5,called_strike,True,Lineout,"Victor Caratini lines out sharply, pitcher Danny Coulombe to first baseman Willson Contreras.",0.0,-1.45,1.3119533998024961,9.0,0.4149514922580284,1.8451627833168747,1.615,3.201,thrown_by_redsox
832036,2026-03-23,0b347c5d-21ff-365e-afc6-da259f6bb0de,6,59,3,Victor Caratini,Danny Coulombe,Knuckle Curve,78.7,hit_into_play,True,Lineout,"Victor Caratini lines out sharply, pitcher Danny Coulombe to first baseman Willson Contreras.",0.0,-1.45,2.2627235165314947,6.0,0.3986063736223754,2.5151828614181353,1.615,3.201,thrown_by_redsox
832036,2026-03-23,253378ea-76ce-3654-b8b9-2cea6858e1cb,7,65,1,James Outman,Garrett Whitlock,Sinker,94.2,ball,False,Strikeout,James Outman strikes out swinging.,3.1126674722488303,1.6626674722488302,0.0,12.0,0.9673889560207358,2.6535719022306514,1.662,3.293,thrown_by_redsox
832036,2026-03-23,c8710ab7-c41f-32bf-ae9f-26c2ba1e1d26,7,65,2,James Outman,Garrett Whitlock,Sinker,94.0,called_strike,True,Strikeout,James Outman strikes out swinging.,0.3989760545033185,-1.0510239454966814,0.0,1.0,-0.45924478701143734,3.3262480045419434,1.662,3.293,thrown_by_redsox
832036,2026-03-23,2c46e1c6-e0a3-36ec-911e-47e495f41435,7,65,3,James Outman,Garrett Whitlock,Changeup,83.7,swinging_strike,False,Strikeout,James Outman strikes out swinging.,8.302252475482334,6.8522524754823335,0.0,13.0,-0.5990147381936339,0.9701456270431388,1.662,3.293,thrown_by_redsox
832036,2026-03-23,80315e3e-afd0-3ceb-90fd-5c7e38bc28e0,7,65,4,James Outman,Garrett Whitlock,Sinker,94.8,swinging_strike,True,Strikeout,James Outman strikes out swinging.,0.0,-1.45,0.13462464869919372,2.0,-0.16691334474453223,3.160947945941734,1.662,3.293,thrown_by_redsox
832036,2026-03-23,ed1cc434-ab8f-33e5-b4f9-44e1da79287f,7,66,1,Royce Lewis,Garrett Whitlock,Sinker,95.4,swinging_strike,False,Groundout,"Royce Lewis grounds out, second baseman Marcelo Mayer to first baseman Andruw Monasterio.",4.744731227481647,3.2947312274816465,0.0,11.0,-0.8065109034000577,3.5879258803413396,1.618,3.205,thrown_by_redsox
832036,2026-03-23,31e735aa-6863-3451-ba2f-8d21eed3b7fe,7,66,2,Royce Lewis,Garrett Whitlock,Sinker,93.6,swinging_strike,True,Groundout,"Royce Lewis grounds out, second baseman Marcelo Mayer to first baseman Andruw Monasterio.",0.0,-1.45,0.0,2.0,0.23823694057961586,3.190735320381077,1.618,3.205,thrown_by_redsox
832036,2026-03-23,0d34fa7c-3e5b-3c1e-b170-d74fab23e79c,7,66,3,Royce Lewis,Garrett Whitlock,Sinker,95.9,hit_into_play,False,Groundout,"Royce Lewis grounds out, second baseman Marcelo Mayer to first baseman Andruw Monasterio.",2.4782921118191363,1.0282921118191364,0.0,14.0,0.9145243426515947,2.205613635386294,1.618,3.205,thrown_by_redsox
832036,2026-03-23,f0a7a4e4-0ed4-39c7-8fcb-0d6361e5ecbe,7,67,1,Merphy Hernandez,Garrett Whitlock,Sinker,94.0,ball,False,Flyout,Merphy Hernandez flies out to left fielder Jarren Duran.,12.326107540844347,10.876107540844348,0.0,14.0,1.4048262895209116,0.8433325939070606,1.598,3.165,thrown_by_redsox
832036,2026-03-23,a3efb31a-62af-30be-b6c2-82cc7b1d1eda,7,67,2,Merphy Hernandez,Garrett Whitlock,Changeup,83.1,ball,False,Flyout,Merphy Hernandez flies out to left fielder Jarren Duran.,18.29496263534101,16.844962635341012,0.0,14.0,0.7344649638584752,0.07364949840288215,1.598,3.165,thrown_by_redsox
832036,2026-03-23,bddbda5f-f33b-37fa-a1bf-bb2c991571ae,7,67,3,Merphy Hernandez,Garrett Whitlock,Sinker,93.5,hit_into_play,True,Flyout,Merphy Hernandez flies out to left fielder Jarren Duran.,0.0,-1.45,6.931184001998763,5.0,-0.00956799983343637,2.4347753521772413,1.598,3.165,thrown_by_redsox
832036,2026-03-23,0a10da27-8420-3b8c-838b-48b9accfb17b,8,75,1,Tristan Gray,Aroldis Chapman,4-Seam Fastball,95.7,hit_into_play,True,Flyout,Tristan Gray flies out to left fielder Anderson Fermin.,0.0,-1.45,0.7122208300630188,3.0,0.45537534902123733,3.0788149308280817,1.645,3.259,thrown_by_redsox
832036,2026-03-23,ff8c8aac-1070-3549-9494-f6f97f01cf38,8,76,1,Orlando Arcia,Aroldis Chapman,4-Seam Fastball,98.7,called_strike,True,Single,Orlando Arcia singles on a sharp line drive to right fielder Natanael Yuten.,0.0,-1.45,4.520075551596521,5.0,0.007160962982381502,2.097506295966377,1.6,3.171,thrown_by_redsox
832036,2026-03-23,ab12dcec-3eeb-3e9b-84ac-722417fecae3,8,76,2,Orlando Arcia,Aroldis Chapman,Splitter,90.3,ball,False,Single,Orlando Arcia singles on a sharp line drive to right fielder Natanael Yuten.,14.656409462076331,13.20640946207633,0.0,14.0,0.4282944282000282,0.3786325448269725,1.6,3.171,thrown_by_redsox
832036,2026-03-23,863a8ab2-055e-331a-88ab-16ba83368620,8,76,3,Orlando Arcia,Aroldis Chapman,4-Seam Fastball,98.6,hit_into_play,True,Single,Orlando Arcia singles on a sharp line drive to right fielder Natanael Yuten.,0.0,-1.45,4.005021134112239,5.0,0.2534149054906467,2.125028824945714,1.6,3.171,thrown_by_redsox
832036,2026-03-23,e11a0d26-eacf-3aed-9902-cb9f643c59e6,8,77,1,David Bañuelos,Aroldis Chapman,4-Seam Fastball,96.4,ball,False,Home Run,David Bañuelos homers (1) on a fly ball to left center field. Harry Genth scores.,6.823713125318582,5.373713125318582,0.0,14.0,0.08139527165498328,0.9883572395567848,1.557,3.086,thrown_by_redsox
832036,2026-03-23,a853ba28-0e77-3544-b5de-6690d697b19b,8,77,2,David Bañuelos,Aroldis Chapman,4-Seam Fastball,95.3,hit_into_play,True,Home Run,David Bañuelos homers (1) on a fly ball to left center field. Harry Genth scores.,0.0,-1.45,2.5246702602112796,4.0,-0.37677747831572667,2.5812026170541715,1.557,3.086,thrown_by_redsox
832036,2026-03-23,7f079ea4-c066-389b-9a7b-ece3ded8687d,8,78,1,Jose Salas,Aroldis Chapman,Sinker,98.9,swinging_strike,False,Strikeout,Jose Salas strikes out swinging.,8.667263643523475,7.2172636435234745,0.0,12.0,1.4302719702936229,2.4274603432633164,1.625,3.219,thrown_by_redsox
832036,2026-03-23,b4d61437-234a-3e81-83ad-0df2bc253004,8,78,2,Jose Salas,Aroldis Chapman,Sinker,98.6,ball,False,Strikeout,Jose Salas strikes out swinging.,10.001741197249084,8.551741197249083,0.0,12.0,0.09978807632483055,4.05247843310409,1.625,3.219,thrown_by_redsox
832036,2026-03-23,659a23aa-bc64-3a8a-af59-1155cff0f62f,8,78,3,Jose Salas,Aroldis Chapman,Slider,85.1,foul,True,Strikeout,Jose Salas strikes out swinging.,1.0386989729965226,-0.4113010270034774,0.0,2.0,-0.24491236439092273,3.30555824774971,1.625,3.219,thrown_by_redsox
832036,2026-03-23,5e8ed71a-7c3d-3406-a5de-ec633c5c1022,8,78,4,Jose Salas,Aroldis Chapman,Slider,86.4,swinging_strike,False,Strikeout,Jose Salas strikes out swinging.,10.882590374069242,9.43259037406924,0.0,13.0,-1.4567762603051608,1.1133653282378688,1.625,3.219,thrown_by_redsox
832036,2026-03-23,0f9c8394-5bb7-37ce-8870-b4740d2f5382,8,79,1,Luis Fragoza,Aroldis Chapman,Slider,87.9,ball,False,Strikeout,Luis Fragoza strikes out swinging.,9.140140781344524,7.690140781344524,0.0,13.0,-0.7091812047914348,0.8813225174566632,1.643,3.255,thrown_by_redsox
832036,2026-03-23,09319c21-df93-31aa-9b46-eea0bbed7e0c,8,79,2,Luis Fragoza,Aroldis Chapman,4-Seam Fastball,99.2,ball,False,Strikeout,Luis Fragoza strikes out swinging.,1.9467690646063494,0.49676906460634934,0.0,13.0,-0.5812546806859645,1.4807692446161376,1.643,3.255,thrown_by_redsox
832036,2026-03-23,08868b0c-b31f-3eac-9252-a9b7cfeb0ebd,8,79,3,Luis Fragoza,Aroldis Chapman,4-Seam Fastball,98.4,foul_tip,True,Strikeout,Luis Fragoza strikes out swinging.,0.0,-1.45,4.8343696437541475,5.0,0.006652073263630653,2.1666974703128457,1.643,3.255,thrown_by_redsox
832036,2026-03-23,77e99091-e506-3459-93cc-1f417262b56c,8,79,4,Luis Fragoza,Aroldis Chapman,Slider,87.2,ball,False,Strikeout,Luis Fragoza strikes out swinging.,7.289961611902051,5.8399616119020505,0.0,13.0,-1.3154968009918375,1.6597512895092823,1.643,3.255,thrown_by_redsox
832036,2026-03-23,e0ec0e4b-b659-3b8d-9cdb-3d66bef6097c,8,79,5,Luis Fragoza,Aroldis Chapman,Sinker,98.4,called_strike,True,Strikeout,Luis Fragoza strikes out swinging.,0.23536399249841633,-1.2146360075015836,0.0,8.0,-0.1678116771788927,1.6233863339584653,1.643,3.255,thrown_by_redsox
832036,2026-03-23,4eec454f-0297-3f32-94d6-1cd191d9d4ea,8,79,6,Luis Fragoza,Aroldis Chapman,Sinker,97.9,swinging_strike,True,Strikeout,Luis Fragoza strikes out swinging.,0.5568346210145378,-0.8931653789854621,0.0,2.0,0.09365165646609354,3.3014028850845447,1.643,3.255,thrown_by_redsox
832036,2026-03-23,ea9637f7-ff35-303a-b112-a77c8ff88118,9,83,1,Jayson Bass,Max Carlson,4-Seam Fastball,92.1,ball,False,Single,Jayson Bass singles on a sharp line drive to right fielder Natanael Yuten.,9.357995952669357,7.907995952669358,0.0,11.0,-1.126956941749126,3.8227344317409218,1.598,3.165,thrown_by_redsox
832036,2026-03-23,804d15ee-a0d6-35d4-aaac-45941c723b9b,9,83,2,Jayson Bass,Max Carlson,Changeup,78.0,ball,False,Single,Jayson Bass singles on a sharp line drive to right fielder Natanael Yuten.,14.163718519688116,12.713718519688115,0.0,11.0,-1.7938399729935082,3.62769099617886,1.598,3.165,thrown_by_redsox
832036,2026-03-23,c54c28c5-56a5-3561-b64d-12602752e53a,9,83,3,Jayson Bass,Max Carlson,Slider,85.1,hit_into_play,True,Single,Jayson Bass singles on a sharp line drive to right fielder Natanael Yuten.,0.0,-1.45,4.159858851327328,2.0,-0.10568013091505057,2.6975117623893894,1.598,3.165,thrown_by_redsox
832036,2026-03-23,7ed27ea3-313b-37a3-8bed-3a8f771b9735,9,84,1,Jaime Ferrer,Max Carlson,4-Seam Fastball,91.7,foul,True,Strikeout,Jaime Ferrer strikes out swinging.,0.9450102552202928,-0.5049897447797072,0.0,2.0,-0.06722529835088986,3.333750854601691,1.643,3.255,thrown_by_redsox
832036,2026-03-23,ac43b58e-34f3-3578-9e92-53cc13859eb6,9,84,2,Jaime Ferrer,Max Carlson,Curveball,80.3,foul,True,Strikeout,Jaime Ferrer strikes out swinging.,0.0,-1.45,1.569298883336426,7.0,-0.372497420099029,1.8946082402780355,1.643,3.255,thrown_by_redsox
832036,2026-03-23,de43b485-f86c-3961-a9b8-9a55efccfd35,9,84,3,Jaime Ferrer,Max Carlson,Curveball,80.6,ball,False,Strikeout,Jaime Ferrer strikes out swinging.,13.232653660279778,11.782653660279777,0.0,14.0,1.5757032436573624,0.9624965173306794,1.643,3.255,thrown_by_redsox
832036,2026-03-23,46107cd8-3546-3ef5-8160-e56a8362f79e,9,84,4,Jaime Ferrer,Max Carlson,Changeup,78.0,swinging_strike,True,Strikeout,Jaime Ferrer strikes out swinging.,0.0,-1.45,0.0,9.0,0.2765727876217563,1.7484497095299991,1.643,3.255,thrown_by_redsox
832036,2026-03-23,d45713de-d9ac-3216-80fa-c65dc6d5f1b8,9,85,1,Ricardo Olivar,Max Carlson,Changeup,78.8,swinging_strike,True,Double,Ricardo Olivar doubles (1) on a fly ball to center fielder Braiden Ward. Jayson Bass scores.,0.0,-1.45,3.213189501426177,4.0,-0.3194008748811519,2.0533792693046737,1.569,3.109,thrown_by_redsox
832036,2026-03-23,be93b0af-d467-3102-a6f1-2d95a72ab008,9,85,2,Ricardo Olivar,Max Carlson,4-Seam Fastball,91.9,called_strike,True,Double,Ricardo Olivar doubles (1) on a fly ball to center fielder Braiden Ward. Jayson Bass scores.,0.0,-1.45,4.9684592004013615,5.0,-0.17312839996655316,2.1511247911321894,1.569,3.109,thrown_by_redsox
832036,2026-03-23,d86d802e-95c4-3271-a07a-67dc45cb4cde,9,85,3,Ricardo Olivar,Max Carlson,Curveball,81.4,blocked_ball,False,Double,Ricardo Olivar doubles (1) on a fly ball to center fielder Braiden Ward. Jayson Bass scores.,19.613121175294904,18.163121175294904,0.0,14.0,1.149647936014092,-0.004625733610494898,1.569,3.109,thrown_by_redsox
832036,2026-03-23,0129657f-c745-334d-96ef-2125d4e539aa,9,85,4,Ricardo Olivar,Max Carlson,4-Seam Fastball,91.7,foul,False,Double,Ricardo Olivar doubles (1) on a fly ball to center fielder Braiden Ward. Jayson Bass scores.,6.124867269383149,4.674867269383149,0.0,11.0,-0.13641560259048147,3.619405605781929,1.569,3.109,thrown_by_redsox
832036,2026-03-23,9789be87-6ca5-36a9-8f59-09dcc95bed89,9,85,5,Ricardo Olivar,Max Carlson,Changeup,79.5,ball,False,Double,Ricardo Olivar doubles (1) on a fly ball to center fielder Braiden Ward. Jayson Bass scores.,2.1585683544805745,0.7085683544805745,0.0,14.0,0.8878806962067145,1.591267244317847,1.569,3.109,thrown_by_redsox
832036,2026-03-23,a5956087-85cd-3acd-b845-af595ece7adc,9,85,6,Ricardo Olivar,Max Carlson,Slider,85.3,hit_into_play,True,Double,Ricardo Olivar doubles (1) on a fly ball to center fielder Braiden Ward. Jayson Bass scores.,0.0,-1.45,4.409235249022244,5.0,0.2084760296964221,2.620730395914813,1.569,3.109,thrown_by_redsox
832036,2026-03-23,91cdacc8-73cc-3dac-abee-26f980478820,9,86,1,Merphy Hernandez,Max Carlson,Slider,83.8,ball,False,Flyout,Merphy Hernandez flies out to center fielder Braiden Ward. Ricardo Olivar to 3rd.,8.58903392544668,7.13903392544668,0.0,11.0,-0.2134978091780415,3.8807528271205567,1.598,3.165,thrown_by_redsox
832036,2026-03-23,f7ecf9a3-53d5-3225-836e-b540515d53cc,9,86,2,Merphy Hernandez,Max Carlson,Changeup,78.6,ball,False,Flyout,Merphy Hernandez flies out to center fielder Braiden Ward. Ricardo Olivar to 3rd.,9.297496334318513,7.847496334318512,0.0,13.0,-1.4827913611932093,1.923057020143073,1.598,3.165,thrown_by_redsox
832036,2026-03-23,a3397697-2232-32e2-aea3-3c428ba50de2,9,86,3,Merphy Hernandez,Max Carlson,4-Seam Fastball,90.0,hit_into_play,True,Flyout,Merphy Hernandez flies out to center fielder Braiden Ward. Ricardo Olivar to 3rd.,0.0,-1.45,1.3820585563105816,4.0,-0.4719951203074515,2.4491707655868415,1.598,3.165,thrown_by_redsox
832036,2026-03-23,f7b39cf3-74bb-350b-9c7b-9b6d685df500,9,87,1,Rayne Doncon,Max Carlson,Curveball,80.7,called_strike,True,Strikeout,Rayne Doncon strikes out on a foul tip.,0.49942765580653514,-0.9505723441934648,0.0,2.0,0.24662044386897986,3.293618971317211,1.641,3.252,thrown_by_redsox
832036,2026-03-23,2bb452ef-2de1-3df2-ab6c-4a4bc5baf60b,9,87,2,Rayne Doncon,Max Carlson,Curveball,80.2,foul,True,Strikeout,Rayne Doncon strikes out on a foul tip.,0.0,-1.45,0.18038072264637622,9.0,0.5721349397794686,1.8008623263082626,1.641,3.252,thrown_by_redsox
832036,2026-03-23,a582de8d-2654-36e1-a0e9-4f9f7113a5b3,9,87,3,Rayne Doncon,Max Carlson,Curveball,79.1,foul_tip,True,Strikeout,Rayne Doncon strikes out on a foul tip.,0.0,-1.45,0.0,3.0,0.6288730141835335,3.126660284535855,1.641,3.252,thrown_by_redsox
832037,2026-03-24,95fa1edf-4b37-3e5f-8f5e-31a928ae686d,1,6,1,Austin Martin,Ranger Suarez,4-Seam Fastball,89.2,hit_into_play,True,Flyout,Austin Martin flies out to center fielder Ceddanne Rafaela.,0.0,-1.45,1.5863277548299788,4.0,-0.4549726870975017,2.615995905726232,1.579,3.13,thrown_by_redsox
832037,2026-03-24,8cef7736-0f8b-3c1c-87ac-2d27d13095b2,1,7,1,Byron Buxton,Ranger Suarez,4-Seam Fastball,89.7,ball,False,Walk,Byron Buxton walks.,4.1158631410299495,2.6658631410299494,0.0,11.0,-0.8574355165675773,3.5667235053362996,1.644,3.258,thrown_by_redsox
832037,2026-03-24,db20d49d-6465-3f5b-96c7-82f473bb5ea3,1,7,2,Byron Buxton,Ranger Suarez,Cutter,85.1,called_strike,True,Walk,Byron Buxton walks.,1.036568554286955,-0.4134314457130451,0.0,1.0,-0.4614847551921424,3.3443807128572463,1.644,3.258,thrown_by_redsox
832037,2026-03-24,195d0122-c5cc-3f02-83ce-b8a309b2b2f2,1,7,3,Byron Buxton,Ranger Suarez,Changeup,78.2,ball,True,Walk,Byron Buxton walks.,0.0,-1.45,0.0,9.0,0.6670197576571375,1.6691963233889116,1.644,3.258,thrown_by_redsox
832037,2026-03-24,68a829b5-7abe-3020-9981-9d7fdb3fee58,1,7,4,Byron Buxton,Ranger Suarez,Cutter,85.2,swinging_strike,False,Walk,Byron Buxton walks.,2.801515582310042,1.3515155823100422,0.0,12.0,0.09787223820933955,3.49145963185917,1.644,3.258,thrown_by_redsox
832037,2026-03-24,62bf7b07-681c-30e0-9eba-20e8552d9e33,1,7,5,Byron Buxton,Ranger Suarez,Curveball,71.9,ball,False,Walk,Byron Buxton walks.,9.236814901195643,7.786814901195643,0.0,12.0,1.477734575099637,3.062352152825428,1.644,3.258,thrown_by_redsox
832037,2026-03-24,91e4426a-82ea-36f2-876f-50c76a935799,1,7,6,Byron Buxton,Ranger Suarez,Changeup,79.8,ball,False,Walk,Byron Buxton walks.,5.1625477625026805,3.7125477625026804,0.0,14.0,0.4068047086921436,1.2137876864581099,1.644,3.258,thrown_by_redsox
832037,2026-03-24,c5caa0e0-88c2-3f67-bd57-7225c74fc199,1,8,1,Luke Keaschall,Ranger Suarez,Cutter,84.1,ball,False,Single,Luke Keaschall singles on a line drive to center fielder Ceddanne Rafaela. Byron Buxton to 2nd.,8.131635115050422,6.681635115050422,0.0,12.0,0.14035662304703367,3.891636259587535,1.622,3.214,thrown_by_redsox
832037,2026-03-24,525f071a-12b5-3c2e-88cf-3ac9c19383fc,1,8,2,Luke Keaschall,Ranger Suarez,Sinker,87.6,called_strike,True,Single,Luke Keaschall singles on a line drive to center fielder Ceddanne Rafaela. Byron Buxton to 2nd.,0.5825734864321932,-0.8674265135678068,0.0,6.0,0.7565477905360161,2.3502000171286808,1.622,3.214,thrown_by_redsox
832037,2026-03-24,90e4bdb4-7a1a-3a56-af81-499c6df4ba87,1,8,3,Luke Keaschall,Ranger Suarez,Changeup,79.0,foul,True,Single,Luke Keaschall singles on a line drive to center fielder Ceddanne Rafaela. Byron Buxton to 2nd.,0.0,-1.45,4.425957228571508,5.0,-0.21833689761904096,2.6021739062311013,1.622,3.214,thrown_by_redsox
832037,2026-03-24,a299ac7b-be0f-3688-9bc2-3a6b27355d8a,1,8,4,Luke Keaschall,Ranger Suarez,Sinker,89.0,hit_into_play,True,Single,Luke Keaschall singles on a line drive to center fielder Ceddanne Rafaela. Byron Buxton to 2nd.,0.0,-1.45,5.1458594105194155,5.0,0.07604387338068719,2.171654950876618,1.622,3.214,thrown_by_redsox
832037,2026-03-24,4783e7db-971a-38a4-9559-25e106d5eb2f,1,9,1,Ryan Jeffers,Ranger Suarez,Slider,83.6,foul,True,Single,Ryan Jeffers singles on a line drive to center fielder Ceddanne Rafaela. Byron Buxton scores. Luke Keaschall scores.,0.0,-1.45,0.4361053339056166,2.0,-0.17327164198915224,3.1278245555078654,1.658,3.285,thrown_by_redsox
832037,2026-03-24,6100ef84-506e-3481-8a41-0338c107aa49,1,9,2,Ryan Jeffers,Ranger Suarez,Changeup,80.3,ball,False,Single,Ryan Jeffers singles on a line drive to center fielder Ceddanne Rafaela. Byron Buxton scores. Luke Keaschall scores.,23.6587543576324,22.2087543576324,0.0,13.0,-0.7390544452372838,-0.31331827585708716,1.658,3.285,thrown_by_redsox
832037,2026-03-24,20af4212-8242-3ab5-bade-4aee3eb0c701,1,9,3,Ryan Jeffers,Ranger Suarez,Changeup,79.6,blocked_ball,False,Single,Ryan Jeffers singles on a line drive to center fielder Ceddanne Rafaela. Byron Buxton scores. Luke Keaschall scores.,20.03751233016169,18.587512330161687,0.0,13.0,-1.0511967769839057,0.023856917584867077,1.658,3.285,thrown_by_redsox
832037,2026-03-24,dd58c896-9d51-3314-a5e8-3d285b31907e,1,9,4,Ryan Jeffers,Ranger Suarez,Cutter,84.8,hit_into_play,True,Single,Ryan Jeffers singles on a line drive to center fielder Ceddanne Rafaela. Byron Buxton scores. Luke Keaschall scores.,0.0,-1.45,2.6498137734299405,4.0,-0.36634885221417157,2.7546747437291836,1.658,3.285,thrown_by_redsox
832037,2026-03-24,bcbc174f-30c9-3a0d-b1d7-21a0ae2f13f0,1,10,1,Matt Wallner,Ranger Suarez,Sinker,88.6,called_strike,True,Flyout,Matt Wallner flies out to right fielder Wilyer Abreu.,1.249780131786423,-0.20021986821357712,0.0,9.0,0.7468168898496734,1.6163556691467855,1.713,3.395,thrown_by_redsox
832037,2026-03-24,52ede81d-da91-379a-bade-bbf5b4054c1b,1,10,2,Matt Wallner,Ranger Suarez,Curveball,73.1,ball,False,Flyout,Matt Wallner flies out to right fielder Wilyer Abreu.,7.269413212341432,5.8194132123414315,0.0,12.0,1.313784434361786,2.734834299935966,1.713,3.395,thrown_by_redsox
832037,2026-03-24,b33ca8e8-710e-37c6-bead-652677334bed,1,10,3,Matt Wallner,Ranger Suarez,Slider,81.2,foul,True,Flyout,Matt Wallner flies out to right fielder Wilyer Abreu.,0.0,-1.45,0.1603206475624976,3.0,0.5738066127031252,2.900006788610616,1.713,3.395,thrown_by_redsox
832037,2026-03-24,39853f5d-6278-30ed-a97c-bd0a6445adf5,1,10,4,Matt Wallner,Ranger Suarez,Changeup,79.4,blocked_ball,False,Flyout,Matt Wallner flies out to right fielder Wilyer Abreu.,19.193770293653383,17.743770293653384,0.0,13.0,-0.4618412474703837,0.11351914219555148,1.713,3.395,thrown_by_redsox
832037,2026-03-24,1a8ec691-bdbb-3e66-a224-ea4e2dc6ec68,1,10,5,Matt Wallner,Ranger Suarez,4-Seam Fastball,89.0,hit_into_play,True,Flyout,Matt Wallner flies out to right fielder Wilyer Abreu.,0.0,-1.45,2.517478522113106,8.0,0.06366808265060886,2.0436232101760923,1.713,3.395,thrown_by_redsox
832037,2026-03-24,25bf811e-c011-3daa-9d0f-3f3f15fbdd5d,1,11,1,Josh Bell,Ranger Suarez,Cutter,85.5,hit_into_play,True,Groundout,"Josh Bell grounds out, pitcher Ranger Suarez to first baseman Willson Contreras.",0.0,-1.45,0.0,1.0,-0.2954238009847141,3.285281717682848,1.683,3.335,thrown_by_redsox
832037,2026-03-24,cbacfea2-8d44-3f89-ab84-31f9582c5bd4,2,20,1,Victor Caratini,Ranger Suarez,4-Seam Fastball,88.7,ball,False,Single,"Victor Caratini singles on a pop up to third baseman Caleb Durbin. Victor Caratini to 2nd. Victor Caratini advances to 2nd, on a fielding error by third baseman Caleb Durbin.",2.6036196463024996,1.1536196463025,0.0,11.0,-0.7465963359769767,3.414507769714371,1.615,3.201,thrown_by_redsox
832037,2026-03-24,9fb5a4c4-4845-3894-9fb3-2d2e56197a75,2,20,2,Victor Caratini,Ranger Suarez,4-Seam Fastball,88.1,ball,False,Single,"Victor Caratini singles on a pop up to third baseman Caleb Durbin. Victor Caratini to 2nd. Victor Caratini advances to 2nd, on a fielding error by third baseman Caleb Durbin.",9.184882237663661,7.734882237663661,0.0,11.0,-0.21120645560457407,3.9664068531386385,1.615,3.201,thrown_by_redsox
832037,2026-03-24,3ceeed53-4186-3aac-b84c-80138b26c395,2,20,3,Victor Caratini,Ranger Suarez,Cutter,84.2,foul,False,Single,"Victor Caratini singles on a pop up to third baseman Caleb Durbin. Victor Caratini to 2nd. Victor Caratini advances to 2nd, on a fielding error by third baseman Caleb Durbin.",1.8466778145337184,0.39667781453371836,0.0,11.0,-0.27982876742943175,3.35488981787781,1.615,3.201,thrown_by_redsox
832037,2026-03-24,e37cf804-bc42-347b-89b9-f3679701c2fb,2,20,4,Victor Caratini,Ranger Suarez,4-Seam Fastball,88.9,ball,False,Single,"Victor Caratini singles on a pop up to third baseman Caleb Durbin. Victor Caratini to 2nd. Victor Caratini advances to 2nd, on a fielding error by third baseman Caleb Durbin.",7.021624588632804,5.571624588632804,0.0,11.0,-0.6713198122472583,3.786135382386067,1.615,3.201,thrown_by_redsox
832037,2026-03-24,3f1b8402-f964-3764-bb93-ec252bc0deca,2,20,5,Victor Caratini,Ranger Suarez,Cutter,84.0,hit_into_play,True,Single,"Victor Caratini singles on a pop up to third baseman Caleb Durbin. Victor Caratini to 2nd. Victor Caratini advances to 2nd, on a fielding error by third baseman Caleb Durbin.",0.2511386794376218,-1.1988613205623782,0.0,2.0,-0.00516066380955893,3.2219282232864686,1.615,3.201,thrown_by_redsox
832037,2026-03-24,8a520d7c-8c54-3d8b-95d9-7f56b3763bab,2,21,1,Royce Lewis,Ranger Suarez,Cutter,84.4,ball,False,Pop Out,Royce Lewis pops out to third baseman Caleb Durbin in foul territory.,16.296971931720428,14.846971931720427,0.0,12.0,1.3381071364997785,4.408058179656406,1.618,3.205,thrown_by_redsox
832037,2026-03-24,1f94430b-8161-3fbd-8849-b471cd53f379,2,21,2,Royce Lewis,Ranger Suarez,Changeup,78.7,hit_into_play,True,Pop Out,Royce Lewis pops out to third baseman Caleb Durbin in foul territory.,0.0,-1.45,4.727537049424732,5.0,0.1932052458812723,2.2946276629442206,1.618,3.205,thrown_by_redsox
832037,2026-03-24,d85ac876-3bd8-39ea-81a1-cc51efe60c3e,2,22,1,Brooks Lee,Ranger Suarez,4-Seam Fastball,89.9,called_strike,True,Home Run,Brooks Lee homers (1) on a fly ball to left field. Victor Caratini scores.,0.0,-1.45,1.8726729466682022,3.0,0.43111058777764977,2.9245159487560235,1.619,3.209,thrown_by_redsox
832037,2026-03-24,821ae0aa-eeff-3b4f-88e4-b90b0d3d804d,2,22,2,Brooks Lee,Ranger Suarez,Changeup,79.9,ball,False,Home Run,Brooks Lee homers (1) on a fly ball to left field. Victor Caratini scores.,6.999047815978132,5.549047815978132,0.0,13.0,-0.7112570658853283,1.0357551096244073,1.619,3.209,thrown_by_redsox
832037,2026-03-24,cb3042f3-6e37-3e29-93b3-cded41238f24,2,22,3,Brooks Lee,Ranger Suarez,Cutter,85.1,swinging_strike,True,Home Run,Brooks Lee homers (1) on a fly ball to left field. Victor Caratini scores.,0.0,-1.45,0.5674267774931192,3.0,0.5322572629762425,3.0408811018755735,1.619,3.209,thrown_by_redsox
832037,2026-03-24,43bdbd2f-3954-3573-8f36-0d4da139a3b5,2,22,4,Brooks Lee,Ranger Suarez,Curveball,73.2,hit_into_play,True,Home Run,Brooks Lee homers (1) on a fly ball to left field. Victor Caratini scores.,0.0,-1.45,0.07481656799923647,7.0,-0.5809319526667303,2.0814418784416935,1.619,3.209,thrown_by_redsox
832037,2026-03-24,6daa1013-bb65-325c-9220-f93d9f0131bd,2,23,1,Austin Martin,Ranger Suarez,Cutter,86.1,called_strike,True,Strikeout,Austin Martin strikes out swinging.,0.0,-1.45,2.8968123870543296,2.0,0.04128953602887586,2.767765634412139,1.579,3.13,thrown_by_redsox
832037,2026-03-24,838d5c23-1130-362a-827a-bfe04b80cef2,2,23,2,Austin Martin,Ranger Suarez,Changeup,79.5,ball,False,Strikeout,Austin Martin strikes out swinging.,5.195630868203418,3.745630868203418,0.0,12.0,1.1409692390169515,2.963863355064839,1.579,3.13,thrown_by_redsox
832037,2026-03-24,fe13247e-233d-37e8-8f75-d440690bd92d,2,23,3,Austin Martin,Ranger Suarez,Changeup,78.8,ball,False,Strikeout,Austin Martin strikes out swinging.,16.221536694124836,14.771536694124835,0.0,12.0,2.059794724510403,2.3639217010802307,1.579,3.13,thrown_by_redsox
832037,2026-03-24,6ded56a8-81ab-3f14-b344-fc5c8af2ed0d,2,23,4,Austin Martin,Ranger Suarez,Cutter,86.4,foul,False,Strikeout,Austin Martin strikes out swinging.,1.9469554397669633,0.49695543976696327,0.0,11.0,-0.8702462866472469,2.5213995652184917,1.579,3.13,thrown_by_redsox
832037,2026-03-24,1846d97f-53e5-38c2-bc63-b5b727c39b68,2,23,5,Austin Martin,Ranger Suarez,4-Seam Fastball,89.3,swinging_strike,False,Strikeout,Austin Martin strikes out swinging.,1.5593329271690335,0.10933292716903348,0.0,12.0,0.8379444105974194,2.6201053958450737,1.579,3.13,thrown_by_redsox
832037,2026-03-24,1038cb65-6961-3a24-bde8-962dfd24bdab,2,24,1,Byron Buxton,Ranger Suarez,Sinker,88.7,hit_into_play,True,Flyout,Byron Buxton flies out to right fielder Wilyer Abreu.,0.0,-1.45,0.5285543080036181,3.0,0.5022082746896612,3.093120474333032,1.644,3.258,thrown_by_redsox
832037,2026-03-24,61d32230-fda5-3846-8fb6-3dfefb0775ec,3,28,1,Luke Keaschall,Ranger Suarez,Curveball,72.7,called_strike,True,Lineout,Luke Keaschall lines out to center fielder Ceddanne Rafaela.,0.0,-1.45,2.0779948761825686,8.0,0.2596261987141997,1.9159995730152142,1.622,3.214,thrown_by_redsox
832037,2026-03-24,3d1cc5cf-62e5-397f-974f-229425c0ef95,3,28,2,Luke Keaschall,Ranger Suarez,4-Seam Fastball,89.1,hit_into_play,True,Lineout,Luke Keaschall lines out to center fielder Ceddanne Rafaela.,0.0,-1.45,0.0,1.0,-0.3203592137643665,3.1253105758384603,1.622,3.214,thrown_by_redsox
832037,2026-03-24,b1907404-ff07-3c9f-b44f-7072170df72f,3,29,1,Ryan Jeffers,Ranger Suarez,Sinker,89.2,hit_into_play,False,Single,Ryan Jeffers singles on a soft ground ball to pitcher Ranger Suarez.,2.1178945931247117,0.6678945931247118,0.0,14.0,0.8844912160937259,1.7686331162956428,1.658,3.285,thrown_by_redsox
832037,2026-03-24,25aaaa4f-4eca-3948-b149-c12fc884b2ef,3,30,1,Matt Wallner,Ranger Suarez,Slider,83.1,foul,True,Pop Out,Matt Wallner pops out to first baseman Willson Contreras in foul territory.,0.0,-1.45,0.0,9.0,0.6582810039659748,1.9976438287898155,1.713,3.395,thrown_by_redsox
832037,2026-03-24,77b823d6-433e-3b06-a83e-b7f82918a10c,3,30,2,Matt Wallner,Ranger Suarez,Cutter,83.7,hit_into_play,True,Pop Out,Matt Wallner pops out to first baseman Willson Contreras in foul territory.,0.0,-1.45,2.4150456674414222,6.0,0.3859128610465481,2.604373460423642,1.713,3.395,thrown_by_redsox
832037,2026-03-24,fbc1c0f5-1cf9-3a14-a720-1e7ff41bf4c1,3,31,1,Josh Bell,Ranger Suarez,Sinker,89.4,ball,False,Lineout,Josh Bell lines out to shortstop Trevor Story.,4.099313419035472,2.6493134190354715,0.0,14.0,1.0496094515862893,2.0640666527996387,1.683,3.335,thrown_by_redsox
832037,2026-03-24,927a734e-ea33-3892-847f-716c663b349e,3,31,2,Josh Bell,Ranger Suarez,Changeup,81.2,swinging_strike,False,Lineout,Josh Bell lines out to shortstop Trevor Story.,7.528688942506633,6.078688942506632,0.0,14.0,0.16635709325933234,1.055609254791114,1.683,3.335,thrown_by_redsox
832037,2026-03-24,82a87f48-45af-3449-a886-e7764673c64d,3,31,3,Josh Bell,Ranger Suarez,Cutter,86.7,hit_into_play,True,Lineout,Josh Bell lines out to shortstop Trevor Story.,0.0,-1.45,0.872286678746222,1.0,-0.5144761101044815,3.016182648827468,1.683,3.335,thrown_by_redsox
832037,2026-03-24,8e70ada1-1166-32d4-bce9-acd76e392470,4,36,1,Victor Caratini,Ranger Suarez,Sinker,88.8,foul,True,Strikeout,Victor Caratini called out on strikes.,0.0,-1.45,0.0,9.0,0.6392301419245869,2.100826337608007,1.615,3.201,thrown_by_redsox
832037,2026-03-24,92d16163-ca04-39d5-9cf2-597733eb70be,4,36,2,Victor Caratini,Ranger Suarez,Cutter,86.5,foul,True,Strikeout,Victor Caratini called out on strikes.,0.0,-1.45,0.0,1.0,-0.6663835315202427,3.00289310789125,1.615,3.201,thrown_by_redsox
832037,2026-03-24,b52eea67-23b6-3ae0-9ba0-406a1d8bbef1,4,36,3,Victor Caratini,Ranger Suarez,Changeup,80.4,called_strike,True,Strikeout,Victor Caratini called out on strikes.,0.0,-1.45,0.13823653694314525,8.0,-0.0609817200926861,1.747353044745262,1.615,3.201,thrown_by_redsox
832037,2026-03-24,cd8bb6a0-5cbd-3e1d-891d-172ba46d3e86,4,37,1,Royce Lewis,Ranger Suarez,Curveball,74.2,hit_into_play,True,Pop Out,Royce Lewis pops out to pitcher Ranger Suarez.,0.0,-1.45,4.562910725424574,5.0,0.20692410621461876,2.307885289329811,1.618,3.205,thrown_by_redsox
832037,2026-03-24,8fd40176-f9aa-3392-8a83-47cdbce16271,4,38,1,Brooks Lee,Ranger Suarez,4-Seam Fastball,90.5,foul,True,Strikeout,Brooks Lee called out on strikes.,0.0,-1.45,3.525633039510102,2.0,0.02386050027573372,2.7943639133741582,1.619,3.209,thrown_by_redsox
832037,2026-03-24,b17e9d57-c0e8-3db0-8c2b-404c9f5d86ad,4,38,2,Brooks Lee,Ranger Suarez,Sinker,91.0,ball,False,Strikeout,Brooks Lee called out on strikes.,6.423888467733763,4.9738884677337625,0.0,14.0,1.2404151667939964,1.5632692465936397,1.619,3.209,thrown_by_redsox
832037,2026-03-24,30eb9558-820f-3552-b3bf-7aa0c29d686c,4,38,3,Brooks Lee,Ranger Suarez,Changeup,79.1,foul,True,Strikeout,Brooks Lee called out on strikes.,1.1774708778414134,-0.2725291221585866,0.0,9.0,0.8051444018558702,1.6051795604151113,1.619,3.209,thrown_by_redsox
832037,2026-03-24,260560aa-26ed-3e88-965f-90872f26c076,4,38,4,Brooks Lee,Ranger Suarez,Sinker,89.7,ball,False,Strikeout,Brooks Lee called out on strikes.,8.517004111814837,7.067004111814836,0.0,12.0,1.4177503426512363,2.500273508160915,1.619,3.209,thrown_by_redsox
832037,2026-03-24,f7b36999-fef1-38c7-b437-83c3bc4cfe0f,4,38,5,Brooks Lee,Ranger Suarez,Sinker,89.7,called_strike,True,Strikeout,Brooks Lee called out on strikes.,0.0,-1.45,0.38516204976212015,2.0,0.12436912124957766,3.05606982918649,1.619,3.209,thrown_by_redsox
832037,2026-03-24,4c4905c3-0a25-37a9-8d48-cb871359a3ee,5,42,1,Austin Martin,Ranger Suarez,Sinker,89.4,hit_into_play,True,Single,Austin Martin singles on a line drive to right fielder Wilyer Abreu.,0.0,-1.45,5.085057476464482,5.0,0.1634118769612931,2.2198810986219746,1.579,3.13,thrown_by_redsox
832037,2026-03-24,6c474caa-fb7b-3c6d-98cc-0e4cb76c8c8d,5,43,1,Byron Buxton,Ranger Suarez,Cutter,86.1,foul,True,Home Run,Byron Buxton homers (2) on a fly ball to center field. Austin Martin scores.,0.0,-1.45,5.521223238448384,5.0,0.1270647301293013,2.280855727332563,1.644,3.258,thrown_by_redsox
832037,2026-03-24,b7c5267f-2aef-3c0b-bce1-c206ea769aad,5,43,2,Byron Buxton,Ranger Suarez,4-Seam Fastball,89.9,ball,False,Home Run,Byron Buxton homers (2) on a fly ball to center field. Austin Martin scores.,13.143741113442562,11.693741113442563,0.0,12.0,0.010938247450131167,4.353311759453547,1.644,3.258,thrown_by_redsox
832037,2026-03-24,31805c71-a921-3560-be11-7e6462311f0a,5,43,3,Byron Buxton,Ranger Suarez,4-Seam Fastball,89.0,hit_into_play,True,Home Run,Byron Buxton homers (2) on a fly ball to center field. Austin Martin scores.,0.0,-1.45,0.0,2.0,-0.007259363840406596,3.1975615723284054,1.644,3.258,thrown_by_redsox
832037,2026-03-24,ba8e7fe7-2fd6-39e6-a03d-02801794ca46,5,44,1,Luke Keaschall,Ranger Suarez,Curveball,74.2,ball,True,Single,Luke Keaschall singles on a ground ball to third baseman Caleb Durbin.,0.023001733238023903,-1.426998266761976,0.0,1.0,-0.7099168111031686,2.782477048538452,1.622,3.214,thrown_by_redsox
832037,2026-03-24,6b553f68-60f3-339d-b446-ea16171f95b1,5,44,2,Luke Keaschall,Ranger Suarez,Changeup,79.0,hit_into_play,True,Single,Luke Keaschall singles on a ground ball to third baseman Caleb Durbin.,0.0,-1.45,1.233437517447132,6.0,0.48438020687940564,2.125818381280284,1.622,3.214,thrown_by_redsox
832037,2026-03-24,623f4d52-1449-3e17-b47e-da22e70ae7d4,5,45,1,Ryan Jeffers,Ranger Suarez,Cutter,86.3,ball,True,Single,Ryan Jeffers singles on a line drive to right fielder Wilyer Abreu. Orlando Arcia to 2nd.,0.0,-1.45,2.0977776491029383,8.0,-0.10758733161404166,1.9536481374252448,1.658,3.285,thrown_by_redsox
832037,2026-03-24,f1b25205-9001-3003-bf8a-6a01365dd2ca,5,45,2,Ryan Jeffers,Ranger Suarez,Changeup,80.3,swinging_strike,False,Single,Ryan Jeffers singles on a line drive to right fielder Wilyer Abreu. Orlando Arcia to 2nd.,4.232059731708694,2.782059731708694,0.0,14.0,1.0606716443090578,1.8455050953267245,1.658,3.285,thrown_by_redsox
832037,2026-03-24,a60e5930-920c-35f3-8050-3859154303bd,5,45,3,Ryan Jeffers,Ranger Suarez,Sinker,89.9,hit_into_play,True,Single,Ryan Jeffers singles on a line drive to right fielder Wilyer Abreu. Orlando Arcia to 2nd.,0.0,-1.45,0.7554327609876623,9.0,0.3956957919926889,1.8417860634156384,1.658,3.285,thrown_by_redsox
832037,2026-03-24,79872ead-4476-3749-ac86-c9db31c14d6c,5,46,1,Matt Wallner,Ranger Suarez,Sinker,88.3,foul,False,Strikeout,Matt Wallner strikes out swinging.,6.110786590094759,4.660786590094759,0.0,12.0,1.2172322158412299,2.8529368020024855,1.713,3.395,thrown_by_redsox
832037,2026-03-24,cdb5e9b7-40b1-3be4-87d6-6237189f6bf8,5,46,2,Matt Wallner,Ranger Suarez,Cutter,84.7,foul,False,Strikeout,Matt Wallner strikes out swinging.,2.734823788734971,1.2848237887349712,0.0,14.0,0.18324291669222448,1.4850980176054192,1.713,3.395,thrown_by_redsox
832037,2026-03-24,697b4dd2-790d-3691-9ce0-a5fb6273de86,5,46,3,Matt Wallner,Ranger Suarez,Changeup,81.4,ball,False,Strikeout,Matt Wallner strikes out swinging.,23.524897007170757,22.074897007170758,0.0,13.0,-0.7739336599315221,-0.2462990093473847,1.713,3.395,thrown_by_redsox
832037,2026-03-24,8f7a5411-e2b7-3e36-bcdb-9b6be98dbc12,5,46,4,Matt Wallner,Ranger Suarez,Changeup,80.8,ball,False,Strikeout,Matt Wallner strikes out swinging.,12.969639878484571,11.51963987848457,0.0,13.0,-0.8074276022707572,0.6367797737627834,1.713,3.395,thrown_by_redsox
832037,2026-03-24,140f4c06-b1a0-3451-8cf7-4d512aaaf913,5,46,5,Matt Wallner,Ranger Suarez,Curveball,73.5,swinging_strike,True,Strikeout,Matt Wallner strikes out swinging.,0.0,-1.45,0.6076293400028832,3.0,0.536530888333093,3.0905390405490163,1.713,3.395,thrown_by_redsox
832037,2026-03-24,b91a1d40-a65f-34ce-99f9-4f457b43c5e9,5,47,1,Billy Amick,Cade Feeney,Sinker,92.4,called_strike,True,Forceout,"Billy Amick grounds into a force out, third baseman Caleb Durbin to second baseman Marcelo Mayer. Orlando Arcia scores. Caden Kendle out at 2nd. Billy Amick to 1st. Fielding error by second baseman Marcelo Mayer.",0.0,-1.45,0.0,2.0,0.21834611972078743,3.202203025728827,1.635,3.24,thrown_by_redsox
832037,2026-03-24,a0c3ab74-0ab1-3e80-ad8a-102a12e4dc5e,5,47,2,Billy Amick,Cade Feeney,Curveball,79.8,hit_into_play,True,Forceout,"Billy Amick grounds into a force out, third baseman Caleb Durbin to second baseman Marcelo Mayer. Orlando Arcia scores. Caden Kendle out at 2nd. Billy Amick to 1st. Fielding error by second baseman Marcelo Mayer.",0.9190469066637146,-0.5309530933362854,0.0,3.0,0.7845872422219762,2.907677844575443,1.635,3.24,thrown_by_redsox
832037,2026-03-24,c465bbb2-62e2-3e5c-8d7c-302fe6fb14bc,5,48,1,Victor Caratini,Cade Feeney,Sinker,92.0,ball,False,Home Run,Victor Caratini homers (2) on a fly ball to right center field. Billy Amick scores.,10.337670977212829,8.887670977212828,0.0,11.0,-0.33154684219455777,4.0624725814344025,1.615,3.201,thrown_by_redsox
832037,2026-03-24,27e3bc3d-2220-3021-9b0d-cfd048231f5d,5,48,2,Victor Caratini,Cade Feeney,Sinker,91.7,hit_into_play,True,Home Run,Victor Caratini homers (2) on a fly ball to right center field. Billy Amick scores.,0.0,-1.45,4.192028720489162,5.0,0.23783093995923643,2.3231942910251693,1.615,3.201,thrown_by_redsox
832037,2026-03-24,f3cf7634-43a0-3c4d-8f44-12ea97866c13,5,49,1,Royce Lewis,Cade Feeney,Curveball,81.6,ball,False,Groundout,"Royce Lewis grounds out, second baseman Marcelo Mayer to pitcher Cade Feeney.",9.009059647440102,7.559059647440102,0.0,14.0,1.4587549706200085,2.324904594420497,1.618,3.205,thrown_by_redsox
832037,2026-03-24,280f68ab-58e7-3a90-9946-3b7e40c99095,5,49,2,Royce Lewis,Cade Feeney,Sinker,94.0,called_strike,True,Groundout,"Royce Lewis grounds out, second baseman Marcelo Mayer to pitcher Cade Feeney.",0.0,-1.45,0.0,9.0,0.29157548936826916,1.6344502350812489,1.618,3.205,thrown_by_redsox
832037,2026-03-24,8d66c171-01ec-3d97-92c9-bc04062e58bb,5,49,3,Royce Lewis,Cade Feeney,Sinker,94.3,called_strike,True,Groundout,"Royce Lewis grounds out, second baseman Marcelo Mayer to pitcher Cade Feeney.",0.0,-1.45,0.0,8.0,0.10238223225348686,1.7366142758259526,1.618,3.205,thrown_by_redsox
832037,2026-03-24,2a92cd2c-e47a-322b-952e-fd76f41ada0c,5,49,4,Royce Lewis,Cade Feeney,Changeup,87.7,foul,True,Groundout,"Royce Lewis grounds out, second baseman Marcelo Mayer to pitcher Cade Feeney.",0.0,-1.45,0.0,7.0,-0.5952549447551847,1.8306614459773352,1.618,3.205,thrown_by_redsox
832037,2026-03-24,1c9dce2e-45fc-3362-988b-f8cf613f4998,5,49,5,Royce Lewis,Cade Feeney,Sinker,93.4,foul,True,Groundout,"Royce Lewis grounds out, second baseman Marcelo Mayer to pitcher Cade Feeney.",0.0,-1.45,0.0,2.0,0.21671562535267896,3.1486554384839893,1.618,3.205,thrown_by_redsox
832037,2026-03-24,7daccb03-b459-302c-9c35-8f2521de1221,5,49,6,Royce Lewis,Cade Feeney,Changeup,88.1,ball,False,Groundout,"Royce Lewis grounds out, second baseman Marcelo Mayer to pitcher Cade Feeney.",7.24503855147938,5.795038551479379,0.0,14.0,0.12211554641182443,1.0142467873767185,1.618,3.205,thrown_by_redsox
832037,2026-03-24,1a19c47e-e1d8-35eb-b8d5-5fd8cc4c5f38,5,49,7,Royce Lewis,Cade Feeney,Slider,82.2,hit_into_play,False,Groundout,"Royce Lewis grounds out, second baseman Marcelo Mayer to pitcher Cade Feeney.",6.228546609705276,4.778546609705276,0.0,14.0,1.227045550808773,1.8516568306133991,1.618,3.205,thrown_by_redsox
832037,2026-03-24,d2fb7690-1dea-391b-b336-862f3c5848c2,6,55,1,Kody Clemens,Jovani Morán,4-Seam Fastball,93.1,called_strike,True,Home Run,Kody Clemens homers (1) on a fly ball to right field.,0.0,-1.45,0.0,8.0,0.16363724492016818,1.679141674252672,1.621,3.211,thrown_by_redsox
832037,2026-03-24,abe6782d-5996-32d9-beee-26779cbd7d35,6,55,2,Kody Clemens,Jovani Morán,Cutter,85.5,hit_into_play,True,Home Run,Kody Clemens homers (1) on a fly ball to right field.,0.0,-1.45,4.8108413761022755,5.0,0.17520254179609873,2.1427367813418563,1.621,3.211,thrown_by_redsox
832037,2026-03-24,87c7b099-724d-30e8-89bd-a60f5d71784f,6,56,1,Trevor Larnach,Jovani Morán,Cutter,87.3,ball,True,Single,Trevor Larnach singles on a ground ball to left fielder Nelly Taylor.,0.0,-1.45,5.980117499050637,5.0,-0.08882354174578022,2.32065924827263,1.677,3.324,thrown_by_redsox
832037,2026-03-24,1bc87d23-943e-3beb-b52e-51941b931b3d,6,56,2,Trevor Larnach,Jovani Morán,Sweeper,78.9,ball,False,Single,Trevor Larnach singles on a ground ball to left fielder Nelly Taylor.,2.7045486149524796,1.2545486149524796,0.0,14.0,0.9333790512460399,2.1773444404241666,1.677,3.324,thrown_by_redsox
832037,2026-03-24,4b4e7454-2028-30b5-8a19-edc43004d8c3,6,56,3,Trevor Larnach,Jovani Morán,4-Seam Fastball,93.1,hit_into_play,True,Single,Trevor Larnach singles on a ground ball to left fielder Nelly Taylor.,1.0423010776895154,-0.4076989223104846,0.0,7.0,-0.7948584231407929,2.0832968763184887,1.677,3.324,thrown_by_redsox
832037,2026-03-24,895d2922-f91d-33a0-b198-1fa664ed597c,6,57,1,James Outman,Jovani Morán,Sweeper,79.4,swinging_strike,False,Home Run,James Outman homers (3) on a fly ball to right center field. Trevor Larnach scores.,6.556867184518538,5.106867184518538,0.0,14.0,0.5795063198088417,1.1155944012901218,1.662,3.293,thrown_by_redsox
832037,2026-03-24,0f250f41-8308-3818-a105-e16c452f835a,6,57,2,James Outman,Jovani Morán,Sweeper,80.3,ball,False,Home Run,James Outman homers (3) on a fly ball to right center field. Trevor Larnach scores.,12.79755262389224,11.347552623892241,0.0,14.0,0.1716765507250595,0.5955372813423132,1.662,3.293,thrown_by_redsox
832037,2026-03-24,effaff3d-373e-3158-bdc6-c1ad05c58d17,6,57,3,James Outman,Jovani Morán,4-Seam Fastball,93.0,foul,True,Home Run,James Outman homers (3) on a fly ball to right center field. Trevor Larnach scores.,0.0,-1.45,0.5580658892765442,3.0,0.5258111698903922,3.1256611758936215,1.662,3.293,thrown_by_redsox
832037,2026-03-24,3c0ba7c5-c091-3436-b70d-e402f48528b4,6,57,4,James Outman,Jovani Morán,Sweeper,80.4,hit_into_play,True,Home Run,James Outman homers (3) on a fly ball to right center field. Trevor Larnach scores.,0.0,-1.45,0.0,9.0,0.6451877598162572,1.8532486632468048,1.662,3.293,thrown_by_redsox
832037,2026-03-24,7767daca-7f15-31aa-bc22-b090dab7d19b,6,58,1,Orlando Arcia,Jovani Morán,4-Seam Fastball,93.1,ball,True,Walk,Orlando Arcia walks.,0.15419639189651502,-1.295803608103485,0.0,9.0,0.7208496993247095,1.6076991386897577,1.6,3.171,thrown_by_redsox
832037,2026-03-24,e4937f34-c8aa-36fa-b352-397dbcf529f2,6,58,2,Orlando Arcia,Jovani Morán,Changeup,82.4,ball,False,Walk,Orlando Arcia walks.,2.5921625802427175,1.1421625802427176,0.0,14.0,0.8358906090452449,1.4259142590838296,1.6,3.171,thrown_by_redsox
832037,2026-03-24,d65254d3-2fc4-3c62-bed3-1994882c96fa,6,58,3,Orlando Arcia,Jovani Morán,Changeup,82.5,ball,False,Walk,Orlando Arcia walks.,2.849810810985351,1.399810810985351,0.0,12.0,0.7484940173689603,3.405006401780061,1.6,3.171,thrown_by_redsox
832037,2026-03-24,e280c772-f12f-3621-b90b-a2439bb9f388,6,58,4,Orlando Arcia,Jovani Morán,4-Seam Fastball,91.8,ball,True,Walk,Orlando Arcia walks.,1.0770369490698677,-0.3729630509301323,0.0,7.0,-0.7977530790891556,2.061896816462493,1.6,3.171,thrown_by_redsox
832037,2026-03-24,75dd0098-09c2-3670-8aeb-744eb0ed7c99,6,59,1,Caden Kendle,Jovani Morán,Changeup,82.8,ball,False,Walk,Caden Kendle walks. Orlando Arcia to 2nd.,8.593746014785559,7.143746014785558,0.0,14.0,0.15648027905128203,0.8818544987678703,1.598,3.165,thrown_by_redsox
832037,2026-03-24,c5dde4e1-87e0-3894-af31-5dbe9c8d6986,6,59,2,Caden Kendle,Jovani Morán,Changeup,81.9,ball,False,Walk,Caden Kendle walks. Orlando Arcia to 2nd.,3.592363500922942,2.142363500922942,0.0,11.0,-1.0073636250769118,3.0951276447861633,1.598,3.165,thrown_by_redsox
832037,2026-03-24,3f777322-1066-385e-86f1-6d58c26aaca6,6,59,3,Caden Kendle,Jovani Morán,4-Seam Fastball,93.0,ball,False,Walk,Caden Kendle walks. Orlando Arcia to 2nd.,6.248251290252819,4.798251290252819,0.0,12.0,0.07051492397524028,3.6856876075210683,1.598,3.165,thrown_by_redsox
832037,2026-03-24,9a537d73-08fd-3642-848a-43cb34d78bc7,6,59,4,Caden Kendle,Jovani Morán,4-Seam Fastball,90.8,called_strike,True,Walk,Caden Kendle walks. Orlando Arcia to 2nd.,0.0,-1.45,4.390440878435265,5.0,0.22129659346372788,2.39095672763008,1.598,3.165,thrown_by_redsox
832037,2026-03-24,3d3f7973-0ff8-340c-b5b8-dab6763376d3,6,59,5,Caden Kendle,Jovani Morán,Changeup,83.3,ball,False,Walk,Caden Kendle walks. Orlando Arcia to 2nd.,12.098933588920374,10.648933588920373,0.0,14.0,0.35787141200274064,0.5897555342566356,1.598,3.165,thrown_by_redsox
832037,2026-03-24,21134b9f-70b6-30db-a9a9-99cc4e6dfbbb,6,60,1,Tristan Gray,Reidis Sena,4-Seam Fastball,96.8,ball,False,Strikeout,Tristan Gray strikes out on a foul tip.,13.31053542189971,11.860535421899709,0.0,12.0,0.5758008611200848,4.368211285158309,1.645,3.259,thrown_by_redsox
832037,2026-03-24,712f2f1a-2cbd-3a71-b4af-8a6235f271e1,6,60,2,Tristan Gray,Reidis Sena,4-Seam Fastball,95.2,called_strike,True,Strikeout,Tristan Gray strikes out on a foul tip.,1.1468396152160172,-0.30316038478398283,0.0,9.0,0.8035699679346681,2.0465758328368766,1.645,3.259,thrown_by_redsox
832037,2026-03-24,ec40ade5-bc15-3f0e-bb07-4ca465ce7a9d,6,60,3,Tristan Gray,Reidis Sena,4-Seam Fastball,87.6,foul,True,Strikeout,Tristan Gray strikes out on a foul tip.,0.0,-1.45,3.32125290483443,2.0,-0.18039497770032809,2.8613955912637974,1.645,3.259,thrown_by_redsox
832037,2026-03-24,e039964c-1834-3e3e-9eac-1fb3910d4c10,6,60,4,Tristan Gray,Reidis Sena,Slider,85.8,foul,False,Strikeout,Tristan Gray strikes out on a foul tip.,5.62115822689827,4.17115822689827,0.0,12.0,0.9889089368564192,3.63385556640553,1.645,3.259,thrown_by_redsox
832037,2026-03-24,18e78234-a040-35c7-abfe-84c025758599,6,60,5,Tristan Gray,Reidis Sena,Slider,86.5,foul,True,Strikeout,Tristan Gray strikes out on a foul tip.,0.0,-1.45,1.2307860911884134,6.0,0.4846011590676322,2.485988123627024,1.645,3.259,thrown_by_redsox
832037,2026-03-24,e2d47567-dfd7-3772-a190-45e00323c82c,6,60,6,Tristan Gray,Reidis Sena,4-Seam Fastball,88.3,ball,False,Strikeout,Tristan Gray strikes out on a foul tip.,18.710334753908676,17.260334753908676,0.0,11.0,-0.17295311030449517,4.818194562825723,1.645,3.259,thrown_by_redsox
832037,2026-03-24,45663532-2d11-3448-9f7e-b64f573db71b,6,60,7,Tristan Gray,Reidis Sena,4-Seam Fastball,97.7,ball,False,Strikeout,Tristan Gray strikes out on a foul tip.,10.578926218564654,9.128926218564654,0.0,12.0,1.0441585934317488,4.0739697742638175,1.645,3.259,thrown_by_redsox
832037,2026-03-24,0fc90f13-4e02-3cc5-a489-fd103805641d,6,60,8,Tristan Gray,Reidis Sena,Cutter,90.5,foul,True,Strikeout,Tristan Gray strikes out on a foul tip.,0.0,-1.45,0.07855173709471791,1.0,-0.35191509579125074,3.13162068857544,1.645,3.259,thrown_by_redsox
832037,2026-03-24,5b1959d3-79c5-31ec-ada5-f41bb9ed1472,6,60,9,Tristan Gray,Reidis Sena,4-Seam Fastball,96.6,foul_tip,False,Strikeout,Tristan Gray strikes out on a foul tip.,4.008417357392647,2.5584173573926465,0.0,11.0,-0.035688793742501335,3.5930347797827205,1.645,3.259,thrown_by_redsox
832037,2026-03-24,c9d0cafb-07cb-30a4-b806-1a7aa6008a49,6,61,1,Billy Amick,Reidis Sena,Cutter,90.3,hit_into_play,True,Single,Billy Amick singles on a fly ball to center fielder Braiden Ward. Orlando Arcia to 3rd. Caden Kendle to 2nd.,0.0,-1.45,4.443552740552238,2.0,0.1746160112040791,2.7488706049539804,1.635,3.24,thrown_by_redsox
832037,2026-03-24,644f58d5-71ee-3a42-9876-0365414cd617,6,62,1,David Bañuelos,Reidis Sena,4-Seam Fastball,97.5,swinging_strike,False,Forceout,"David Bañuelos grounds into a force out, third baseman Vinny Capra to second baseman Isiah Kiner-Falefa. Orlando Arcia scores. Caden Kendle to 3rd. Billy Amick out at 2nd. David Bañuelos to 1st.",2.5284072969652467,1.0784072969652467,0.0,11.0,-0.4433571201659064,3.296700608080437,1.557,3.086,thrown_by_redsox
832037,2026-03-24,d3ed0a13-78f1-38b3-b989-089b9ba93a52,6,62,2,David Bañuelos,Reidis Sena,4-Seam Fastball,96.3,ball,False,Forceout,"David Bañuelos grounds into a force out, third baseman Vinny Capra to second baseman Isiah Kiner-Falefa. Orlando Arcia scores. Caden Kendle to 3rd. Billy Amick out at 2nd. David Bañuelos to 1st.",11.167280694598087,9.717280694598088,0.0,11.0,-1.6386067245498406,2.8821719690342125,1.557,3.086,thrown_by_redsox
832037,2026-03-24,64f94ed8-577f-35b3-9602-4fff979fb894,6,62,3,David Bañuelos,Reidis Sena,Cutter,89.9,hit_into_play,True,Forceout,"David Bañuelos grounds into a force out, third baseman Vinny Capra to second baseman Isiah Kiner-Falefa. Orlando Arcia scores. Caden Kendle to 3rd. Billy Amick out at 2nd. David Bañuelos to 1st.",0.0,-1.45,5.729864140722645,5.0,-0.10967798827311281,2.2141038419673116,1.557,3.086,thrown_by_redsox
832037,2026-03-24,3c8dc7f9-918c-3bda-a2eb-c2df0024c107,6,63,1,Jake Rucker,Reidis Sena,Cutter,90.8,hit_into_play,True,Lineout,Jake Rucker lines out to second baseman Isiah Kiner-Falefa.,0.0,-1.45,1.183193261456015,6.0,0.4885672282119987,2.663921070326833,1.629,3.228,thrown_by_redsox
832037,2026-03-24,697f7229-2628-39a3-b3d9-e76c890abb63,7,67,1,Kody Clemens,Tommy Kahnle,Changeup,87.9,ball,False,Double,Kody Clemens doubles (3) on a fly ball to right fielder Isaiah Jackson.,8.243678354297854,6.793678354297855,0.0,14.0,0.724191925030347,0.9342176517634133,1.621,3.211,thrown_by_redsox
832037,2026-03-24,64ff13d0-ca37-3426-8b44-111c09587ebc,7,67,2,Kody Clemens,Tommy Kahnle,4-Seam Fastball,93.4,called_strike,True,Double,Kody Clemens doubles (3) on a fly ball to right fielder Isaiah Jackson.,0.0,-1.45,1.500068753456917,4.0,-0.46216093721192353,2.437112276331227,1.621,3.211,thrown_by_redsox
832037,2026-03-24,404eecbb-1552-3233-ad67-8188fc5e393f,7,67,3,Kody Clemens,Tommy Kahnle,4-Seam Fastball,94.3,swinging_strike,False,Double,Kody Clemens doubles (3) on a fly ball to right fielder Isaiah Jackson.,3.3344277499010335,1.8844277499010333,0.0,12.0,0.9858689791584194,3.084699157497118,1.621,3.211,thrown_by_redsox
832037,2026-03-24,66480b20-cc9b-3c38-8538-b3e2d5db8b29,7,67,4,Kody Clemens,Tommy Kahnle,Changeup,88.0,ball,False,Double,Kody Clemens doubles (3) on a fly ball to right fielder Isaiah Jackson.,6.262243592283566,4.812243592283566,0.0,14.0,0.5132809526831681,1.0991463673097028,1.621,3.211,thrown_by_redsox
832037,2026-03-24,332e4be1-41a5-3f9e-9884-35873f3699a2,7,67,5,Kody Clemens,Tommy Kahnle,4-Seam Fastball,94.7,ball,True,Double,Kody Clemens doubles (3) on a fly ball to right fielder Isaiah Jackson.,0.9063470253655277,-0.5436529746344723,0.0,1.0,-0.7835289187804606,2.8338977591449668,1.621,3.211,thrown_by_redsox
832037,2026-03-24,4b9a64b0-a539-3190-b31b-445f77c735fc,7,67,6,Kody Clemens,Tommy Kahnle,4-Seam Fastball,94.9,foul,True,Double,Kody Clemens doubles (3) on a fly ball to right fielder Isaiah Jackson.,0.1868998957486805,-1.2631001042513195,0.0,1.0,-0.72357499131239,3.1016116383806276,1.621,3.211,thrown_by_redsox
832037,2026-03-24,e2eab1d9-6a5e-3e28-9701-27a3dc4b93a5,7,67,7,Kody Clemens,Tommy Kahnle,Changeup,88.2,hit_into_play,False,Double,Kody Clemens doubles (3) on a fly ball to right fielder Isaiah Jackson.,4.485727568797687,3.035727568797687,0.0,14.0,0.2546642229682674,1.2471893692668594,1.621,3.211,thrown_by_redsox
832037,2026-03-24,4ec86339-82f0-380c-8cb4-f3aab2a26b24,7,68,1,Trevor Larnach,Tommy Kahnle,Slider,86.8,swinging_strike,True,Flyout,Trevor Larnach flies out to center fielder Braiden Ward.,0.0,-1.45,0.0,9.0,0.5954160327940103,1.7889947746085508,1.677,3.324,thrown_by_redsox
832037,2026-03-24,7e13a8a6-83ba-31f8-b932-6ac96be2f025,7,68,2,Trevor Larnach,Tommy Kahnle,Changeup,86.6,ball,False,Flyout,Trevor Larnach flies out to center fielder Braiden Ward.,5.630495608831856,4.180495608831857,0.0,13.0,-1.1367990276992521,1.4865071903763645,1.677,3.324,thrown_by_redsox
832037,2026-03-24,b38cb837-4add-3667-a93f-709bed662678,7,68,3,Trevor Larnach,Tommy Kahnle,4-Seam Fastball,95.1,hit_into_play,True,Flyout,Trevor Larnach flies out to center fielder Braiden Ward.,0.0,-1.45,3.51989058460697,6.0,0.29384245128275244,2.422507700185289,1.677,3.324,thrown_by_redsox
832037,2026-03-24,0e1ade09-e7b4-3c03-97b4-8b01090928b2,7,69,1,James Outman,Tommy Kahnle,4-Seam Fastball,94.2,called_strike,True,Home Run,James Outman homers (4) on a fly ball to right field. Irvin Nunez scores.,0.0,-1.45,1.7883366246126835,2.0,0.1732488688671021,3.02313861461561,1.662,3.293,thrown_by_redsox
832037,2026-03-24,2496591f-ef3a-331a-a192-1e8d81f93261,7,69,2,James Outman,Tommy Kahnle,Changeup,87.3,swinging_strike,True,Home Run,James Outman homers (4) on a fly ball to right field. Irvin Nunez scores.,0.0,-1.45,0.0,4.0,-0.6612040890928332,2.5450016041883097,1.662,3.293,thrown_by_redsox
832037,2026-03-24,4c90cc36-56d1-34a8-9e5a-7229833c4a5c,7,69,3,James Outman,Tommy Kahnle,Changeup,88.2,foul,False,Home Run,James Outman homers (4) on a fly ball to right field. Irvin Nunez scores.,1.979953392390975,0.5299533923909749,0.0,14.0,0.19323943893420426,1.4970038839674187,1.662,3.293,thrown_by_redsox
832037,2026-03-24,8cc80908-0b75-3f66-b083-a089e8e99151,7,69,4,James Outman,Tommy Kahnle,Changeup,88.1,foul,False,Home Run,James Outman homers (4) on a fly ball to right field. Irvin Nunez scores.,5.806861235229999,4.3568612352299985,0.0,14.0,0.023548334302605056,1.1780948970641667,1.662,3.293,thrown_by_redsox
832037,2026-03-24,6ac6d437-9431-3993-85e2-6a628bb1a166,7,69,5,James Outman,Tommy Kahnle,4-Seam Fastball,94.9,ball,False,Home Run,James Outman homers (4) on a fly ball to right field. Irvin Nunez scores.,7.848106116871438,6.398106116871438,0.0,11.0,-0.631914741003647,3.94700884307262,1.662,3.293,thrown_by_redsox
832037,2026-03-24,df9707ef-3a9f-322d-aa53-9c5006f5ab27,7,69,6,James Outman,Tommy Kahnle,4-Seam Fastball,93.1,hit_into_play,True,Home Run,James Outman homers (4) on a fly ball to right field. Irvin Nunez scores.,0.0,-1.45,1.9131964645695714,3.0,0.42773362795253567,2.8312631902898335,1.662,3.293,thrown_by_redsox
832037,2026-03-24,ad43b86e-e733-3144-95c9-4c3356231c30,7,70,1,Orlando Arcia,Tommy Kahnle,Slider,87.7,ball,True,Strikeout,Orlando Arcia strikes out swinging.,0.0,-1.45,0.0,8.0,0.21232141915621816,1.6874037734447453,1.6,3.171,thrown_by_redsox
832037,2026-03-24,154ebf5a-37e1-33e9-90ed-539c6743904a,7,70,2,Orlando Arcia,Tommy Kahnle,Changeup,86.6,called_strike,False,Strikeout,Orlando Arcia strikes out swinging.,13.631066624012256,12.181066624012256,0.0,11.0,-1.843922218667688,2.8391568339502298,1.6,3.171,thrown_by_redsox
832037,2026-03-24,25ab9249-2a68-364e-b6ac-44fe09b6ba64,7,70,3,Orlando Arcia,Tommy Kahnle,Changeup,87.9,foul,True,Strikeout,Orlando Arcia strikes out swinging.,0.0,-1.45,0.05986848396923178,7.0,-0.47249356940912035,1.7258223736641027,1.6,3.171,thrown_by_redsox
832037,2026-03-24,4f97c29c-64ed-361f-9dad-80bda3b89b73,7,70,4,Orlando Arcia,Tommy Kahnle,Slider,85.4,foul,False,Strikeout,Orlando Arcia strikes out swinging.,1.92604425456034,0.47604425456034,0.0,12.0,0.8685036878800283,3.091461503598442,1.6,3.171,thrown_by_redsox
832037,2026-03-24,054b6376-a482-3775-8a2e-a16b587f6d4b,7,70,5,Orlando Arcia,Tommy Kahnle,Changeup,85.4,ball,False,Strikeout,Orlando Arcia strikes out swinging.,3.7623581307024523,2.312358130702452,0.0,11.0,-0.005545644609149081,3.484529844225204,1.6,3.171,thrown_by_redsox
832037,2026-03-24,ac5370c8-521b-3253-b8c2-6ad1ac991552,7,70,6,Orlando Arcia,Tommy Kahnle,Changeup,88.0,ball,False,Strikeout,Orlando Arcia strikes out swinging.,8.952726343641132,7.502726343641132,0.0,14.0,1.454060528636761,2.036494011117872,1.6,3.171,thrown_by_redsox
832037,2026-03-24,7dbfd6bb-0f4f-3608-9a8a-0d41f7015b96,7,70,7,Orlando Arcia,Tommy Kahnle,Changeup,87.4,swinging_strike,False,Strikeout,Orlando Arcia strikes out swinging.,4.793413136868983,3.343413136868983,0.0,14.0,0.17631901690882334,1.2005489052609182,1.6,3.171,thrown_by_redsox
832037,2026-03-24,4163957a-1f58-3f12-955b-2d03cb0dcd1c,7,71,1,Caden Kendle,Tommy Kahnle,Changeup,85.8,ball,False,Groundout,"Caden Kendle grounds out, second baseman Isiah Kiner-Falefa to first baseman Freili Encarnacion.",7.45562602748595,6.00562602748595,0.0,14.0,0.8162880439976166,0.986207482329144,1.598,3.165,thrown_by_redsox
832037,2026-03-24,22473499-85fc-3f8b-973a-7f2219f063e8,7,71,2,Caden Kendle,Tommy Kahnle,Slider,84.6,called_strike,True,Groundout,"Caden Kendle grounds out, second baseman Isiah Kiner-Falefa to first baseman Freili Encarnacion.",0.0,-1.45,4.261249230134926,5.0,0.2320625641554228,2.4451527459840245,1.598,3.165,thrown_by_redsox
832037,2026-03-24,177898e5-d6a8-3208-85fc-036925de30a5,7,71,3,Caden Kendle,Tommy Kahnle,4-Seam Fastball,92.8,ball,False,Groundout,"Caden Kendle grounds out, second baseman Isiah Kiner-Falefa to first baseman Freili Encarnacion.",3.240046902228151,1.7900469022281507,0.0,12.0,0.9750558606320883,3.2047904249486976,1.598,3.165,thrown_by_redsox
832037,2026-03-24,18f199a8-59fb-3c25-8ba3-55384b962d55,7,71,4,Caden Kendle,Tommy Kahnle,Changeup,85.7,swinging_strike,True,Groundout,"Caden Kendle grounds out, second baseman Isiah Kiner-Falefa to first baseman Freili Encarnacion.",0.0,-1.45,4.28352497531161,5.0,-0.23020625205736578,2.627016850306743,1.598,3.165,thrown_by_redsox
832037,2026-03-24,2d155195-0d39-3b89-9b15-fd15df8edb10,7,71,5,Caden Kendle,Tommy Kahnle,Changeup,86.2,hit_into_play,True,Groundout,"Caden Kendle grounds out, second baseman Isiah Kiner-Falefa to first baseman Freili Encarnacion.",0.0,-1.45,2.723289375729043,4.0,-0.36022588535591304,2.4086710273216863,1.598,3.165,thrown_by_redsox
832037,2026-03-24,1fae80e2-61d0-365c-a1e9-6e82d97c566e,8,77,1,Tristan Gray,Cooper Adams,Cutter,87.9,ball,False,Groundout,"Tristan Gray grounds out, second baseman Isiah Kiner-Falefa to first baseman Freili Encarnacion.",4.468979392472705,3.018979392472705,0.0,11.0,-1.0800833369979894,3.2747125696412205,1.645,3.259,thrown_by_redsox
832037,2026-03-24,269de33a-1f71-3625-a84d-39b8c556c275,8,77,2,Tristan Gray,Cooper Adams,Sinker,97.3,foul,True,Groundout,"Tristan Gray grounds out, second baseman Isiah Kiner-Falefa to first baseman Freili Encarnacion.",0.0,-1.45,4.7314613624993695,5.0,-0.19287821979171915,2.6143282020094127,1.645,3.259,thrown_by_redsox
832037,2026-03-24,ee959bcf-72b6-3c8c-86c4-6354316b46c1,8,77,3,Tristan Gray,Cooper Adams,Slider,85.2,ball,True,Groundout,"Tristan Gray grounds out, second baseman Isiah Kiner-Falefa to first baseman Freili Encarnacion.",0.0,-1.45,1.6774809877833574,4.0,-0.44737658435138683,2.4677491542506957,1.645,3.259,thrown_by_redsox
832037,2026-03-24,bd09bc62-6871-307e-abbe-8438ca8f0681,8,77,4,Tristan Gray,Cooper Adams,Sinker,97.6,ball,False,Groundout,"Tristan Gray grounds out, second baseman Isiah Kiner-Falefa to first baseman Freili Encarnacion.",14.6172460422352,13.167246042235199,0.0,11.0,-1.9261038368529333,2.9892915799144357,1.645,3.259,thrown_by_redsox
832037,2026-03-24,d521fdc2-15e0-39a9-8209-a47048ed437b,8,77,5,Tristan Gray,Cooper Adams,Sinker,90.5,hit_into_play,False,Groundout,"Tristan Gray grounds out, second baseman Isiah Kiner-Falefa to first baseman Freili Encarnacion.",2.1858991824870824,0.7358991824870824,0.0,13.0,-0.8901582652072568,2.114080847679957,1.645,3.259,thrown_by_redsox
832037,2026-03-24,5c4e1983-8726-3bc3-865d-c953d3a750ed,8,78,1,Billy Amick,Cooper Adams,Cutter,89.6,hit_into_play,True,Flyout,Billy Amick flies out to left fielder Nelly Taylor.,0.0,-1.45,3.1120942683599004,8.0,0.09999696854557927,2.015174522363325,1.635,3.24,thrown_by_redsox
832037,2026-03-24,134f9e6f-95c1-39bc-badf-38c9a890665d,8,79,1,David Bañuelos,Cooper Adams,Sinker,97.0,hit_into_play,True,Groundout,"David Bañuelos grounds out, third baseman Vinny Capra to first baseman Freili Encarnacion.",0.0,-1.45,6.665002605178414,5.0,-0.03174978290179875,2.402872042637134,1.557,3.086,thrown_by_redsox
824541,2026-03-26,f1d4a556-32f4-3b82-b1cc-e2fb571f967b,1,6,1,TJ Friedl,Garrett Crochet,Sinker,94.9,called_strike,True,Groundout,TJ Friedl grounds out to first baseman Willson Contreras.,0.0,-1.45,2.6887780508428145,8.0,-0.1862919370940772,1.880898170903568,1.536,3.044,thrown_by_redsox
824541,2026-03-26,e5e0d486-b454-3095-8ccc-ee9c516f332f,1,6,2,TJ Friedl,Garrett Crochet,Sinker,96.0,hit_into_play,True,Groundout,TJ Friedl grounds out to first baseman Willson Contreras.,0.0,-1.45,1.017750778205116,6.0,0.5023541018162403,2.1309385635790514,1.536,3.044,thrown_by_redsox
824541,2026-03-26,8605f80d-15b5-3f8e-8ba6-9f6a92d8967c,1,7,1,Matt McLain,Garrett Crochet,Cutter,92.4,hit_into_play,True,Flyout,Matt McLain flies out sharply to left fielder Roman Anthony.,0.0,-1.45,0.0,2.0,-0.19146816638205566,3.0165201349898507,1.538,3.047,thrown_by_redsox
824541,2026-03-26,a8db06c0-c46a-31f5-828c-2535c689931f,1,8,1,Elly De La Cruz,Garrett Crochet,4-Seam Fastball,96.9,hit_into_play,True,Groundout,"Elly De La Cruz grounds out, second baseman Isiah Kiner-Falefa to first baseman Willson Contreras.",0.0,-1.45,0.0,9.0,0.6616490222786426,2.1238286627712206,1.746,3.46,thrown_by_redsox
824541,2026-03-26,7c14f652-72a2-3994-ab58-fe0347d3c11f,2,13,1,Sal Stewart,Garrett Crochet,Cutter,90.7,ball,False,Double,Sal Stewart doubles (1) on a sharp line drive to center fielder Ceddanne Rafaela.,6.103408611417336,4.653408611417335,0.0,13.0,-1.1463683111954532,1.377075849645025,1.635,3.239,thrown_by_redsox
824541,2026-03-26,64a2ea0e-a78d-31d4-8e58-e22987533d8a,2,13,2,Sal Stewart,Garrett Crochet,Cutter,92.6,foul,False,Double,Sal Stewart doubles (1) on a sharp line drive to center fielder Ceddanne Rafaela.,3.6464873259556407,2.1964873259556406,0.0,11.0,-1.0118739438296367,2.467586184914203,1.635,3.239,thrown_by_redsox
824541,2026-03-26,924a2694-c2b3-3103-90ce-b32138c4f087,2,13,3,Sal Stewart,Garrett Crochet,Cutter,89.9,foul,False,Double,Sal Stewart doubles (1) on a sharp line drive to center fielder Ceddanne Rafaela.,7.066618633527642,5.616618633527642,0.0,13.0,-1.2968848861273035,1.9307765535120573,1.635,3.239,thrown_by_redsox
824541,2026-03-26,63199fec-37e3-33fc-83bc-a9b65a3735dd,2,13,4,Sal Stewart,Garrett Crochet,Sweeper,84.4,hit_into_play,True,Double,Sal Stewart doubles (1) on a sharp line drive to center fielder Ceddanne Rafaela.,0.0,-1.45,1.8209206428530749,8.0,-0.2165985124230141,1.9075767202377563,1.635,3.239,thrown_by_redsox
824541,2026-03-26,f1c2af64-ecc4-3268-a776-a5cb18c755ee,2,14,1,Eugenio Suárez,Garrett Crochet,4-Seam Fastball,97.2,swinging_strike,True,Flyout,Eugenio Suárez flies out to right fielder Wilyer Abreu.,0.0,-1.45,3.3370483828721023,1.0,-0.30331943339219514,2.7720793014273246,1.6,3.171,thrown_by_redsox
824541,2026-03-26,33ecb71d-81dc-3983-86f9-7ae017222cd9,2,14,2,Eugenio Suárez,Garrett Crochet,4-Seam Fastball,96.9,hit_into_play,True,Flyout,Eugenio Suárez flies out to right fielder Wilyer Abreu.,0.0,-1.45,5.571918450031413,5.0,-0.12284012916404885,2.3174579918117186,1.6,3.171,thrown_by_redsox
824541,2026-03-26,85e2c387-e9bf-3610-8d7a-051729b5bfd3,2,15,1,Spencer Steer,Garrett Crochet,4-Seam Fastball,96.6,ball,False,Walk,Spencer Steer walks.,12.96093313168512,11.51093313168512,0.0,12.0,1.411784476521611,3.915301763916869,1.563,3.096,thrown_by_redsox
824541,2026-03-26,34d90eb3-46ec-32a2-beed-9b426edfcf88,2,15,2,Spencer Steer,Garrett Crochet,Sinker,96.7,ball,False,Walk,Spencer Steer walks.,4.5028191576751855,3.0528191576751853,0.0,12.0,0.9073415648794521,3.4139059500200086,1.563,3.096,thrown_by_redsox
824541,2026-03-26,f18c7688-97b9-3ee3-a870-0c13bf3949f1,2,15,3,Spencer Steer,Garrett Crochet,Cutter,91.0,ball,False,Walk,Spencer Steer walks.,9.43345157938612,7.983451579386118,0.0,11.0,-1.4941209649488432,2.719183770659985,1.563,3.096,thrown_by_redsox
824541,2026-03-26,ff722003-460e-3ccc-8bde-ff531fc19fd7,2,15,4,Spencer Steer,Garrett Crochet,Cutter,91.5,ball,False,Walk,Spencer Steer walks.,11.787285534881352,10.337285534881353,0.0,11.0,-1.690273794573446,2.993330022051758,1.563,3.096,thrown_by_redsox
824541,2026-03-26,07e04069-c998-3e08-93ed-97190c29167c,2,16,1,Tyler Stephenson,Garrett Crochet,Cutter,91.2,hit_into_play,True,Flyout,Tyler Stephenson flies out to left fielder Roman Anthony.,0.6560269516943906,-0.7939730483056093,0.0,1.0,-0.7626689126411992,3.0397500123779895,1.695,3.36,thrown_by_redsox
824541,2026-03-26,12486f65-bfca-379e-bc8f-1981aaf6dcf9,2,17,1,Noelvi Marte,Garrett Crochet,Cutter,89.2,ball,False,Strikeout,"Noelvi Marte strikes out swinging, catcher Carlos Narváez to first baseman Willson Contreras.",7.665928241894974,6.215928241894974,0.0,12.0,0.8050203688234971,3.9294170061076787,1.664,3.298,thrown_by_redsox
824541,2026-03-26,bb8b4071-8e02-362e-9e25-e98b18606e92,2,17,2,Noelvi Marte,Garrett Crochet,4-Seam Fastball,97.2,foul,True,Strikeout,"Noelvi Marte strikes out swinging, catcher Carlos Narváez to first baseman Willson Contreras.",0.0,-1.45,0.0,2.0,0.19095886004984397,3.2382792517578944,1.664,3.298,thrown_by_redsox
824541,2026-03-26,cb2f3b2e-acf7-377b-b015-eec0aed9b060,2,17,3,Noelvi Marte,Garrett Crochet,Sweeper,84.6,foul,False,Strikeout,"Noelvi Marte strikes out swinging, catcher Carlos Narváez to first baseman Willson Contreras.",2.8542096838476985,1.4042096838476985,0.0,11.0,-0.9458508069873082,2.6065131018149694,1.664,3.298,thrown_by_redsox
824541,2026-03-26,5d24cdbd-d36b-31b7-b40f-da6c1d6f5b61,2,17,4,Noelvi Marte,Garrett Crochet,Sweeper,83.1,blocked_ball,False,Strikeout,"Noelvi Marte strikes out swinging, catcher Carlos Narváez to first baseman Willson Contreras.",15.101118608789179,13.651118608789178,0.0,13.0,-0.5353253405005951,0.40557344926756844,1.664,3.298,thrown_by_redsox
824541,2026-03-26,64907806-7900-397a-9e02-6c8806649359,2,17,5,Noelvi Marte,Garrett Crochet,4-Seam Fastball,97.9,foul,False,Strikeout,"Noelvi Marte strikes out swinging, catcher Carlos Narváez to first baseman Willson Contreras.",3.0074952156516663,1.5574952156516662,0.0,12.0,0.7304316499829777,3.547618732986896,1.664,3.298,thrown_by_redsox
824541,2026-03-26,6d02e606-070b-3ab1-a12c-3f88123a9e27,2,17,6,Noelvi Marte,Garrett Crochet,Cutter,91.9,swinging_strike,False,Strikeout,"Noelvi Marte strikes out swinging, catcher Carlos Narváez to first baseman Willson Contreras.",3.018905465427067,1.5689054654270667,0.0,13.0,-0.6769419500532563,1.4124245445477444,1.664,3.298,thrown_by_redsox
824541,2026-03-26,db699ce4-2b2a-3655-8f91-0261535a31c0,3,22,1,Ke'Bryan Hayes,Garrett Crochet,4-Seam Fastball,95.9,ball,True,Lineout,Ke'Bryan Hayes lines out to right fielder Wilyer Abreu.,0.0,-1.45,0.0,7.0,-0.6470132335520171,1.7878209735595174,1.598,3.166,thrown_by_redsox
824541,2026-03-26,1f05c4d1-efc4-3ab9-a075-4d0eeaab7a1b,3,22,2,Ke'Bryan Hayes,Garrett Crochet,4-Seam Fastball,96.4,ball,False,Lineout,Ke'Bryan Hayes lines out to right fielder Wilyer Abreu.,2.3680093231581383,0.9180093231581381,0.0,12.0,0.8313546900186854,3.3200271778737576,1.598,3.166,thrown_by_redsox
824541,2026-03-26,a06674d2-9f27-30cc-ac45-fbaf44547c08,3,22,3,Ke'Bryan Hayes,Garrett Crochet,Cutter,89.9,called_strike,True,Lineout,Ke'Bryan Hayes lines out to right fielder Wilyer Abreu.,1.1605530640114177,-0.28944693598858234,0.0,9.0,0.8047127553342848,1.8868948470433655,1.598,3.166,thrown_by_redsox
824541,2026-03-26,824b15eb-82d5-362a-9239-c58f44aaa57c,3,22,4,Ke'Bryan Hayes,Garrett Crochet,4-Seam Fastball,95.6,foul,False,Lineout,Ke'Bryan Hayes lines out to right fielder Wilyer Abreu.,1.585383352662548,0.13538335266254803,0.0,12.0,0.7197908269445432,3.297588082469034,1.598,3.166,thrown_by_redsox
824541,2026-03-26,06afa220-9d30-395b-84aa-55cac8ebc192,3,22,5,Ke'Bryan Hayes,Garrett Crochet,4-Seam Fastball,97.5,hit_into_play,True,Lineout,Ke'Bryan Hayes lines out to right fielder Wilyer Abreu.,0.0,-1.45,1.2292459461509166,1.0,-0.4847295044874236,2.7539585193730223,1.598,3.166,thrown_by_redsox
824541,2026-03-26,f603e72e-f8c3-376f-801d-c20a8e4ee248,3,23,1,TJ Friedl,Garrett Crochet,Cutter,92.6,hit_into_play,True,Lineout,TJ Friedl lines out to shortstop Trevor Story.,0.0,-1.45,3.9703178551731657,5.0,-0.25630684540223614,2.006287596904933,1.536,3.044,thrown_by_redsox
824541,2026-03-26,61e29f50-df1c-3056-87e0-f854dc2c7421,3,24,1,Matt McLain,Garrett Crochet,Sinker,95.5,ball,False,Strikeout,Matt McLain strikes out swinging.,8.69456622342203,7.244566223422028,0.0,14.0,1.432547185285169,2.0383060012782668,1.538,3.047,thrown_by_redsox
824541,2026-03-26,bfe41971-c59d-38f4-8352-06c46f5f8a51,3,24,2,Matt McLain,Garrett Crochet,Sinker,95.2,called_strike,True,Strikeout,Matt McLain strikes out swinging.,0.0,-1.45,0.5803907778375665,7.0,-0.34494308248128647,1.707199231486464,1.538,3.047,thrown_by_redsox
824541,2026-03-26,36535aaf-b8eb-399b-99da-3dc7a154e330,3,24,3,Matt McLain,Garrett Crochet,Sweeper,83.5,foul,True,Strikeout,Matt McLain strikes out swinging.,0.0,-1.45,0.3006425818841391,9.0,0.2800323417213819,1.6838868818236783,1.538,3.047,thrown_by_redsox
824541,2026-03-26,c5f9e1eb-1648-3336-8a84-443641560a48,3,24,4,Matt McLain,Garrett Crochet,4-Seam Fastball,97.8,foul,True,Strikeout,Matt McLain strikes out swinging.,0.0,-1.45,0.0,3.0,0.5732686172029777,3.0018955463646018,1.538,3.047,thrown_by_redsox
824541,2026-03-26,8e0ef1df-9f6c-34f2-bc72-d10887139181,3,24,5,Matt McLain,Garrett Crochet,4-Seam Fastball,95.7,ball,False,Strikeout,Matt McLain strikes out swinging.,9.341210837613763,7.891210837613763,0.0,12.0,0.6754880534178458,3.8254342364678138,1.538,3.047,thrown_by_redsox
824541,2026-03-26,c90a13ed-cb8d-3294-9384-0d1bf6dc9a4a,3,24,6,Matt McLain,Garrett Crochet,Cutter,89.7,swinging_strike,True,Strikeout,Matt McLain strikes out swinging.,0.0,-1.45,2.1844015386627698,3.0,0.3167440622602826,2.744133205111436,1.538,3.047,thrown_by_redsox
824541,2026-03-26,77404381-b68f-33b8-bfe8-8d17d0ed68f0,4,28,1,Elly De La Cruz,Garrett Crochet,4-Seam Fastball,95.5,foul,True,Strikeout,"Elly De La Cruz strikes out swinging, catcher Carlos Narváez to first baseman Willson Contreras.",0.0,-1.45,1.6773986697063012,1.0,-0.4473834441911415,2.9983530845209563,1.746,3.46,thrown_by_redsox
824541,2026-03-26,409e7f2b-0572-3a7f-886a-d021309e1f3d,4,28,2,Elly De La Cruz,Garrett Crochet,4-Seam Fastball,96.0,ball,False,Strikeout,"Elly De La Cruz strikes out swinging, catcher Carlos Narváez to first baseman Willson Contreras.",6.41248226570844,4.96248226570844,0.0,12.0,1.24237352214237,2.887070899634563,1.746,3.46,thrown_by_redsox
824541,2026-03-26,8bf62862-5f4a-39c0-8f2d-ee5903a75ea4,4,28,3,Elly De La Cruz,Garrett Crochet,Changeup,88.4,called_strike,True,Strikeout,"Elly De La Cruz strikes out swinging, catcher Carlos Narváez to first baseman Willson Contreras.",0.0,-1.45,0.0,8.0,-0.1937723249122003,1.8276721004586873,1.746,3.46,thrown_by_redsox
824541,2026-03-26,f918d1ba-ddfa-3359-9fdd-3f00f1929690,4,28,4,Elly De La Cruz,Garrett Crochet,Sweeper,83.0,swinging_strike_blocked,False,Strikeout,"Elly De La Cruz strikes out swinging, catcher Carlos Narváez to first baseman Willson Contreras.",19.77500950833746,18.325009508337462,0.0,13.0,-1.6219994814018053,0.37478269418485954,1.746,3.46,thrown_by_redsox
824541,2026-03-26,13ae3e55-c4a2-3a2c-9270-6bc1482ec47c,4,29,1,Sal Stewart,Garrett Crochet,Cutter,93.6,hit_into_play,True,Groundout,"Sal Stewart grounds out, third baseman Caleb Durbin to first baseman Willson Contreras.",1.3309229142175747,-0.11907708578242532,0.0,4.0,-0.8189102428514645,2.735728754575698,1.635,3.239,thrown_by_redsox
824541,2026-03-26,e2b2c595-6b1d-3212-a490-1887234d35df,4,30,1,Eugenio Suárez,Garrett Crochet,Cutter,91.5,ball,False,Strikeout,"Carlos Narváez challenged (pitch result), call on the field was overturned: Eugenio Suárez called out on strikes.",4.569090074867268,3.119090074867268,0.0,13.0,-1.088757506238939,2.294758551920922,1.6,3.171,thrown_by_redsox
824541,2026-03-26,ff72fe6c-f4c7-3dd7-9f22-fa37e755b130,4,30,2,Eugenio Suárez,Garrett Crochet,4-Seam Fastball,96.0,ball,False,Strikeout,"Carlos Narváez challenged (pitch result), call on the field was overturned: Eugenio Suárez called out on strikes.",3.8702635061853146,2.4202635061853144,0.0,12.0,1.0305219588487762,3.1069649382945164,1.6,3.171,thrown_by_redsox
824541,2026-03-26,6ab7c964-9122-37f4-95d7-26d3715d7f3b,4,30,3,Eugenio Suárez,Garrett Crochet,4-Seam Fastball,97.5,foul_tip,False,Strikeout,"Carlos Narváez challenged (pitch result), call on the field was overturned: Eugenio Suárez called out on strikes.",3.084563148093258,1.6345631480932576,0.0,12.0,0.9650469290077714,2.6562511886978943,1.6,3.171,thrown_by_redsox
824541,2026-03-26,3d665033-f1ca-3b0b-be33-6e8362ecc110,4,30,4,Eugenio Suárez,Garrett Crochet,Cutter,89.9,foul,True,Strikeout,"Carlos Narváez challenged (pitch result), call on the field was overturned: Eugenio Suárez called out on strikes.",0.0,-1.45,1.64845084069127,7.0,-0.44979576327572746,1.9513240540598478,1.6,3.171,thrown_by_redsox
824541,2026-03-26,78ccf99d-61d0-35fc-9d8f-98e2c503dd68,4,30,5,Eugenio Suárez,Garrett Crochet,Sweeper,83.5,foul,True,Strikeout,"Carlos Narváez challenged (pitch result), call on the field was overturned: Eugenio Suárez called out on strikes.",0.0,-1.45,2.2237782179058865,4.0,-0.4018518151745094,2.1150628945768064,1.6,3.171,thrown_by_redsox
824541,2026-03-26,4dfea348-cd2a-3bc3-8908-10f905e3fec7,4,30,6,Eugenio Suárez,Garrett Crochet,4-Seam Fastball,96.4,foul,False,Strikeout,"Carlos Narváez challenged (pitch result), call on the field was overturned: Eugenio Suárez called out on strikes.",2.273211664167926,0.8232116641679259,0.0,11.0,-0.7875723214640606,3.3429116101351055,1.6,3.171,thrown_by_redsox
824541,2026-03-26,3fe1bce3-54d8-366a-a748-69ed1aece720,4,30,7,Eugenio Suárez,Garrett Crochet,Cutter,91.1,called_strike,True,Strikeout,"Carlos Narváez challenged (pitch result), call on the field was overturned: Eugenio Suárez called out on strikes.",0.0,-1.45,0.0,7.0,-0.469812511861432,1.6655460966714362,1.6,3.171,thrown_by_redsox
824541,2026-03-26,073ccfc3-77c8-3848-bdad-b2779d66c341,5,36,1,Spencer Steer,Garrett Crochet,Sinker,95.6,called_strike,False,Strikeout,Spencer Steer strikes out swinging.,2.09705814089768,0.6470581408976799,0.0,12.0,0.30376343771221537,3.2707548450748067,1.563,3.096,thrown_by_redsox
824541,2026-03-26,af1a9059-93e0-3cba-a732-62cb898998f3,5,36,2,Spencer Steer,Garrett Crochet,Cutter,90.7,foul,False,Strikeout,Spencer Steer strikes out swinging.,2.3548549058654134,0.9048549058654134,0.0,13.0,-0.9042379088221177,2.3232721460185632,1.563,3.096,thrown_by_redsox
824541,2026-03-26,f9292464-cc68-3e3a-80d8-12835379f0a3,5,36,3,Spencer Steer,Garrett Crochet,Sweeper,83.0,ball,False,Strikeout,Spencer Steer strikes out swinging.,22.194177192294827,20.744177192294828,0.0,13.0,-2.0186019789096754,0.25799911010721566,1.563,3.096,thrown_by_redsox
824541,2026-03-26,d62574a9-70b6-3960-879b-08a5ed3e7a1c,5,36,4,Spencer Steer,Garrett Crochet,4-Seam Fastball,96.4,ball,False,Strikeout,Spencer Steer strikes out swinging.,13.377178133337122,11.927178133337122,0.0,12.0,1.6931347703356878,3.617737618622236,1.563,3.096,thrown_by_redsox
824541,2026-03-26,94201cfa-5920-356e-a9e4-6b23a8e10519,5,36,5,Spencer Steer,Garrett Crochet,Sweeper,83.8,foul,False,Strikeout,Spencer Steer strikes out swinging.,8.360209122337817,6.910209122337818,0.0,13.0,-1.4046840935281515,1.7749769688697477,1.563,3.096,thrown_by_redsox
824541,2026-03-26,f443d73e-9cf7-39cd-bece-9a44cadce047,5,36,6,Spencer Steer,Garrett Crochet,Sinker,97.0,swinging_strike,True,Strikeout,Spencer Steer strikes out swinging.,0.0,-1.45,1.193406294611265,6.0,0.4877161421157279,2.48934405660629,1.563,3.096,thrown_by_redsox
824541,2026-03-26,4eee29d2-c6a3-379d-b3b8-f07a282d8875,5,37,1,Tyler Stephenson,Garrett Crochet,4-Seam Fastball,96.3,ball,False,Field Error,Tyler Stephenson reaches on a fielding error by third baseman Caleb Durbin.,5.400832026310896,3.950832026310896,0.0,12.0,1.158069335525908,3.0225723239539457,1.695,3.36,thrown_by_redsox
824541,2026-03-26,2e24aa28-4b49-3993-a3a0-a74b538c7f74,5,37,2,Tyler Stephenson,Garrett Crochet,Sinker,96.0,called_strike,True,Field Error,Tyler Stephenson reaches on a fielding error by third baseman Caleb Durbin.,0.0,-1.45,0.0,6.0,0.5892167153220536,2.363199644198739,1.695,3.36,thrown_by_redsox
824541,2026-03-26,1f5059e3-7dd1-373d-a641-1b26af972f9a,5,37,3,Tyler Stephenson,Garrett Crochet,Changeup,89.1,ball,False,Field Error,Tyler Stephenson reaches on a fielding error by third baseman Caleb Durbin.,11.825699840642104,10.375699840642103,0.0,13.0,-1.5830961651184623,1.241824922081884,1.695,3.36,thrown_by_redsox
824541,2026-03-26,dbd0f1ad-9820-383b-b14f-704098ceade7,5,37,4,Tyler Stephenson,Garrett Crochet,Cutter,89.1,hit_into_play,True,Field Error,Tyler Stephenson reaches on a fielding error by third baseman Caleb Durbin.,0.0,-1.45,5.544921113892155,5.0,0.0833384198293805,2.2779100928243463,1.695,3.36,thrown_by_redsox
824541,2026-03-26,1b3c9e2c-2f36-3ad1-bdd1-e8ad8e350dc3,5,38,1,Noelvi Marte,Garrett Crochet,Cutter,93.6,foul,True,Strikeout,Noelvi Marte called out on strikes.,0.0,-1.45,0.0,4.0,-0.6791974000066969,2.491591102559608,1.664,3.298,thrown_by_redsox
824541,2026-03-26,8bb2f3a3-5198-3775-b280-d53fad40a8dc,5,38,2,Noelvi Marte,Garrett Crochet,Cutter,88.5,foul,False,Strikeout,Noelvi Marte called out on strikes.,4.2539295600367355,2.8039295600367353,0.0,13.0,-1.0624941300030613,2.341689419007345,1.664,3.298,thrown_by_redsox
824541,2026-03-26,50457c87-522c-3498-a25f-633d093911e2,5,38,3,Noelvi Marte,Garrett Crochet,4-Seam Fastball,96.8,ball,False,Strikeout,Noelvi Marte called out on strikes.,8.325002872419851,6.875002872419852,0.0,12.0,1.401750239368321,2.518154741068151,1.664,3.298,thrown_by_redsox
824541,2026-03-26,bb7ca780-e549-3a53-8187-06cc88ee1ad5,5,38,4,Noelvi Marte,Garrett Crochet,4-Seam Fastball,96.7,called_strike,True,Strikeout,Noelvi Marte called out on strikes.,0.0,-1.45,2.845139875065911,8.0,-0.1409742502661615,2.021928322922159,1.664,3.298,thrown_by_redsox
824541,2026-03-26,3ab4363f-5978-3835-b439-a54bc6410909,5,39,1,Ke'Bryan Hayes,Garrett Crochet,4-Seam Fastball,97.7,hit_into_play,True,Lineout,Ke'Bryan Hayes lines out to left fielder Roman Anthony.,0.0,-1.45,0.7113724133052879,8.0,-0.15436254536531324,1.7781143677754407,1.598,3.166,thrown_by_redsox
824541,2026-03-26,18dfaef6-7258-35c0-a743-38b6802f3183,6,43,1,TJ Friedl,Garrett Crochet,Sinker,94.7,called_strike,True,Groundout,"TJ Friedl grounds out, shortstop Trevor Story to first baseman Willson Contreras.",0.0,-1.45,3.1220876723053035,4.0,-0.326992693974558,2.481033312903776,1.536,3.044,thrown_by_redsox
824541,2026-03-26,f4d598a2-5ab3-30a1-8b82-44cddd631dd0,6,43,2,TJ Friedl,Garrett Crochet,Cutter,88.8,ball,False,Groundout,"TJ Friedl grounds out, shortstop Trevor Story to first baseman Willson Contreras.",11.792531431085862,10.342531431085861,0.0,13.0,-1.6907109525904884,1.6627996877965074,1.536,3.044,thrown_by_redsox
824541,2026-03-26,1f2dfac2-594d-3e99-b737-f0d50f988614,6,43,3,TJ Friedl,Garrett Crochet,Sinker,95.9,hit_into_play,True,Groundout,"TJ Friedl grounds out, shortstop Trevor Story to first baseman Willson Contreras.",0.0,-1.45,4.449180680188911,5.0,0.18934022571831077,2.5524016099842575,1.536,3.044,thrown_by_redsox
824541,2026-03-26,f80d894a-ddb0-3be9-914f-9fc6d5da3ee5,6,44,1,Matt McLain,Garrett Crochet,4-Seam Fastball,96.7,ball,False,Walk,Matt McLain walks.,8.667065597520784,7.217065597520784,0.0,12.0,0.10421378179576646,3.7692554664600655,1.538,3.047,thrown_by_redsox
824541,2026-03-26,cd301c75-c43a-3c43-81d7-b5b679f52678,6,44,2,Matt McLain,Garrett Crochet,Sinker,94.5,ball,False,Walk,Matt McLain walks.,10.290616668716462,8.840616668716462,0.0,12.0,0.9779926904484713,3.8609400051494127,1.538,3.047,thrown_by_redsox
824541,2026-03-26,95bbdee2-3e2f-3fee-963b-71a351af2a54,6,44,3,Matt McLain,Garrett Crochet,Sinker,96.0,ball,False,Walk,Matt McLain walks.,6.507727471705026,5.057727471705026,0.0,12.0,0.8549019981629784,3.569035070053891,1.538,3.047,thrown_by_redsox
824541,2026-03-26,34cc2abf-e865-3a4e-8bd4-33168419baef,6,44,4,Matt McLain,Garrett Crochet,Sinker,96.4,called_strike,True,Walk,Matt McLain walks.,0.02615195357212219,-1.4238480464278778,0.0,6.0,0.7101793294643435,2.5699949049096267,1.538,3.047,thrown_by_redsox
824541,2026-03-26,4f3d7610-a1b9-3841-9a72-b8406cf59860,6,44,5,Matt McLain,Garrett Crochet,Sinker,96.1,ball,False,Walk,Matt McLain walks.,7.412075931278147,5.962075931278147,0.0,13.0,-0.8351287463596151,0.9335513175600205,1.538,3.047,thrown_by_redsox
824541,2026-03-26,a2b38c87-98c1-3620-b53b-cf87c865e15f,6,45,1,Elly De La Cruz,Garrett Crochet,Cutter,93.3,hit_into_play,True,Single,Elly De La Cruz singles on a line drive to center fielder Ceddanne Rafaela. Matt McLain to 2nd.,0.0,-1.45,0.0,1.0,-0.6622438546272802,2.9307329975766336,1.746,3.46,thrown_by_redsox
824541,2026-03-26,bcc8f3c2-3857-3a7d-bdd8-588472ac4197,6,46,1,Sal Stewart,Garrett Crochet,Cutter,93.6,hit_into_play,True,Single,Sal Stewart singles on a line drive to right fielder Wilyer Abreu. Matt McLain to 3rd. Elly De La Cruz to 2nd.,1.3647457931575042,-0.0852542068424958,0.0,4.0,-0.8217288160964586,2.3584520366425714,1.635,3.239,thrown_by_redsox
824541,2026-03-26,0d4276fb-9658-3307-b248-cca8cdad9cfb,6,47,1,Eugenio Suárez,Garrett Crochet,4-Seam Fastball,97.4,foul,True,Strikeout,Eugenio Suárez strikes out swinging.,0.0,-1.45,4.395280598832787,5.0,-0.220893283430601,2.4209432888756868,1.6,3.171,thrown_by_redsox
824541,2026-03-26,57b25691-50ec-38da-b6db-7486716d03ba,6,47,2,Eugenio Suárez,Garrett Crochet,4-Seam Fastball,97.1,ball,False,Strikeout,Eugenio Suárez strikes out swinging.,12.825899909693687,11.375899909693686,0.0,12.0,1.3515300932561747,4.024379097243282,1.6,3.171,thrown_by_redsox
824541,2026-03-26,2f0051a3-910b-3b88-943f-5f7002d44c69,6,47,3,Eugenio Suárez,Garrett Crochet,4-Seam Fastball,97.5,foul,True,Strikeout,Eugenio Suárez strikes out swinging.,0.0,-1.45,4.111652240443353,5.0,0.2445289799630539,2.4820626788751263,1.6,3.171,thrown_by_redsox
824541,2026-03-26,aac1df48-12e5-331c-9fbe-e161b911a7a3,6,47,4,Eugenio Suárez,Garrett Crochet,Cutter,90.1,swinging_strike,False,Strikeout,Eugenio Suárez strikes out swinging.,1.7528357271672075,0.30283572716720747,0.0,13.0,-0.6814058725427439,1.4539303560693995,1.6,3.171,thrown_by_redsox
824541,2026-03-26,6a520b26-de06-38c8-a8fb-d421d8ab0bd9,6,48,1,Spencer Steer,Garrett Crochet,4-Seam Fastball,97.5,ball,False,Strikeout,Spencer Steer strikes out swinging.,10.588536426278573,9.138536426278574,0.0,11.0,-1.5903780355232144,2.6981068399606407,1.563,3.096,thrown_by_redsox
824541,2026-03-26,995899e0-7851-3723-9456-33a54f77c769,6,48,2,Spencer Steer,Garrett Crochet,Sinker,96.3,swinging_strike,True,Strikeout,Spencer Steer strikes out swinging.,0.0,-1.45,0.28180444895934736,3.0,0.563682962586721,2.906665083873394,1.563,3.096,thrown_by_redsox
824541,2026-03-26,81f3f308-5cb7-3b71-a5d9-227c99edf14f,6,48,3,Spencer Steer,Garrett Crochet,4-Seam Fastball,98.3,swinging_strike,True,Strikeout,Spencer Steer strikes out swinging.,0.0,-1.45,0.0,3.0,0.6846794656931507,2.924605619646547,1.563,3.096,thrown_by_redsox
824541,2026-03-26,eddfebeb-3f0e-3de8-b9b0-f71d91f64f6b,6,48,4,Spencer Steer,Garrett Crochet,4-Seam Fastball,96.2,ball,False,Strikeout,Spencer Steer strikes out swinging.,9.873255982978723,8.423255982978722,0.0,12.0,1.4061067251787938,3.5314304363284084,1.563,3.096,thrown_by_redsox
824541,2026-03-26,6b8afd1b-44fc-3d0d-b1ce-b10d6cc050be,6,48,5,Spencer Steer,Garrett Crochet,4-Seam Fastball,98.3,ball,False,Strikeout,Spencer Steer strikes out swinging.,6.2129075297782075,4.762907529778207,0.0,11.0,-1.225742294148184,2.490192192334442,1.563,3.096,thrown_by_redsox
824541,2026-03-26,7755659b-f6c9-3bf1-9836-852ea91633b7,6,48,6,Spencer Steer,Garrett Crochet,Cutter,90.4,swinging_strike,True,Strikeout,Spencer Steer strikes out swinging.,0.0,-1.45,0.0,2.0,-0.2684301481379294,3.05000498175117,1.563,3.096,thrown_by_redsox
824541,2026-03-26,f3a49bb6-9c67-341f-91e1-8582813da7f3,7,54,1,Tyler Stephenson,Justin Slaten,Cutter,93.4,called_strike,True,Walk,Tyler Stephenson walks.,0.0,-1.45,1.5330139276332924,2.0,-0.19429009742360548,3.111415506030559,1.695,3.36,thrown_by_redsox
824541,2026-03-26,15dcffa2-071f-370a-ad62-e203793ef06c,7,54,2,Tyler Stephenson,Justin Slaten,Sweeper,86.6,ball,False,Walk,Tyler Stephenson walks.,2.4107221707844007,0.9607221707844007,0.0,14.0,0.561008002424664,1.4941064857679667,1.695,3.36,thrown_by_redsox
824541,2026-03-26,2428b94a-31f7-3570-ac9b-a7d1e1c6f3f9,7,54,3,Tyler Stephenson,Justin Slaten,Cutter,93.7,ball,False,Walk,Tyler Stephenson walks.,1.7678658990005056,0.3178658990005056,0.0,14.0,0.2314519668166367,1.547677841749958,1.695,3.36,thrown_by_redsox
824541,2026-03-26,33109671-69fb-3feb-b9e0-047e2728f169,7,54,4,Tyler Stephenson,Justin Slaten,Cutter,94.0,ball,False,Walk,Tyler Stephenson walks.,14.553829047872638,13.103829047872637,0.0,14.0,1.098519417528883,0.5467732266197514,1.695,3.36,thrown_by_redsox
824541,2026-03-26,58a258bd-1141-3384-92e4-52e650f07a47,7,54,5,Tyler Stephenson,Justin Slaten,Cutter,93.6,blocked_ball,False,Walk,Tyler Stephenson walks.,15.247558767085838,13.797558767085839,0.0,14.0,0.3883294582460375,0.4243701027428468,1.695,3.36,thrown_by_redsox
824541,2026-03-26,8a758fd9-223e-33eb-ae96-90fa95f0d222,7,55,1,Will Benson,Justin Slaten,Cutter,92.2,foul,True,Strikeout,Will Benson strikes out swinging.,0.0,-1.45,4.3212838018389625,5.0,0.2270596831800864,2.734703820746426,1.711,3.391,thrown_by_redsox
824541,2026-03-26,44b55714-d235-3048-b3c5-4580b4479f69,7,55,2,Will Benson,Justin Slaten,4-Seam Fastball,96.8,foul,True,Strikeout,Will Benson strikes out swinging.,1.3896576364283302,-0.06034236357166983,0.0,3.0,0.8238048030356941,3.0304845660682265,1.711,3.391,thrown_by_redsox
824541,2026-03-26,5fe3b1e3-bf60-3194-a654-f4008f628135,7,55,3,Will Benson,Justin Slaten,4-Seam Fastball,96.8,foul,True,Strikeout,Will Benson strikes out swinging.,0.0,-1.45,2.09915950001609,2.0,0.2004527858995221,3.0952367083319925,1.711,3.391,thrown_by_redsox
824541,2026-03-26,ab5a3d3e-39b7-3a71-b851-0b68aab68a22,7,55,4,Will Benson,Justin Slaten,Sweeper,86.4,swinging_strike,True,Strikeout,Will Benson strikes out swinging.,0.0,-1.45,0.0,9.0,0.47265630324504004,1.7853850614277151,1.711,3.391,thrown_by_redsox
824541,2026-03-26,895cbb61-4d3a-3f4e-bee4-f871cb843b3f,7,56,1,Ke'Bryan Hayes,Justin Slaten,Cutter,93.2,ball,False,Flyout,Ke'Bryan Hayes flies out to left fielder Roman Anthony.,2.2629469495027505,0.8129469495027508,0.0,14.0,0.7314735682766043,1.4108877400691826,1.598,3.166,thrown_by_redsox
824541,2026-03-26,66df60ad-9f56-3f0e-b8ee-2305971ed402,7,56,2,Ke'Bryan Hayes,Justin Slaten,Cutter,91.8,called_strike,True,Flyout,Ke'Bryan Hayes flies out to left fielder Roman Anthony.,0.0,-1.45,4.344787378039743,5.0,-0.22510105183002138,2.19798635485768,1.598,3.166,thrown_by_redsox
824541,2026-03-26,f8965d29-ce4c-3be9-be65-2f77ce8177b8,7,56,3,Ke'Bryan Hayes,Justin Slaten,Sweeper,85.0,hit_into_play,True,Flyout,Ke'Bryan Hayes flies out to left fielder Roman Anthony.,0.0,-1.45,0.0,8.0,0.008923415167430893,1.6117966099342098,1.598,3.166,thrown_by_redsox
824541,2026-03-26,4129604d-4d11-332e-a8a4-c7e7b5b885a4,7,57,1,TJ Friedl,Justin Slaten,Cutter,92.1,called_strike,False,Strikeout,TJ Friedl strikes out swinging.,1.5106738900715229,0.06067389007152285,0.0,11.0,-0.8338894908392935,2.395335572771832,1.536,3.044,thrown_by_redsox
824541,2026-03-26,c3b07e01-ba53-3326-9905-6716351d915c,7,57,2,TJ Friedl,Justin Slaten,4-Seam Fastball,96.3,blocked_ball,False,Strikeout,TJ Friedl strikes out swinging.,10.924816056302644,9.474816056302645,0.0,14.0,0.972968377187574,0.6650107030688064,1.536,3.044,thrown_by_redsox
824541,2026-03-26,00a6a919-64e9-30f4-b83a-a8c50abf3952,7,57,3,TJ Friedl,Justin Slaten,Cutter,92.5,ball,False,Strikeout,TJ Friedl strikes out swinging.,2.81923714147918,1.3692371414791802,0.0,13.0,-0.9429364284565983,1.7581905717698665,1.536,3.044,thrown_by_redsox
824541,2026-03-26,03e82d21-9b9f-36e0-8c76-e399a1c87e36,7,57,4,TJ Friedl,Justin Slaten,Cutter,91.4,foul,True,Strikeout,TJ Friedl strikes out swinging.,0.0,-1.45,1.4194448033575224,2.0,-0.034078864504365036,2.8048795997202065,1.536,3.044,thrown_by_redsox
824541,2026-03-26,9b32f192-1870-3c12-b618-9d5e4752d15d,7,57,5,TJ Friedl,Justin Slaten,Sweeper,85.2,swinging_strike,False,Strikeout,TJ Friedl strikes out swinging.,5.569605513041093,4.119605513041093,0.0,14.0,1.146975448888992,1.3852660195961555,1.536,3.044,thrown_by_redsox
824541,2026-03-26,46bde0f7-65cf-3baf-9c7c-1465012a6c2a,8,62,1,Matt McLain,Garrett Whitlock,Sinker,94.4,ball,False,Flyout,Matt McLain flies out to left fielder Roman Anthony.,6.278455178409304,4.828455178409304,0.0,11.0,-0.021990110620739745,3.5702045982007755,1.538,3.047,thrown_by_redsox
824541,2026-03-26,71036dc9-06a3-3b6a-be9d-d7accf4e951e,8,62,2,Matt McLain,Garrett Whitlock,Slider,83.2,called_strike,True,Flyout,Matt McLain flies out to left fielder Roman Anthony.,0.9742475127333856,-0.4757524872666144,0.0,9.0,0.5992264526671645,1.456812707272218,1.538,3.047,thrown_by_redsox
824541,2026-03-26,c7954bfb-d10e-3eaa-bfa8-fca3d4ec5094,8,62,3,Matt McLain,Garrett Whitlock,Slider,83.9,ball,False,Flyout,Matt McLain flies out to left fielder Roman Anthony.,9.994254230749423,8.544254230749424,0.0,14.0,1.366190388306842,1.0276745519368502,1.538,3.047,thrown_by_redsox
824541,2026-03-26,cc711bad-b332-3351-bf1e-4e47ae1c4bdc,8,62,4,Matt McLain,Garrett Whitlock,Sinker,94.8,ball,False,Flyout,Matt McLain flies out to left fielder Roman Anthony.,5.368535843901322,3.918535843901321,0.0,13.0,-1.0991382648409442,1.3208412538670622,1.538,3.047,thrown_by_redsox
824541,2026-03-26,9bc2ceff-adb1-3510-bc30-d0da8f3708cd,8,62,5,Matt McLain,Garrett Whitlock,Sinker,95.0,called_strike,True,Flyout,Matt McLain flies out to left fielder Roman Anthony.,0.0,-1.45,0.0,9.0,0.5900717971834559,1.7728428314185782,1.538,3.047,thrown_by_redsox
824541,2026-03-26,768b5a60-0b6f-395c-96ae-b9b9bd8acf0a,8,62,6,Matt McLain,Garrett Whitlock,Slider,85.2,hit_into_play,True,Flyout,Matt McLain flies out to left fielder Roman Anthony.,0.0,-1.45,3.9592936668211056,5.0,0.2572255277649078,2.3271575523323493,1.538,3.047,thrown_by_redsox
824541,2026-03-26,e2e3f368-c82d-3516-9286-2d01bf8f7460,8,63,1,Elly De La Cruz,Garrett Whitlock,Slider,85.8,called_strike,True,Strikeout,Elly De La Cruz strikes out swinging.,0.0,-1.45,0.0,7.0,-0.6235058593976407,1.8499755911296427,1.746,3.46,thrown_by_redsox
824541,2026-03-26,ec980e1f-1e9c-3d44-a7d3-d6436d6848c2,8,63,2,Elly De La Cruz,Garrett Whitlock,Changeup,84.9,swinging_strike,False,Strikeout,Elly De La Cruz strikes out swinging.,7.670996337739171,6.22099633773917,0.0,14.0,0.3898801297670901,1.1067503051884025,1.746,3.46,thrown_by_redsox
824541,2026-03-26,bf56ea52-4add-3e98-b401-051e390334f2,8,63,3,Elly De La Cruz,Garrett Whitlock,Slider,86.4,ball,False,Strikeout,Elly De La Cruz strikes out swinging.,18.324776712726027,16.874776712726025,0.0,14.0,0.12166411056742121,0.21893527393949785,1.746,3.46,thrown_by_redsox
824541,2026-03-26,cd7379ff-5417-37b3-a74e-48d44b69d331,8,63,4,Elly De La Cruz,Garrett Whitlock,Sinker,95.4,swinging_strike,True,Strikeout,Elly De La Cruz strikes out swinging.,1.0394692370824767,-0.4105307629175233,0.0,1.0,-0.5807405757752004,3.5466224364235397,1.746,3.46,thrown_by_redsox
824541,2026-03-26,f91bf81c-3db7-3d02-81b2-d094350796a3,8,64,1,Sal Stewart,Garrett Whitlock,Slider,85.1,called_strike,True,Double,Sal Stewart hits a ground-rule double (2) on a fly ball down the right-field line.,0.0,-1.45,0.46134122410027006,9.0,0.40003600162827957,1.7942784353416892,1.635,3.239,thrown_by_redsox
824541,2026-03-26,9c4ec313-c316-3364-b7dd-3551483f01e0,8,64,2,Sal Stewart,Garrett Whitlock,Sinker,94.5,swinging_strike,True,Double,Sal Stewart hits a ground-rule double (2) on a fly ball down the right-field line.,0.0,-1.45,0.0,4.0,-0.6263803363295555,2.446379252880188,1.635,3.239,thrown_by_redsox
824541,2026-03-26,d2c468b3-43c7-34cc-a5fb-12dae450d198,8,64,3,Sal Stewart,Garrett Whitlock,Changeup,84.8,ball,False,Double,Sal Stewart hits a ground-rule double (2) on a fly ball down the right-field line.,23.16131301285909,21.711313012859087,0.0,14.0,0.5912243620288815,-0.2951094177382574,1.635,3.239,thrown_by_redsox
824541,2026-03-26,ce237255-66fa-354b-bd6a-61d04cfcd867,8,64,4,Sal Stewart,Garrett Whitlock,Changeup,84.2,hit_into_play,True,Double,Sal Stewart hits a ground-rule double (2) on a fly ball down the right-field line.,0.0,-1.45,3.1890473494367573,8.0,0.01111757382190004,2.02158727911973,1.635,3.239,thrown_by_redsox
824541,2026-03-26,14b4874d-dd80-3728-bcb7-54d39e38fff7,8,65,1,Eugenio Suárez,Garrett Whitlock,Sinker,94.9,called_strike,True,Strikeout,Eugenio Suárez strikes out swinging.,0.0,-1.45,1.1372599272746216,9.0,0.49239500606044817,2.059858983555321,1.6,3.171,thrown_by_redsox
824541,2026-03-26,ec25a4b7-4bb6-3af4-b319-40d7fdbd86fd,8,65,2,Eugenio Suárez,Garrett Whitlock,Sinker,95.8,foul,True,Strikeout,Eugenio Suárez strikes out swinging.,0.0,-1.45,4.380606032765811,5.0,-0.2031269768500108,2.6851161639361822,1.6,3.171,thrown_by_redsox
824541,2026-03-26,fc1224e0-675f-3b43-9d51-0076ab5e6c87,8,65,3,Eugenio Suárez,Garrett Whitlock,Sinker,95.4,foul,True,Strikeout,Eugenio Suárez strikes out swinging.,1.284380734255845,-0.16561926574415492,0.0,3.0,0.8150317278546537,2.8371255872757932,1.6,3.171,thrown_by_redsox
824541,2026-03-26,f4a4fb29-28d3-3630-aba0-d1ca34499c8a,8,65,4,Eugenio Suárez,Garrett Whitlock,Changeup,85.8,swinging_strike,False,Strikeout,Eugenio Suárez strikes out swinging.,5.307173051252739,3.8571730512527385,0.0,14.0,1.0051983387057861,1.2724775343615269,1.6,3.171,thrown_by_redsox
824541,2026-03-26,e6b3a796-17f7-3956-b80e-99e650bf6113,9,73,1,Spencer Steer,Aroldis Chapman,4-Seam Fastball,96.6,hit_into_play,True,Flyout,Spencer Steer flies out sharply to left fielder Roman Anthony.,0.0,-1.45,0.0,4.0,-0.6180411608458848,2.5134169174495007,1.563,3.096,thrown_by_redsox
824541,2026-03-26,af89cd21-5b8d-3240-adf3-0e76c262c366,9,74,1,Tyler Stephenson,Aroldis Chapman,4-Seam Fastball,99.0,called_strike,False,Flyout,Tyler Stephenson flies out to center fielder Ceddanne Rafaela.,3.159610256820699,1.709610256820699,0.0,13.0,-0.9713008547350582,1.9308017545710099,1.695,3.36,thrown_by_redsox
824541,2026-03-26,37a7165c-a045-3194-ae64-51afcf0c3ece,9,74,2,Tyler Stephenson,Aroldis Chapman,Sinker,99.5,ball,False,Flyout,Tyler Stephenson flies out to center fielder Ceddanne Rafaela.,12.63874024996937,11.188740249969369,0.0,13.0,-1.009889477593574,0.6859644657726234,1.695,3.36,thrown_by_redsox
824541,2026-03-26,ce915465-3c3a-3982-9e78-871fa98c4ae6,9,74,3,Tyler Stephenson,Aroldis Chapman,Slider,86.7,ball,True,Flyout,Tyler Stephenson flies out to center fielder Ceddanne Rafaela.,0.2860199998138828,-1.1639800001861171,0.0,3.0,0.3163091215547547,3.38383499998449,1.695,3.36,thrown_by_redsox
824541,2026-03-26,36dee53a-7926-3786-8d36-f3d817660ab2,9,74,4,Tyler Stephenson,Aroldis Chapman,4-Seam Fastball,96.1,ball,False,Flyout,Tyler Stephenson flies out to center fielder Ceddanne Rafaela.,8.861539408378983,7.4115394083789825,0.0,12.0,0.3498950885507737,4.098461617364915,1.695,3.36,thrown_by_redsox
824541,2026-03-26,45024288-9a42-3c9d-a4b5-cb78588e07aa,9,74,5,Tyler Stephenson,Aroldis Chapman,4-Seam Fastball,95.9,hit_into_play,True,Flyout,Tyler Stephenson flies out to center fielder Ceddanne Rafaela.,0.0,-1.45,1.8417398655338237,4.0,-0.43368834453884797,2.808713717771375,1.695,3.36,thrown_by_redsox
824541,2026-03-26,33f55f2b-1f4b-38df-a4bf-a1054fc9d47c,9,75,1,Dane Myers,Aroldis Chapman,4-Seam Fastball,97.4,ball,False,Flyout,Dane Myers flies out to left fielder Roman Anthony.,4.842431583323852,3.3924315833238516,0.0,11.0,-1.1115359652769876,2.5786557725088004,1.622,3.214,thrown_by_redsox
824541,2026-03-26,8ca695a1-b64d-3f23-8daf-ee6f242bd90b,9,75,2,Dane Myers,Aroldis Chapman,Slider,84.2,ball,False,Flyout,Dane Myers flies out to left fielder Roman Anthony.,8.957371298445434,7.507371298445433,0.0,12.0,1.454447608203786,2.8444131321820225,1.622,3.214,thrown_by_redsox
824541,2026-03-26,1157d816-e37f-33a0-831d-38e1fb5df165,9,75,3,Dane Myers,Aroldis Chapman,4-Seam Fastball,96.4,called_strike,False,Flyout,Dane Myers flies out to left fielder Roman Anthony.,3.942619681347873,2.4926196813478727,0.0,11.0,-1.0365516401123227,2.665481008824957,1.622,3.214,thrown_by_redsox
824541,2026-03-26,1259dd5d-47bb-3580-a070-5d47e68dd892,9,75,4,Dane Myers,Aroldis Chapman,Slider,83.9,called_strike,True,Flyout,Dane Myers flies out to left fielder Roman Anthony.,0.0,-1.45,0.0,2.0,-0.012785919733339174,3.1228620637128115,1.622,3.214,thrown_by_redsox
824541,2026-03-26,4216946f-947e-36d4-a198-9ccf0394c8cf,9,75,5,Dane Myers,Aroldis Chapman,Splitter,89.9,hit_into_play,True,Flyout,Dane Myers flies out to left fielder Roman Anthony.,0.0,-1.45,3.1855455210727515,3.0,0.29243169821177795,2.827704539910604,1.622,3.214,thrown_by_redsox
